rule_id,metric_value,label
RULE-000,24.81,0
RULE-000,16.81,0
RULE-000,67.15,1
RULE-000,79.57,1
RULE-000,10.53,0
RULE-000,6.84,0
RULE-000,20.93,0
RULE-000,18.96,0
RULE-000,16.21,0
RULE-000,26.92,0
RULE-000,25.4,0
RULE-000,23.69,0
RULE-000,27.96,0
RULE-000,0.17,0
RULE-000,8.16,0
RULE-000,32.06,0
RULE-000,31.68,0
RULE-000,7.01,0
RULE-000,21.9,0
RULE-000,31.3,0
RULE-000,29.04,0
RULE-000,26.76,0
RULE-000,14.11,0
RULE-000,27.04,0
RULE-000,9.45,0
RULE-000,5.72,0
RULE-000,27.12,0
RULE-000,31.52,0
RULE-000,1.39,0
RULE-000,13.28,0
RULE-000,20.82,0
RULE-000,23.75,0
RULE-000,28.12,0
RULE-000,51.34,0
RULE-000,12.88,0
RULE-000,9.28,0
RULE-000,19.44,0
RULE-000,30.37,0
RULE-000,0.0,0
RULE-000,5.94,0
RULE-000,36.3,0
RULE-000,20.13,0
RULE-000,34.84,0
RULE-000,32.29,0
RULE-000,32.43,0
RULE-000,25.46,0
RULE-000,46.43,0
RULE-000,59.26,1
RULE-000,13.49,0
RULE-000,5.32,0
RULE-000,31.26,0
RULE-000,29.56,0
RULE-000,27.79,0
RULE-000,13.04,0
RULE-000,43.38,0
RULE-000,6.3,0
RULE-000,14.42,0
RULE-000,15.52,0
RULE-000,23.31,0
RULE-000,47.92,1
RULE-000,50.83,0
RULE-000,24.12,0
RULE-000,18.75,0
RULE-000,24.69,0
RULE-000,33.59,0
RULE-000,28.26,0
RULE-000,21.07,0
RULE-000,13.42,0
RULE-000,17.82,0
RULE-000,47.32,0
RULE-000,0.0,0
RULE-000,15.1,0
RULE-000,39.69,0
RULE-000,19.79,0
RULE-000,27.27,0
RULE-000,26.93,0
RULE-000,21.55,0
RULE-000,29.71,0
RULE-000,24.2,0
RULE-000,49.09,0
RULE-000,21.87,0
RULE-000,40.15,0
RULE-000,36.33,0
RULE-000,13.53,0
RULE-000,23.44,0
RULE-000,12.26,0
RULE-000,7.1,0
RULE-000,27.29,0
RULE-000,26.42,0
RULE-000,19.77,0
RULE-000,26.89,0
RULE-000,12.67,0
RULE-000,10.87,0
RULE-000,25.46,0
RULE-000,0.0,0
RULE-000,29.65,0
RULE-000,45.74,0
RULE-000,20.26,0
RULE-000,25.05,0
RULE-000,13.83,0
RULE-000,16.61,0
RULE-000,23.08,0
RULE-000,18.15,0
RULE-000,43.62,0
RULE-000,62.59,0
RULE-000,8.77,0
RULE-000,26.68,0
RULE-000,29.62,0
RULE-000,0.0,0
RULE-000,14.57,0
RULE-000,0.0,0
RULE-000,19.91,0
RULE-000,27.87,0
RULE-000,24.5,0
RULE-000,21.0,0
RULE-000,27.09,0
RULE-000,5.01,0
RULE-000,10.0,0
RULE-000,0.0,0
RULE-000,15.93,0
RULE-000,21.33,0
RULE-000,33.73,0
RULE-000,11.38,0
RULE-000,40.75,0
RULE-000,64.8,0
RULE-000,19.94,0
RULE-000,17.42,0
RULE-000,51.27,0
RULE-000,15.04,0
RULE-000,26.09,0
RULE-000,0.0,0
RULE-000,0.0,0
RULE-000,68.66,1
RULE-000,10.11,0
RULE-000,24.77,0
RULE-000,25.31,0
RULE-000,17.83,0
RULE-000,38.37,0
RULE-000,13.43,0
RULE-000,12.57,0
RULE-000,23.71,0
RULE-000,15.54,0
RULE-000,43.28,0
RULE-000,20.89,0
RULE-000,19.44,0
RULE-000,3.5,0
RULE-000,88.66,1
RULE-000,32.96,0
RULE-000,29.31,0
RULE-000,5.18,0
RULE-000,10.15,0
RULE-000,47.05,0
RULE-000,27.75,0
RULE-000,14.94,0
RULE-000,25.58,0
RULE-000,0.0,0
RULE-000,37.73,0
RULE-000,45.76,0
RULE-000,30.64,0
RULE-000,38.49,1
RULE-000,5.15,0
RULE-000,47.19,0
RULE-000,24.29,0
RULE-000,10.62,0
RULE-000,38.7,0
RULE-000,1.39,0
RULE-000,9.34,0
RULE-000,23.19,0
RULE-000,29.02,0
RULE-000,21.67,0
RULE-000,30.93,0
RULE-000,18.15,0
RULE-000,36.8,0
RULE-000,18.42,0
RULE-000,28.6,0
RULE-000,18.83,0
RULE-000,31.44,0
RULE-000,29.34,0
RULE-000,7.83,0
RULE-000,10.49,0
RULE-000,19.75,0
RULE-000,84.99,1
RULE-000,0.0,0
RULE-000,15.29,0
RULE-000,17.03,0
RULE-000,24.2,0
RULE-000,10.25,0
RULE-000,44.21,0
RULE-000,15.4,0
RULE-000,33.11,0
RULE-000,30.08,0
RULE-000,30.37,0
RULE-000,35.48,0
RULE-000,9.8,0
RULE-000,31.35,0
RULE-000,20.4,0
RULE-000,11.97,0
RULE-000,8.05,0
RULE-000,0.0,0
RULE-000,25.19,0
RULE-000,34.21,0
RULE-000,28.53,0
RULE-000,29.65,0
RULE-000,0.15,0
RULE-000,21.31,0
RULE-000,23.19,0
RULE-000,23.42,0
RULE-000,16.17,0
RULE-000,27.42,0
RULE-000,39.73,0
RULE-000,19.59,0
RULE-000,19.21,0
RULE-000,31.38,0
RULE-000,29.09,0
RULE-000,16.12,0
RULE-000,19.89,0
RULE-000,0.0,0
RULE-000,26.85,0
RULE-000,0.0,0
RULE-000,1.94,0
RULE-000,17.34,0
RULE-000,4.85,0
RULE-000,37.95,0
RULE-000,7.13,0
RULE-000,20.7,0
RULE-000,39.38,0
RULE-000,12.9,0
RULE-000,12.73,0
RULE-000,18.78,0
RULE-000,31.98,0
RULE-000,22.79,0
RULE-000,40.76,0
RULE-000,6.42,0
RULE-000,29.53,0
RULE-000,0.0,0
RULE-000,34.29,0
RULE-000,34.5,0
RULE-000,2.57,0
RULE-000,50.73,1
RULE-000,38.29,0
RULE-000,1.05,0
RULE-000,31.16,0
RULE-000,22.1,0
RULE-000,29.6,0
RULE-000,53.69,1
RULE-000,37.61,0
RULE-000,13.55,0
RULE-000,21.79,0
RULE-000,50.53,1
RULE-000,74.67,1
RULE-000,30.14,0
RULE-000,31.55,0
RULE-000,23.21,0
RULE-000,31.9,0
RULE-000,20.69,0
RULE-000,0.0,0
RULE-000,36.86,0
RULE-000,22.39,0
RULE-000,6.72,0
RULE-000,1.55,0
RULE-000,28.83,0
RULE-000,61.28,1
RULE-000,34.3,0
RULE-000,34.52,0
RULE-000,13.27,0
RULE-000,0.0,0
RULE-000,20.29,0
RULE-000,13.8,0
RULE-000,22.74,0
RULE-000,22.29,0
RULE-000,33.32,0
RULE-000,16.89,0
RULE-000,13.54,0
RULE-000,2.92,0
RULE-000,31.02,0
RULE-000,5.78,0
RULE-000,22.88,0
RULE-000,8.31,0
RULE-000,8.2,0
RULE-000,19.92,0
RULE-000,47.13,0
RULE-000,41.27,0
RULE-000,16.59,0
RULE-000,6.62,0
RULE-000,17.32,0
RULE-000,44.42,0
RULE-000,0.5,0
RULE-000,28.89,0
RULE-000,23.13,0
RULE-000,15.41,0
RULE-000,2.51,0
RULE-000,24.4,0
RULE-000,69.06,1
RULE-000,13.57,0
RULE-000,5.6,0
RULE-000,43.55,0
RULE-000,52.75,0
RULE-000,22.44,0
RULE-000,0.0,0
RULE-000,21.99,0
RULE-000,0.0,0
RULE-000,21.74,0
RULE-000,16.3,0
RULE-000,9.72,0
RULE-000,6.59,0
RULE-000,17.66,0
RULE-000,17.28,0
RULE-000,10.23,0
RULE-000,22.75,0
RULE-000,26.67,0
RULE-000,24.07,0
RULE-000,28.93,0
RULE-000,36.47,0
RULE-000,17.99,0
RULE-000,23.67,0
RULE-000,29.37,0
RULE-000,53.61,1
RULE-000,18.1,0
RULE-000,18.13,0
RULE-000,13.82,0
RULE-000,32.52,0
RULE-000,7.88,0
RULE-000,22.11,0
RULE-000,24.34,0
RULE-000,26.28,0
RULE-000,8.24,0
RULE-000,27.53,0
RULE-000,22.88,0
RULE-000,27.07,0
RULE-000,20.12,0
RULE-000,22.79,0
RULE-000,11.15,0
RULE-000,0.0,0
RULE-000,29.69,0
RULE-000,7.12,0
RULE-000,7.76,0
RULE-000,22.78,0
RULE-000,29.24,0
RULE-000,22.8,0
RULE-000,68.73,1
RULE-000,11.17,0
RULE-000,14.22,0
RULE-000,16.1,0
RULE-000,6.34,0
RULE-000,24.77,0
RULE-000,2.22,0
RULE-000,5.46,0
RULE-000,27.96,0
RULE-000,22.75,0
RULE-000,15.82,0
RULE-000,20.26,0
RULE-000,3.06,0
RULE-000,12.6,0
RULE-000,1.2,0
RULE-000,14.92,0
RULE-000,64.26,1
RULE-000,15.93,0
RULE-000,29.47,0
RULE-000,29.35,0
RULE-000,5.4,0
RULE-000,15.42,0
RULE-000,54.71,1
RULE-000,1.34,0
RULE-000,23.94,0
RULE-000,4.1,0
RULE-000,10.7,0
RULE-000,13.44,0
RULE-000,30.18,0
RULE-000,10.51,0
RULE-000,38.37,0
RULE-000,26.93,0
RULE-000,4.84,0
RULE-000,4.67,0
RULE-000,52.05,0
RULE-000,39.85,0
RULE-000,18.92,0
RULE-000,25.21,0
RULE-000,32.06,0
RULE-000,20.94,0
RULE-000,11.39,0
RULE-000,1.27,0
RULE-000,28.2,0
RULE-000,12.73,0
RULE-000,14.14,0
RULE-000,14.79,0
RULE-000,18.47,0
RULE-000,13.9,0
RULE-000,21.97,0
RULE-000,17.06,0
RULE-000,4.82,0
RULE-000,30.27,0
RULE-000,19.14,0
RULE-000,34.39,0
RULE-000,12.88,0
RULE-000,16.51,0
RULE-000,43.62,0
RULE-000,0.0,0
RULE-000,19.17,0
RULE-000,0.0,0
RULE-000,0.0,0
RULE-000,8.46,0
RULE-000,17.43,0
RULE-000,9.08,0
RULE-000,23.63,0
RULE-000,11.62,0
RULE-000,16.13,0
RULE-000,63.36,1
RULE-000,0.0,0
RULE-000,7.61,0
RULE-000,0.0,0
RULE-000,35.71,0
RULE-000,24.01,0
RULE-000,30.49,0
RULE-000,10.16,0
RULE-000,18.01,0
RULE-000,6.88,0
RULE-000,0.0,0
RULE-000,27.08,0
RULE-000,5.03,0
RULE-000,0.0,0
RULE-000,11.89,0
RULE-000,28.34,0
RULE-000,22.88,0
RULE-000,17.78,0
RULE-000,60.87,0
RULE-000,0.0,0
RULE-000,35.78,0
RULE-000,31.34,0
RULE-000,10.44,0
RULE-000,0.0,0
RULE-000,16.9,0
RULE-000,32.83,0
RULE-000,0.0,0
RULE-000,10.85,0
RULE-000,33.14,0
RULE-000,6.92,0
RULE-000,29.6,0
RULE-000,31.99,0
RULE-000,44.44,0
RULE-000,21.8,0
RULE-000,28.25,0
RULE-000,32.44,0
RULE-000,11.37,0
RULE-000,9.63,0
RULE-000,24.5,0
RULE-000,32.86,0
RULE-000,4.68,0
RULE-000,12.76,0
RULE-000,39.73,0
RULE-000,17.68,0
RULE-000,11.72,0
RULE-000,0.1,0
RULE-000,0.0,0
RULE-000,20.97,0
RULE-000,10.65,0
RULE-000,12.63,0
RULE-000,11.03,0
RULE-000,1.22,0
RULE-000,0.4,0
RULE-000,0.0,0
RULE-000,4.01,0
RULE-000,26.75,0
RULE-000,14.19,0
RULE-000,41.62,0
RULE-000,0.0,0
RULE-000,11.65,0
RULE-000,25.35,0
RULE-000,11.38,0
RULE-000,28.06,0
RULE-000,0.0,0
RULE-000,27.52,0
RULE-000,18.68,0
RULE-000,14.36,0
RULE-000,0.0,0
RULE-000,4.69,0
RULE-000,81.67,1
RULE-000,1.23,0
RULE-000,25.96,0
RULE-000,34.29,0
RULE-000,0.0,0
RULE-000,47.73,0
RULE-000,24.71,0
RULE-000,21.24,0
RULE-000,25.12,0
RULE-000,15.97,0
RULE-000,33.31,0
RULE-000,15.17,0
RULE-000,35.02,0
RULE-000,30.03,0
RULE-000,31.42,0
RULE-000,33.49,0
RULE-000,15.75,0
RULE-000,15.13,0
RULE-000,23.48,0
RULE-000,23.66,0
RULE-000,19.34,0
RULE-000,45.35,0
RULE-000,12.36,0
RULE-000,0.0,0
RULE-000,10.22,0
RULE-000,22.89,0
RULE-000,26.7,0
RULE-000,10.42,0
RULE-000,4.06,0
RULE-000,66.33,1
RULE-000,10.67,0
RULE-000,41.0,0
RULE-000,29.86,0
RULE-000,28.51,0
RULE-000,11.68,0
RULE-000,46.75,0
RULE-000,20.85,0
RULE-000,20.34,0
RULE-000,28.64,0
RULE-000,87.51,1
RULE-000,22.57,0
RULE-000,22.38,0
RULE-000,24.27,0
RULE-000,19.96,0
RULE-000,5.21,0
RULE-000,32.6,0
RULE-000,30.37,0
RULE-000,69.6,1
RULE-000,0.0,0
RULE-000,24.98,0
RULE-000,19.32,0
RULE-000,14.32,0
RULE-000,6.12,0
RULE-000,36.34,0
RULE-000,29.25,0
RULE-000,9.1,0
RULE-000,7.89,0
RULE-000,5.98,0
RULE-000,17.58,0
RULE-000,12.58,0
RULE-000,0.0,0
RULE-000,18.68,0
RULE-000,11.25,0
RULE-000,12.6,0
RULE-000,32.81,0
RULE-000,2.7,0
RULE-000,29.14,0
RULE-000,24.78,0
RULE-000,18.06,0
RULE-000,38.33,0
RULE-000,32.84,0
RULE-000,5.71,0
RULE-000,11.52,0
RULE-000,8.42,0
RULE-000,36.08,0
RULE-000,14.03,0
RULE-000,0.0,0
RULE-000,12.23,0
RULE-000,16.04,0
RULE-000,40.42,0
RULE-000,36.58,0
RULE-000,0.0,0
RULE-000,9.51,0
RULE-000,28.04,0
RULE-000,3.65,0
RULE-000,86.69,1
RULE-000,9.56,0
RULE-000,17.02,0
RULE-000,9.41,0
RULE-000,75.84,1
RULE-000,7.8,0
RULE-000,18.15,0
RULE-000,17.9,0
RULE-000,9.71,0
RULE-000,26.25,0
RULE-000,23.27,0
RULE-000,3.35,0
RULE-000,30.54,0
RULE-000,35.83,0
RULE-000,12.29,0
RULE-000,7.29,0
RULE-000,20.58,0
RULE-000,13.82,0
RULE-000,13.68,0
RULE-000,6.5,0
RULE-000,6.1,0
RULE-000,75.08,1
RULE-000,22.12,0
RULE-000,27.41,0
RULE-000,42.47,0
RULE-000,21.45,0
RULE-000,15.87,0
RULE-000,5.32,0
RULE-000,44.24,0
RULE-000,75.66,1
RULE-000,87.41,1
RULE-000,7.75,0
RULE-000,16.88,0
RULE-000,6.95,0
RULE-000,53.19,1
RULE-000,41.76,0
RULE-000,25.39,0
RULE-000,17.61,0
RULE-000,6.59,0
RULE-000,11.76,0
RULE-001,34.1,0
RULE-001,17.19,0
RULE-001,36.1,0
RULE-001,37.58,0
RULE-001,46.97,0
RULE-001,53.53,0
RULE-001,19.44,0
RULE-001,18.98,0
RULE-001,17.99,0
RULE-001,2.03,0
RULE-001,13.03,0
RULE-001,69.35,0
RULE-001,9.79,0
RULE-001,36.02,0
RULE-001,27.98,0
RULE-001,36.66,0
RULE-001,50.86,1
RULE-001,41.23,0
RULE-001,49.58,0
RULE-001,43.09,0
RULE-001,56.52,0
RULE-001,24.34,0
RULE-001,22.5,0
RULE-001,27.25,0
RULE-001,48.37,0
RULE-001,27.15,0
RULE-001,38.28,0
RULE-001,30.95,0
RULE-001,46.92,1
RULE-001,0.0,0
RULE-001,8.51,0
RULE-001,58.35,0
RULE-001,29.45,0
RULE-001,27.01,0
RULE-001,22.0,0
RULE-001,49.4,0
RULE-001,56.0,0
RULE-001,0.0,0
RULE-001,52.02,0
RULE-001,43.11,0
RULE-001,18.73,0
RULE-001,12.35,0
RULE-001,49.1,0
RULE-001,41.95,0
RULE-001,48.78,0
RULE-001,49.39,0
RULE-001,37.65,0
RULE-001,28.03,0
RULE-001,45.18,0
RULE-001,33.24,0
RULE-001,32.73,0
RULE-001,21.42,0
RULE-001,23.79,0
RULE-001,58.38,0
RULE-001,30.31,0
RULE-001,12.42,0
RULE-001,15.97,0
RULE-001,17.29,0
RULE-001,23.91,0
RULE-001,10.98,0
RULE-001,46.16,0
RULE-001,35.76,0
RULE-001,11.41,0
RULE-001,14.78,0
RULE-001,34.48,0
RULE-001,72.61,0
RULE-001,39.89,0
RULE-001,54.03,0
RULE-001,35.03,0
RULE-001,4.47,0
RULE-001,37.22,0
RULE-001,40.66,0
RULE-001,48.81,0
RULE-001,37.51,0
RULE-001,27.12,0
RULE-001,13.21,0
RULE-001,40.91,0
RULE-001,46.28,0
RULE-001,60.79,0
RULE-001,50.6,0
RULE-001,46.51,0
RULE-001,24.77,0
RULE-001,26.77,0
RULE-001,35.96,0
RULE-001,52.02,0
RULE-001,46.28,0
RULE-001,65.95,0
RULE-001,40.1,0
RULE-001,32.67,0
RULE-001,13.93,0
RULE-001,42.62,0
RULE-001,33.0,0
RULE-001,18.84,0
RULE-001,21.21,0
RULE-001,40.09,0
RULE-001,39.77,0
RULE-001,59.45,0
RULE-001,43.25,0
RULE-001,17.72,0
RULE-001,16.45,0
RULE-001,46.42,0
RULE-001,31.83,0
RULE-001,22.23,0
RULE-001,14.93,0
RULE-001,4.98,0
RULE-001,24.1,0
RULE-001,62.98,1
RULE-001,28.32,0
RULE-001,31.44,0
RULE-001,16.84,0
RULE-001,27.61,0
RULE-001,25.52,0
RULE-001,41.53,0
RULE-001,42.63,0
RULE-001,43.3,0
RULE-001,10.68,0
RULE-001,35.2,0
RULE-001,39.43,0
RULE-001,42.0,0
RULE-001,34.13,0
RULE-001,26.23,0
RULE-001,44.16,0
RULE-001,27.43,0
RULE-001,32.4,0
RULE-001,34.89,0
RULE-001,27.92,0
RULE-001,36.85,0
RULE-001,15.56,0
RULE-001,45.53,0
RULE-001,27.8,0
RULE-001,12.71,0
RULE-001,52.58,0
RULE-001,16.77,0
RULE-001,39.35,0
RULE-001,29.69,0
RULE-001,38.76,0
RULE-001,8.0,0
RULE-001,40.06,0
RULE-001,7.63,0
RULE-001,39.99,0
RULE-001,10.98,0
RULE-001,40.66,0
RULE-001,24.02,0
RULE-001,17.49,0
RULE-001,33.82,0
RULE-001,35.04,0
RULE-001,24.09,0
RULE-001,34.8,0
RULE-001,6.68,0
RULE-001,89.09,1
RULE-001,17.22,0
RULE-001,36.39,0
RULE-001,41.48,0
RULE-001,43.19,0
RULE-001,35.2,0
RULE-001,30.8,0
RULE-001,38.46,0
RULE-001,27.6,0
RULE-001,36.49,0
RULE-001,52.89,0
RULE-001,34.31,0
RULE-001,39.81,0
RULE-001,19.31,0
RULE-001,0.0,0
RULE-001,55.06,0
RULE-001,29.71,0
RULE-001,28.34,0
RULE-001,44.6,0
RULE-001,28.68,0
RULE-001,22.39,0
RULE-001,59.57,0
RULE-001,29.07,0
RULE-001,18.47,0
RULE-001,47.48,0
RULE-001,54.18,0
RULE-001,55.57,0
RULE-001,27.97,0
RULE-001,14.04,0
RULE-001,24.4,0
RULE-001,27.98,0
RULE-001,13.05,0
RULE-001,35.75,0
RULE-001,11.74,0
RULE-001,25.02,0
RULE-001,0.0,0
RULE-001,31.11,0
RULE-001,28.55,0
RULE-001,40.54,0
RULE-001,49.77,0
RULE-001,25.49,0
RULE-001,44.78,0
RULE-001,69.0,0
RULE-001,26.42,0
RULE-001,27.08,0
RULE-001,23.22,0
RULE-001,26.99,0
RULE-001,12.93,0
RULE-001,62.25,0
RULE-001,65.27,0
RULE-001,50.49,0
RULE-001,36.71,0
RULE-001,51.65,0
RULE-001,74.89,1
RULE-001,18.94,0
RULE-001,32.61,0
RULE-001,60.35,0
RULE-001,28.2,0
RULE-001,23.1,0
RULE-001,26.96,0
RULE-001,39.11,0
RULE-001,46.19,0
RULE-001,30.59,0
RULE-001,24.23,0
RULE-001,30.98,0
RULE-001,23.41,0
RULE-001,34.4,0
RULE-001,42.5,0
RULE-001,19.3,0
RULE-001,45.98,0
RULE-001,0.0,0
RULE-001,59.98,0
RULE-001,75.87,0
RULE-001,24.82,0
RULE-001,31.8,0
RULE-001,32.9,0
RULE-001,52.56,0
RULE-001,6.82,0
RULE-001,14.21,0
RULE-001,39.21,0
RULE-001,32.07,0
RULE-001,21.01,0
RULE-001,43.68,0
RULE-001,17.81,0
RULE-001,26.01,0
RULE-001,12.69,0
RULE-001,37.81,0
RULE-001,25.33,0
RULE-001,26.36,0
RULE-001,51.8,0
RULE-001,30.01,0
RULE-001,18.89,0
RULE-001,50.07,1
RULE-001,53.21,1
RULE-001,3.91,0
RULE-001,38.47,0
RULE-001,26.29,0
RULE-001,14.58,0
RULE-001,45.31,0
RULE-001,12.84,0
RULE-001,30.82,0
RULE-001,28.83,0
RULE-001,32.14,0
RULE-001,19.96,0
RULE-001,38.47,0
RULE-001,17.04,0
RULE-001,16.23,0
RULE-001,52.13,0
RULE-001,28.06,0
RULE-001,12.57,0
RULE-001,34.05,0
RULE-001,10.28,0
RULE-001,51.74,0
RULE-001,28.54,0
RULE-001,21.9,0
RULE-001,22.57,0
RULE-001,37.24,0
RULE-001,1.49,0
RULE-001,37.13,0
RULE-001,11.56,0
RULE-001,29.31,0
RULE-001,3.37,0
RULE-001,59.36,0
RULE-001,8.97,0
RULE-001,24.89,0
RULE-001,35.78,0
RULE-001,20.0,0
RULE-001,29.28,0
RULE-001,44.77,0
RULE-001,34.96,0
RULE-001,7.22,0
RULE-001,11.59,0
RULE-001,34.25,0
RULE-001,26.84,0
RULE-001,51.73,0
RULE-001,20.23,0
RULE-001,40.63,0
RULE-001,69.71,0
RULE-001,41.98,0
RULE-001,17.09,0
RULE-001,9.92,0
RULE-001,29.0,0
RULE-001,51.81,0
RULE-001,31.02,0
RULE-001,20.02,0
RULE-001,33.44,0
RULE-001,43.06,0
RULE-001,8.16,0
RULE-001,35.81,0
RULE-001,40.86,0
RULE-001,30.41,0
RULE-001,9.04,0
RULE-001,35.17,0
RULE-001,30.47,0
RULE-001,37.07,0
RULE-001,34.57,0
RULE-001,57.41,0
RULE-001,74.16,1
RULE-001,23.9,0
RULE-001,60.96,0
RULE-001,38.49,0
RULE-001,31.49,0
RULE-001,0.0,0
RULE-001,53.25,1
RULE-001,52.17,0
RULE-001,9.99,0
RULE-001,38.09,0
RULE-001,44.13,0
RULE-001,45.66,0
RULE-001,19.25,0
RULE-001,54.07,0
RULE-001,45.96,0
RULE-001,32.95,0
RULE-001,39.28,0
RULE-001,52.03,0
RULE-001,19.03,0
RULE-001,37.87,0
RULE-001,49.57,0
RULE-001,29.62,0
RULE-001,46.89,1
RULE-001,43.17,0
RULE-001,13.78,0
RULE-001,21.48,0
RULE-001,33.7,0
RULE-001,55.06,0
RULE-001,17.7,0
RULE-001,0.0,0
RULE-001,23.43,0
RULE-001,10.71,0
RULE-001,38.92,0
RULE-001,70.71,0
RULE-001,46.93,0
RULE-001,30.62,0
RULE-001,33.0,0
RULE-001,3.28,0
RULE-001,22.67,0
RULE-001,12.43,0
RULE-001,16.95,0
RULE-001,29.05,0
RULE-001,47.89,0
RULE-001,1.66,0
RULE-001,47.56,0
RULE-001,58.34,0
RULE-001,27.91,0
RULE-001,13.78,0
RULE-001,39.58,0
RULE-001,34.57,0
RULE-001,9.66,0
RULE-001,23.16,0
RULE-001,59.65,1
RULE-001,32.91,0
RULE-001,9.92,0
RULE-001,43.0,0
RULE-001,68.07,0
RULE-001,3.18,0
RULE-001,35.32,0
RULE-001,39.4,0
RULE-001,46.6,0
RULE-001,28.23,0
RULE-001,45.03,0
RULE-001,24.03,0
RULE-001,37.64,0
RULE-001,25.7,0
RULE-001,47.46,0
RULE-001,30.98,0
RULE-001,45.17,0
RULE-001,8.82,0
RULE-001,28.48,0
RULE-001,15.4,0
RULE-001,22.79,0
RULE-001,33.93,0
RULE-001,32.08,0
RULE-001,27.66,0
RULE-001,62.19,0
RULE-001,18.77,0
RULE-001,17.41,0
RULE-001,22.12,0
RULE-001,31.84,0
RULE-001,36.44,0
RULE-001,32.44,0
RULE-001,4.36,0
RULE-001,35.18,0
RULE-001,66.71,0
RULE-001,35.81,0
RULE-001,2.8,0
RULE-001,50.79,0
RULE-001,29.97,0
RULE-001,11.87,0
RULE-001,24.31,0
RULE-001,22.97,0
RULE-001,13.54,0
RULE-001,22.07,0
RULE-001,19.56,0
RULE-001,20.5,0
RULE-001,38.96,0
RULE-001,32.33,0
RULE-001,42.96,0
RULE-001,26.39,0
RULE-001,32.94,0
RULE-001,16.3,0
RULE-001,28.75,0
RULE-001,46.87,0
RULE-001,39.92,0
RULE-001,34.15,0
RULE-001,27.17,0
RULE-001,37.64,0
RULE-001,33.2,0
RULE-001,26.45,0
RULE-001,21.95,0
RULE-001,20.34,0
RULE-001,64.36,0
RULE-001,30.28,0
RULE-001,5.53,0
RULE-001,23.43,0
RULE-001,8.47,0
RULE-001,26.08,0
RULE-001,43.29,0
RULE-001,26.33,0
RULE-001,45.61,0
RULE-001,39.93,0
RULE-001,7.77,0
RULE-001,35.66,0
RULE-001,44.79,0
RULE-001,31.53,0
RULE-001,28.83,0
RULE-001,29.21,0
RULE-001,18.71,0
RULE-001,20.94,0
RULE-001,26.65,0
RULE-001,17.66,0
RULE-001,54.55,0
RULE-001,30.54,0
RULE-001,14.16,0
RULE-001,44.36,0
RULE-001,46.99,0
RULE-001,71.28,0
RULE-001,29.28,0
RULE-001,57.73,0
RULE-001,44.82,0
RULE-001,74.16,1
RULE-001,48.64,0
RULE-001,35.09,0
RULE-001,48.79,0
RULE-001,63.62,0
RULE-001,17.61,0
RULE-001,43.75,1
RULE-001,56.41,1
RULE-001,19.03,0
RULE-001,28.8,0
RULE-001,0.0,0
RULE-001,47.51,0
RULE-001,20.09,0
RULE-001,29.9,0
RULE-001,14.53,0
RULE-001,53.97,0
RULE-001,20.28,0
RULE-001,34.69,0
RULE-001,34.74,0
RULE-001,25.97,0
RULE-001,47.48,0
RULE-001,34.87,0
RULE-001,15.61,0
RULE-001,13.05,0
RULE-001,22.99,0
RULE-001,20.49,0
RULE-001,59.66,0
RULE-001,9.93,0
RULE-001,24.44,0
RULE-001,12.58,0
RULE-001,26.55,0
RULE-001,19.94,0
RULE-001,44.91,0
RULE-001,87.49,1
RULE-001,49.76,0
RULE-001,54.74,0
RULE-001,25.48,0
RULE-001,51.08,0
RULE-001,22.97,0
RULE-001,14.02,0
RULE-001,37.77,0
RULE-001,8.31,0
RULE-001,27.63,0
RULE-001,37.59,0
RULE-001,14.48,0
RULE-001,18.31,0
RULE-001,21.34,0
RULE-001,51.56,0
RULE-001,34.43,0
RULE-001,51.55,0
RULE-001,18.43,0
RULE-001,23.75,0
RULE-001,31.82,0
RULE-001,37.86,0
RULE-001,33.62,0
RULE-001,22.75,0
RULE-001,63.42,0
RULE-001,52.25,0
RULE-001,37.09,0
RULE-001,35.73,0
RULE-001,24.33,0
RULE-001,31.11,0
RULE-001,8.98,0
RULE-001,15.85,0
RULE-001,36.15,1
RULE-001,45.84,0
RULE-001,43.46,0
RULE-001,31.15,0
RULE-001,37.75,0
RULE-001,42.63,0
RULE-001,38.0,0
RULE-001,42.7,0
RULE-001,7.28,0
RULE-001,60.76,0
RULE-001,18.69,0
RULE-001,19.99,0
RULE-001,35.63,1
RULE-001,50.17,0
RULE-001,16.09,0
RULE-001,37.84,0
RULE-001,20.61,0
RULE-001,24.22,0
RULE-001,21.89,0
RULE-001,32.99,0
RULE-001,29.56,0
RULE-001,9.42,0
RULE-001,25.81,0
RULE-001,43.07,0
RULE-001,41.29,0
RULE-001,27.32,0
RULE-001,32.09,0
RULE-001,28.02,0
RULE-001,38.77,0
RULE-001,59.03,0
RULE-001,47.9,0
RULE-001,8.7,0
RULE-001,27.76,0
RULE-001,43.09,0
RULE-001,19.34,0
RULE-001,43.73,0
RULE-001,0.0,0
RULE-001,24.01,0
RULE-001,72.12,0
RULE-001,41.2,0
RULE-001,2.57,0
RULE-001,12.21,0
RULE-001,26.82,0
RULE-001,23.49,0
RULE-001,17.72,0
RULE-001,13.67,0
RULE-001,33.83,0
RULE-001,24.52,0
RULE-001,31.29,0
RULE-001,11.5,0
RULE-001,19.3,0
RULE-001,44.21,0
RULE-001,63.85,0
RULE-001,76.4,0
RULE-001,37.56,0
RULE-001,28.48,0
RULE-001,23.3,0
RULE-001,43.49,0
RULE-001,27.54,0
RULE-001,37.52,0
RULE-001,36.04,0
RULE-001,33.64,0
RULE-001,55.48,1
RULE-001,38.03,0
RULE-001,30.55,0
RULE-001,12.69,0
RULE-001,15.94,0
RULE-001,39.54,0
RULE-001,40.68,0
RULE-001,52.99,0
RULE-001,44.5,0
RULE-001,20.12,0
RULE-001,62.48,1
RULE-001,44.14,0
RULE-001,6.64,0
RULE-001,18.46,0
RULE-001,34.22,0
RULE-001,39.03,0
RULE-001,45.07,0
RULE-001,28.78,0
RULE-001,42.77,0
RULE-001,41.37,0
RULE-001,18.58,0
RULE-001,6.52,0
RULE-001,25.25,0
RULE-001,19.6,0
RULE-001,25.58,0
RULE-001,37.92,0
RULE-002,5.15,0
RULE-002,16.45,0
RULE-002,17.67,0
RULE-002,24.41,0
RULE-002,91.41,1
RULE-002,45.25,0
RULE-002,0.0,0
RULE-002,23.56,0
RULE-002,16.09,0
RULE-002,72.46,1
RULE-002,19.4,0
RULE-002,35.29,0
RULE-002,0.0,0
RULE-002,29.84,0
RULE-002,28.82,0
RULE-002,27.98,0
RULE-002,2.65,0
RULE-002,94.29,1
RULE-002,0.0,0
RULE-002,8.74,0
RULE-002,22.9,0
RULE-002,9.2,0
RULE-002,5.5,0
RULE-002,47.03,0
RULE-002,24.69,0
RULE-002,11.06,0
RULE-002,7.74,0
RULE-002,43.32,0
RULE-002,29.84,0
RULE-002,31.22,0
RULE-002,15.01,0
RULE-002,33.37,0
RULE-002,18.98,0
RULE-002,9.98,0
RULE-002,47.06,0
RULE-002,20.57,0
RULE-002,30.84,0
RULE-002,0.0,0
RULE-002,45.43,0
RULE-002,45.97,0
RULE-002,35.74,0
RULE-002,0.0,0
RULE-002,11.48,0
RULE-002,16.81,0
RULE-002,0.56,0
RULE-002,0.0,0
RULE-002,16.1,0
RULE-002,60.12,0
RULE-002,22.26,0
RULE-002,23.79,0
RULE-002,20.65,0
RULE-002,5.02,0
RULE-002,41.21,0
RULE-002,30.53,0
RULE-002,25.82,0
RULE-002,35.2,0
RULE-002,4.36,0
RULE-002,12.96,0
RULE-002,20.69,0
RULE-002,18.15,0
RULE-002,14.73,0
RULE-002,24.88,0
RULE-002,63.48,0
RULE-002,22.96,0
RULE-002,38.61,0
RULE-002,40.05,0
RULE-002,19.24,0
RULE-002,46.08,0
RULE-002,30.79,0
RULE-002,17.26,0
RULE-002,19.1,0
RULE-002,11.57,0
RULE-002,41.18,0
RULE-002,22.91,0
RULE-002,21.85,0
RULE-002,20.79,0
RULE-002,39.67,0
RULE-002,21.53,0
RULE-002,3.36,0
RULE-002,40.34,0
RULE-002,29.22,0
RULE-002,16.82,0
RULE-002,56.87,0
RULE-002,60.55,0
RULE-002,46.17,0
RULE-002,24.03,0
RULE-002,16.37,0
RULE-002,16.11,0
RULE-002,27.17,0
RULE-002,17.48,0
RULE-002,9.33,0
RULE-002,14.3,0
RULE-002,31.09,0
RULE-002,32.81,0
RULE-002,4.9,0
RULE-002,9.79,0
RULE-002,36.45,0
RULE-002,3.44,0
RULE-002,0.0,0
RULE-002,21.18,0
RULE-002,55.0,0
RULE-002,0.0,0
RULE-002,1.09,0
RULE-002,22.84,0
RULE-002,60.33,0
RULE-002,19.68,0
RULE-002,8.77,0
RULE-002,16.37,0
RULE-002,49.38,0
RULE-002,64.16,1
RULE-002,22.43,0
RULE-002,27.38,0
RULE-002,0.06,0
RULE-002,21.84,0
RULE-002,20.79,0
RULE-002,16.39,0
RULE-002,20.4,0
RULE-002,36.5,0
RULE-002,29.94,0
RULE-002,4.07,0
RULE-002,35.16,0
RULE-002,1.72,0
RULE-002,18.86,0
RULE-002,0.0,0
RULE-002,6.51,0
RULE-002,29.89,0
RULE-002,21.4,0
RULE-002,0.0,0
RULE-002,19.89,0
RULE-002,13.56,0
RULE-002,28.1,0
RULE-002,0.0,0
RULE-002,25.27,0
RULE-002,10.24,0
RULE-002,51.61,0
RULE-002,28.16,0
RULE-002,17.82,0
RULE-002,2.19,0
RULE-002,10.65,0
RULE-002,37.43,0
RULE-002,22.54,0
RULE-002,30.31,0
RULE-002,25.39,0
RULE-002,41.88,0
RULE-002,23.41,0
RULE-002,41.03,0
RULE-002,51.75,0
RULE-002,9.41,0
RULE-002,21.8,0
RULE-002,5.96,0
RULE-002,20.4,0
RULE-002,10.15,0
RULE-002,0.0,0
RULE-002,22.34,0
RULE-002,62.63,0
RULE-002,18.11,0
RULE-002,16.5,0
RULE-002,53.34,0
RULE-002,33.59,0
RULE-002,23.33,0
RULE-002,9.84,0
RULE-002,10.21,0
RULE-002,24.3,0
RULE-002,12.24,0
RULE-002,22.84,0
RULE-002,24.61,0
RULE-002,5.18,0
RULE-002,48.2,0
RULE-002,46.44,0
RULE-002,23.0,0
RULE-002,38.55,0
RULE-002,34.85,0
RULE-002,73.96,0
RULE-002,43.01,0
RULE-002,53.13,0
RULE-002,6.42,0
RULE-002,0.0,0
RULE-002,54.23,0
RULE-002,42.79,0
RULE-002,45.05,0
RULE-002,0.0,0
RULE-002,39.35,0
RULE-002,11.26,0
RULE-002,49.43,0
RULE-002,17.45,0
RULE-002,34.5,0
RULE-002,26.79,0
RULE-002,1.74,0
RULE-002,6.65,0
RULE-002,26.28,0
RULE-002,26.44,0
RULE-002,36.17,0
RULE-002,36.28,0
RULE-002,43.36,0
RULE-002,52.53,0
RULE-002,30.49,0
RULE-002,22.96,0
RULE-002,37.94,0
RULE-002,19.63,0
RULE-002,121.3,1
RULE-002,0.0,0
RULE-002,30.72,0
RULE-002,25.73,0
RULE-002,63.62,1
RULE-002,31.29,0
RULE-002,21.85,0
RULE-002,6.9,0
RULE-002,5.81,0
RULE-002,24.09,0
RULE-002,19.65,0
RULE-002,14.83,0
RULE-002,25.74,0
RULE-002,20.45,0
RULE-002,26.95,0
RULE-002,0.0,0
RULE-002,9.35,0
RULE-002,67.93,1
RULE-002,13.7,0
RULE-002,16.54,0
RULE-002,104.9,1
RULE-002,23.14,0
RULE-002,36.3,0
RULE-002,34.93,0
RULE-002,27.68,0
RULE-002,37.57,0
RULE-002,9.7,0
RULE-002,36.34,0
RULE-002,0.0,0
RULE-002,4.9,0
RULE-002,17.65,0
RULE-002,15.01,0
RULE-002,29.35,0
RULE-002,45.04,0
RULE-002,5.69,0
RULE-002,0.0,0
RULE-002,17.72,0
RULE-002,41.9,0
RULE-002,36.7,0
RULE-002,27.54,0
RULE-002,20.06,0
RULE-002,39.24,0
RULE-002,0.0,0
RULE-002,28.45,0
RULE-002,14.47,0
RULE-002,11.22,0
RULE-002,38.11,1
RULE-002,42.48,0
RULE-002,16.05,0
RULE-002,56.08,0
RULE-002,20.27,0
RULE-002,15.77,0
RULE-002,23.21,0
RULE-002,22.2,0
RULE-002,22.69,0
RULE-002,40.3,0
RULE-002,41.56,0
RULE-002,21.27,0
RULE-002,25.83,0
RULE-002,27.56,0
RULE-002,0.0,0
RULE-002,0.0,0
RULE-002,50.29,0
RULE-002,19.99,0
RULE-002,31.08,0
RULE-002,33.47,0
RULE-002,0.0,0
RULE-002,47.16,0
RULE-002,17.94,0
RULE-002,26.39,0
RULE-002,44.03,0
RULE-002,19.61,0
RULE-002,14.97,0
RULE-002,38.07,0
RULE-002,17.68,0
RULE-002,44.28,0
RULE-002,27.22,0
RULE-002,26.58,0
RULE-002,43.31,0
RULE-002,22.44,0
RULE-002,10.88,0
RULE-002,28.02,0
RULE-002,18.19,0
RULE-002,36.09,0
RULE-002,11.3,0
RULE-002,34.12,0
RULE-002,27.93,0
RULE-002,52.19,1
RULE-002,40.03,0
RULE-002,7.03,0
RULE-002,23.47,0
RULE-002,0.0,0
RULE-002,26.94,0
RULE-002,26.09,0
RULE-002,28.18,0
RULE-002,6.14,0
RULE-002,58.92,0
RULE-002,4.19,0
RULE-002,41.28,0
RULE-002,40.88,0
RULE-002,34.77,0
RULE-002,60.67,0
RULE-002,30.26,0
RULE-002,26.9,0
RULE-002,29.02,0
RULE-002,14.36,0
RULE-002,0.0,0
RULE-002,20.44,0
RULE-002,34.46,0
RULE-002,27.78,0
RULE-002,14.9,0
RULE-002,16.21,0
RULE-002,45.66,0
RULE-002,32.55,0
RULE-002,24.38,0
RULE-002,30.5,0
RULE-002,11.25,0
RULE-002,19.04,0
RULE-002,16.8,0
RULE-002,34.46,0
RULE-002,12.56,0
RULE-002,11.49,0
RULE-002,25.31,0
RULE-002,23.12,0
RULE-002,0.0,0
RULE-002,0.0,0
RULE-002,11.73,0
RULE-002,38.91,0
RULE-002,0.0,0
RULE-002,35.08,0
RULE-002,9.17,0
RULE-002,53.47,0
RULE-002,39.39,0
RULE-002,46.31,0
RULE-002,5.8,0
RULE-002,42.57,0
RULE-002,41.43,0
RULE-002,51.72,0
RULE-002,17.67,0
RULE-002,40.02,0
RULE-002,21.52,0
RULE-002,29.08,0
RULE-002,12.01,0
RULE-002,37.4,0
RULE-002,29.33,0
RULE-002,19.85,0
RULE-002,40.44,0
RULE-002,8.72,0
RULE-002,9.06,0
RULE-002,35.63,0
RULE-002,40.05,0
RULE-002,41.3,0
RULE-002,13.34,0
RULE-002,8.32,0
RULE-002,19.49,0
RULE-002,0.73,0
RULE-002,73.98,1
RULE-002,36.48,0
RULE-002,40.18,0
RULE-002,83.13,1
RULE-002,13.51,0
RULE-002,53.07,0
RULE-002,55.54,1
RULE-002,18.5,0
RULE-002,35.17,0
RULE-002,49.35,0
RULE-002,41.64,0
RULE-002,0.0,0
RULE-002,33.36,0
RULE-002,16.42,0
RULE-002,14.52,0
RULE-002,21.23,0
RULE-002,0.0,0
RULE-002,13.32,0
RULE-002,21.88,0
RULE-002,43.55,0
RULE-002,46.54,0
RULE-002,82.74,1
RULE-002,51.4,0
RULE-002,0.0,0
RULE-002,32.55,0
RULE-002,31.33,0
RULE-002,5.63,0
RULE-002,38.1,0
RULE-002,25.76,0
RULE-002,37.54,0
RULE-002,7.17,0
RULE-002,43.96,0
RULE-002,6.25,0
RULE-002,15.49,0
RULE-002,29.09,0
RULE-002,37.33,0
RULE-002,4.54,0
RULE-002,20.05,0
RULE-002,24.54,0
RULE-002,58.32,0
RULE-002,24.77,0
RULE-002,35.09,0
RULE-002,23.44,0
RULE-002,45.48,0
RULE-002,18.02,0
RULE-002,15.63,0
RULE-002,32.81,0
RULE-002,30.1,0
RULE-002,8.27,0
RULE-002,6.51,0
RULE-002,0.0,0
RULE-002,12.25,0
RULE-002,14.18,0
RULE-002,45.84,0
RULE-002,21.1,0
RULE-002,14.53,0
RULE-002,0.0,0
RULE-002,26.15,0
RULE-002,0.0,0
RULE-002,3.57,0
RULE-002,8.82,0
RULE-002,0.0,0
RULE-002,0.0,0
RULE-002,19.48,0
RULE-002,25.58,0
RULE-002,32.38,0
RULE-002,46.98,0
RULE-002,30.44,0
RULE-002,0.0,0
RULE-002,40.26,0
RULE-002,0.0,0
RULE-002,29.7,0
RULE-002,27.65,0
RULE-002,23.62,0
RULE-002,12.54,0
RULE-002,35.61,0
RULE-002,30.84,0
RULE-002,26.22,0
RULE-002,8.7,0
RULE-002,33.61,0
RULE-002,8.12,0
RULE-002,28.62,0
RULE-002,20.66,0
RULE-002,33.45,0
RULE-002,11.07,0
RULE-002,28.14,0
RULE-002,15.82,0
RULE-002,0.0,0
RULE-002,7.92,0
RULE-002,16.78,0
RULE-002,0.0,0
RULE-002,32.96,0
RULE-002,92.53,1
RULE-002,23.48,0
RULE-002,12.99,0
RULE-002,23.38,0
RULE-002,15.87,0
RULE-002,0.0,0
RULE-002,46.69,0
RULE-002,76.86,1
RULE-002,86.82,1
RULE-002,28.03,0
RULE-002,13.68,0
RULE-002,22.97,0
RULE-002,47.64,0
RULE-002,6.76,0
RULE-002,37.18,0
RULE-002,18.79,0
RULE-002,35.57,0
RULE-002,5.06,0
RULE-002,51.58,0
RULE-002,35.2,0
RULE-002,13.93,0
RULE-002,37.09,0
RULE-002,14.71,0
RULE-002,40.65,0
RULE-002,42.1,0
RULE-002,7.11,0
RULE-002,89.4,1
RULE-002,22.06,0
RULE-002,42.76,0
RULE-002,10.42,0
RULE-002,51.96,1
RULE-002,9.09,0
RULE-002,30.68,0
RULE-002,37.03,0
RULE-002,43.22,0
RULE-002,10.23,0
RULE-002,2.54,0
RULE-002,42.61,0
RULE-002,45.9,0
RULE-002,28.66,0
RULE-002,28.15,0
RULE-002,26.71,0
RULE-002,34.79,0
RULE-002,18.89,0
RULE-002,59.03,1
RULE-002,32.66,0
RULE-002,59.05,0
RULE-002,55.33,1
RULE-002,0.0,0
RULE-002,26.94,0
RULE-002,28.44,0
RULE-002,32.78,0
RULE-002,30.17,0
RULE-002,17.64,0
RULE-002,40.09,0
RULE-002,35.77,0
RULE-002,26.07,0
RULE-002,22.27,0
RULE-002,15.58,0
RULE-002,37.04,0
RULE-002,3.67,0
RULE-002,1.95,0
RULE-002,31.38,0
RULE-002,26.86,0
RULE-002,13.36,0
RULE-002,20.6,0
RULE-002,38.59,0
RULE-002,5.66,0
RULE-002,0.0,0
RULE-002,58.81,0
RULE-002,36.7,0
RULE-002,0.0,0
RULE-002,7.08,0
RULE-002,11.7,0
RULE-002,82.42,1
RULE-002,45.77,0
RULE-002,0.0,0
RULE-002,35.41,0
RULE-002,33.62,0
RULE-002,12.87,0
RULE-002,46.0,0
RULE-002,4.31,0
RULE-002,13.13,0
RULE-002,12.43,0
RULE-002,39.5,0
RULE-002,16.35,0
RULE-002,12.4,0
RULE-002,0.0,0
RULE-002,43.23,0
RULE-002,44.64,0
RULE-002,30.59,0
RULE-002,42.26,0
RULE-002,0.0,0
RULE-002,25.24,0
RULE-002,65.54,0
RULE-002,12.58,0
RULE-002,9.92,0
RULE-002,28.36,0
RULE-002,6.07,0
RULE-002,36.71,0
RULE-002,35.65,0
RULE-002,5.21,0
RULE-002,82.78,1
RULE-002,4.98,0
RULE-002,9.11,0
RULE-002,29.24,0
RULE-002,46.02,0
RULE-002,33.6,0
RULE-002,26.63,0
RULE-002,9.43,0
RULE-002,10.28,0
RULE-002,43.36,0
RULE-002,40.7,0
RULE-002,42.87,0
RULE-002,0.0,0
RULE-002,21.32,0
RULE-002,18.06,0
RULE-002,17.44,0
RULE-002,0.0,0
RULE-002,37.05,0
RULE-002,57.24,0
RULE-002,27.82,0
RULE-002,0.0,0
RULE-002,50.38,0
RULE-002,9.08,0
RULE-002,0.23,0
RULE-002,30.03,0
RULE-002,2.92,0
RULE-002,22.93,0
RULE-002,32.62,0
RULE-002,7.04,0
RULE-002,32.17,0
RULE-002,41.85,0
RULE-002,6.15,0
RULE-002,37.01,0
RULE-002,0.0,0
RULE-002,52.66,0
RULE-002,16.64,0
RULE-002,63.93,0
RULE-002,33.94,0
RULE-002,35.18,0
RULE-002,15.18,0
RULE-002,46.74,0
RULE-002,43.8,0
RULE-002,13.77,0
RULE-002,19.03,0
RULE-002,37.18,0
RULE-002,0.0,0
RULE-002,0.0,0
RULE-002,19.27,0
RULE-002,29.98,0
RULE-002,1.14,0
RULE-002,12.49,0
RULE-003,27.85,0
RULE-003,23.84,0
RULE-003,30.09,0
RULE-003,43.9,0
RULE-003,25.62,0
RULE-003,57.03,0
RULE-003,57.07,0
RULE-003,51.0,0
RULE-003,31.78,0
RULE-003,13.3,0
RULE-003,36.47,0
RULE-003,20.82,0
RULE-003,3.86,0
RULE-003,57.33,0
RULE-003,30.39,0
RULE-003,31.92,0
RULE-003,38.61,0
RULE-003,2.7,0
RULE-003,26.56,0
RULE-003,11.73,0
RULE-003,11.85,0
RULE-003,16.87,0
RULE-003,42.81,0
RULE-003,53.3,0
RULE-003,18.04,0
RULE-003,31.43,0
RULE-003,46.43,0
RULE-003,47.33,0
RULE-003,30.51,0
RULE-003,24.21,0
RULE-003,66.06,0
RULE-003,43.75,0
RULE-003,13.01,0
RULE-003,33.88,0
RULE-003,28.3,0
RULE-003,42.42,0
RULE-003,17.02,0
RULE-003,32.2,0
RULE-003,34.6,0
RULE-003,43.02,0
RULE-003,37.69,0
RULE-003,57.51,0
RULE-003,51.76,0
RULE-003,37.62,1
RULE-003,1.8,0
RULE-003,43.69,0
RULE-003,54.88,0
RULE-003,26.85,0
RULE-003,46.77,0
RULE-003,27.65,0
RULE-003,56.58,0
RULE-003,17.84,0
RULE-003,28.44,0
RULE-003,34.23,0
RULE-003,0.0,0
RULE-003,29.5,0
RULE-003,30.93,0
RULE-003,32.28,0
RULE-003,37.18,0
RULE-003,2.75,0
RULE-003,9.79,0
RULE-003,27.17,0
RULE-003,11.0,0
RULE-003,4.15,0
RULE-003,19.56,0
RULE-003,36.15,0
RULE-003,38.01,0
RULE-003,14.11,0
RULE-003,31.89,0
RULE-003,47.69,0
RULE-003,55.22,0
RULE-003,35.11,0
RULE-003,14.0,0
RULE-003,15.5,0
RULE-003,63.89,0
RULE-003,48.0,0
RULE-003,30.67,0
RULE-003,38.82,0
RULE-003,15.11,0
RULE-003,46.34,0
RULE-003,42.58,0
RULE-003,44.1,0
RULE-003,40.89,0
RULE-003,30.62,0
RULE-003,39.54,0
RULE-003,9.21,0
RULE-003,14.53,0
RULE-003,26.35,0
RULE-003,60.35,1
RULE-003,21.99,0
RULE-003,32.36,0
RULE-003,0.0,0
RULE-003,21.67,0
RULE-003,18.31,0
RULE-003,37.76,0
RULE-003,24.14,0
RULE-003,50.42,0
RULE-003,9.05,0
RULE-003,14.15,0
RULE-003,37.32,0
RULE-003,52.56,0
RULE-003,46.79,0
RULE-003,48.02,0
RULE-003,48.65,0
RULE-003,43.42,0
RULE-003,24.94,0
RULE-003,25.84,0
RULE-003,51.55,0
RULE-003,26.23,0
RULE-003,90.42,1
RULE-003,37.13,0
RULE-003,57.15,0
RULE-003,49.06,0
RULE-003,51.09,0
RULE-003,24.55,0
RULE-003,42.73,0
RULE-003,9.93,0
RULE-003,14.66,0
RULE-003,21.22,0
RULE-003,29.87,0
RULE-003,35.32,0
RULE-003,34.05,0
RULE-003,19.28,0
RULE-003,25.12,0
RULE-003,14.74,0
RULE-003,26.67,0
RULE-003,34.99,0
RULE-003,18.44,0
RULE-003,31.39,0
RULE-003,20.23,0
RULE-003,18.46,0
RULE-003,43.51,0
RULE-003,39.97,0
RULE-003,13.13,0
RULE-003,23.74,0
RULE-003,35.86,0
RULE-003,56.9,0
RULE-003,27.74,0
RULE-003,36.12,0
RULE-003,49.88,0
RULE-003,42.64,0
RULE-003,35.45,0
RULE-003,16.34,0
RULE-003,35.87,0
RULE-003,22.11,0
RULE-003,53.81,0
RULE-003,38.73,0
RULE-003,22.52,0
RULE-003,24.5,0
RULE-003,20.84,0
RULE-003,18.08,0
RULE-003,31.17,0
RULE-003,14.37,0
RULE-003,57.01,0
RULE-003,18.54,0
RULE-003,21.83,0
RULE-003,51.95,0
RULE-003,42.83,0
RULE-003,17.12,0
RULE-003,51.03,0
RULE-003,41.77,0
RULE-003,10.31,0
RULE-003,34.9,0
RULE-003,41.41,0
RULE-003,94.82,1
RULE-003,38.0,0
RULE-003,51.84,0
RULE-003,37.52,0
RULE-003,48.94,0
RULE-003,67.23,0
RULE-003,56.68,0
RULE-003,35.53,0
RULE-003,46.9,0
RULE-003,41.19,0
RULE-003,46.36,0
RULE-003,57.74,0
RULE-003,36.82,0
RULE-003,24.04,0
RULE-003,30.47,0
RULE-003,19.03,0
RULE-003,34.6,0
RULE-003,47.53,0
RULE-003,44.11,0
RULE-003,18.86,0
RULE-003,46.86,0
RULE-003,42.5,0
RULE-003,36.49,0
RULE-003,15.21,0
RULE-003,46.77,0
RULE-003,47.75,0
RULE-003,36.12,0
RULE-003,11.07,0
RULE-003,50.62,0
RULE-003,37.72,0
RULE-003,36.36,0
RULE-003,18.33,0
RULE-003,34.4,0
RULE-003,9.39,0
RULE-003,21.81,0
RULE-003,34.29,0
RULE-003,43.8,0
RULE-003,21.86,0
RULE-003,37.58,0
RULE-003,13.43,0
RULE-003,62.75,1
RULE-003,13.65,0
RULE-003,45.09,0
RULE-003,50.87,0
RULE-003,19.9,0
RULE-003,39.38,0
RULE-003,33.2,0
RULE-003,17.09,0
RULE-003,19.51,0
RULE-003,46.73,0
RULE-003,19.49,0
RULE-003,52.34,0
RULE-003,19.15,0
RULE-003,11.56,0
RULE-003,38.24,0
RULE-003,41.65,0
RULE-003,10.49,0
RULE-003,25.4,0
RULE-003,34.23,0
RULE-003,32.37,0
RULE-003,47.17,0
RULE-003,25.44,0
RULE-003,36.39,0
RULE-003,34.73,0
RULE-003,18.85,0
RULE-003,20.65,0
RULE-003,59.14,0
RULE-003,23.33,0
RULE-003,39.32,0
RULE-003,53.84,0
RULE-003,52.73,0
RULE-003,37.0,0
RULE-003,34.7,0
RULE-003,36.3,0
RULE-003,103.98,1
RULE-003,75.6,0
RULE-003,16.81,0
RULE-003,45.02,0
RULE-003,38.69,0
RULE-003,35.46,0
RULE-003,44.76,0
RULE-003,25.58,0
RULE-003,24.9,0
RULE-003,26.54,0
RULE-003,31.63,0
RULE-003,48.15,0
RULE-003,22.64,0
RULE-003,67.99,0
RULE-003,52.45,0
RULE-003,13.24,0
RULE-003,51.75,0
RULE-003,28.59,0
RULE-003,48.99,0
RULE-003,28.66,0
RULE-003,40.12,0
RULE-003,34.0,0
RULE-003,55.45,0
RULE-003,31.88,0
RULE-003,50.25,0
RULE-003,70.74,1
RULE-003,32.78,0
RULE-003,39.4,0
RULE-003,63.83,0
RULE-003,48.82,0
RULE-003,42.15,0
RULE-003,25.32,0
RULE-003,47.73,0
RULE-003,23.17,0
RULE-003,39.89,0
RULE-003,25.32,0
RULE-003,26.23,0
RULE-003,26.73,0
RULE-003,22.67,0
RULE-003,12.76,0
RULE-003,28.41,0
RULE-003,31.56,0
RULE-003,0.0,0
RULE-003,34.83,0
RULE-003,0.0,0
RULE-003,35.23,0
RULE-003,36.17,0
RULE-003,52.25,0
RULE-003,14.0,0
RULE-003,35.27,0
RULE-003,29.06,0
RULE-003,24.07,0
RULE-003,10.29,0
RULE-003,81.53,1
RULE-003,20.98,0
RULE-003,26.16,0
RULE-003,22.09,0
RULE-003,29.36,0
RULE-003,20.87,0
RULE-003,45.99,0
RULE-003,12.06,0
RULE-003,54.07,0
RULE-003,46.18,0
RULE-003,47.26,0
RULE-003,31.32,0
RULE-003,43.72,0
RULE-003,56.01,0
RULE-003,63.08,0
RULE-003,40.64,0
RULE-003,48.66,0
RULE-003,8.68,0
RULE-003,30.13,0
RULE-003,14.58,0
RULE-003,25.25,0
RULE-003,58.51,0
RULE-003,42.93,0
RULE-003,19.72,0
RULE-003,36.94,0
RULE-003,43.34,0
RULE-003,70.93,1
RULE-003,58.86,0
RULE-003,3.93,0
RULE-003,27.16,0
RULE-003,25.16,0
RULE-003,24.59,0
RULE-003,17.21,0
RULE-003,23.59,0
RULE-003,41.16,0
RULE-003,46.32,0
RULE-003,56.59,0
RULE-003,6.21,0
RULE-003,19.91,0
RULE-003,34.51,0
RULE-003,45.8,0
RULE-003,25.31,0
RULE-003,23.21,0
RULE-003,19.57,0
RULE-003,47.96,0
RULE-003,34.03,0
RULE-003,35.7,0
RULE-003,54.59,0
RULE-003,24.11,0
RULE-003,37.09,0
RULE-003,36.02,0
RULE-003,47.73,0
RULE-003,35.22,0
RULE-003,32.02,0
RULE-003,41.48,0
RULE-003,28.55,0
RULE-003,43.34,0
RULE-003,52.33,0
RULE-003,97.01,1
RULE-003,41.29,0
RULE-003,22.39,0
RULE-003,21.03,0
RULE-003,29.66,0
RULE-003,29.66,0
RULE-003,23.77,0
RULE-003,19.89,0
RULE-003,18.01,0
RULE-003,27.59,0
RULE-003,45.72,0
RULE-003,19.22,0
RULE-003,37.87,0
RULE-003,60.53,0
RULE-003,32.73,0
RULE-003,30.79,0
RULE-003,33.09,0
RULE-003,30.68,0
RULE-003,33.0,0
RULE-003,32.92,0
RULE-003,34.52,0
RULE-003,18.63,0
RULE-003,27.08,0
RULE-003,21.35,0
RULE-003,42.14,0
RULE-003,34.4,0
RULE-003,58.4,0
RULE-003,27.76,0
RULE-003,21.35,0
RULE-003,7.38,0
RULE-003,48.15,0
RULE-003,19.02,0
RULE-003,16.8,0
RULE-003,33.85,0
RULE-003,35.48,0
RULE-003,35.46,0
RULE-003,39.18,0
RULE-003,31.13,0
RULE-003,21.8,0
RULE-003,25.57,0
RULE-003,43.67,0
RULE-003,6.6,0
RULE-003,38.77,0
RULE-003,37.61,0
RULE-003,31.17,0
RULE-003,22.99,0
RULE-003,34.55,0
RULE-003,36.35,0
RULE-003,25.9,0
RULE-003,34.89,0
RULE-003,16.48,0
RULE-003,7.5,0
RULE-003,39.04,0
RULE-003,10.15,0
RULE-003,36.6,0
RULE-003,29.65,0
RULE-003,29.49,0
RULE-003,32.26,0
RULE-003,54.3,0
RULE-003,39.66,0
RULE-003,24.69,0
RULE-003,28.58,0
RULE-003,40.88,0
RULE-003,33.2,0
RULE-003,30.74,0
RULE-003,12.57,0
RULE-003,35.86,0
RULE-003,36.34,0
RULE-003,38.25,0
RULE-003,53.91,0
RULE-003,32.31,0
RULE-003,24.64,0
RULE-003,7.15,0
RULE-003,59.22,0
RULE-003,29.64,0
RULE-003,23.52,0
RULE-003,36.43,0
RULE-003,54.17,0
RULE-003,56.97,0
RULE-003,26.22,0
RULE-003,55.18,0
RULE-003,18.56,0
RULE-003,52.8,0
RULE-003,49.25,0
RULE-003,22.86,0
RULE-003,29.36,0
RULE-003,44.06,0
RULE-003,66.22,1
RULE-003,21.44,0
RULE-003,92.07,1
RULE-003,12.21,0
RULE-003,22.45,0
RULE-003,16.92,0
RULE-003,13.54,0
RULE-003,33.0,0
RULE-003,28.07,0
RULE-003,27.04,0
RULE-003,36.78,0
RULE-003,25.85,0
RULE-003,25.84,0
RULE-003,33.34,0
RULE-003,22.6,0
RULE-003,17.23,0
RULE-003,18.92,0
RULE-003,48.09,0
RULE-003,37.22,0
RULE-003,49.72,0
RULE-003,34.4,0
RULE-003,27.63,0
RULE-003,20.16,0
RULE-003,40.03,0
RULE-003,32.28,0
RULE-003,37.05,0
RULE-003,68.89,0
RULE-003,19.58,0
RULE-003,23.09,0
RULE-003,30.77,0
RULE-003,26.0,0
RULE-003,25.98,0
RULE-003,49.73,0
RULE-003,46.0,0
RULE-003,16.8,0
RULE-003,5.71,0
RULE-003,21.52,0
RULE-003,40.67,0
RULE-003,19.5,0
RULE-003,37.65,0
RULE-003,26.11,0
RULE-003,45.73,0
RULE-003,29.58,0
RULE-003,12.22,0
RULE-003,36.11,0
RULE-003,0.0,0
RULE-003,18.3,0
RULE-003,37.64,0
RULE-003,17.64,0
RULE-003,22.36,0
RULE-003,29.37,0
RULE-003,42.9,0
RULE-003,85.9,1
RULE-003,11.88,0
RULE-003,0.32,0
RULE-003,20.74,0
RULE-003,27.62,0
RULE-003,39.22,0
RULE-003,35.66,0
RULE-003,60.18,0
RULE-003,54.14,0
RULE-003,20.55,0
RULE-003,45.89,0
RULE-003,57.75,0
RULE-003,49.74,0
RULE-003,21.55,0
RULE-003,27.28,0
RULE-003,29.89,0
RULE-003,16.6,0
RULE-003,55.49,0
RULE-003,40.13,0
RULE-003,24.79,0
RULE-003,58.88,0
RULE-003,34.59,0
RULE-003,50.94,0
RULE-003,37.54,0
RULE-003,33.6,0
RULE-003,37.5,0
RULE-003,13.53,0
RULE-003,39.53,0
RULE-003,28.96,0
RULE-003,47.4,0
RULE-003,28.37,0
RULE-003,30.62,0
RULE-003,6.61,0
RULE-003,32.41,0
RULE-003,16.4,0
RULE-003,26.34,0
RULE-003,14.29,0
RULE-003,16.26,0
RULE-003,34.95,0
RULE-003,19.52,0
RULE-003,25.21,0
RULE-003,18.7,0
RULE-003,29.92,0
RULE-003,30.85,0
RULE-003,0.0,0
RULE-003,2.01,0
RULE-003,59.55,0
RULE-003,40.49,0
RULE-003,34.15,0
RULE-003,3.12,0
RULE-003,65.55,0
RULE-003,21.8,0
RULE-003,55.91,0
RULE-003,34.72,0
RULE-003,42.97,0
RULE-003,34.19,0
RULE-003,21.12,0
RULE-003,31.0,0
RULE-003,47.5,0
RULE-003,93.98,1
RULE-003,30.38,0
RULE-003,28.85,0
RULE-003,37.83,0
RULE-003,12.34,0
RULE-003,47.7,0
RULE-003,33.5,0
RULE-003,16.52,0
RULE-003,50.23,1
RULE-003,26.23,0
RULE-003,23.85,0
RULE-003,43.39,0
RULE-003,40.43,0
RULE-003,39.65,0
RULE-003,49.14,0
RULE-003,44.02,0
RULE-003,34.25,0
RULE-003,25.77,0
RULE-003,38.2,0
RULE-003,24.86,0
RULE-003,24.84,0
RULE-003,40.76,0
RULE-003,13.07,0
RULE-003,34.18,0
RULE-003,29.31,0
RULE-003,51.4,0
RULE-003,59.03,0
RULE-003,4.28,0
RULE-003,58.67,0
RULE-003,34.3,0
RULE-003,43.82,0
RULE-003,44.12,0
RULE-003,25.44,0
RULE-003,44.89,0
RULE-003,47.16,0
RULE-003,24.14,0
RULE-003,54.76,0
RULE-003,73.98,0
RULE-003,31.59,0
RULE-003,44.19,0
RULE-003,26.13,0
RULE-003,42.45,0
RULE-003,41.67,0
RULE-003,35.73,0
RULE-003,1.68,0
RULE-003,0.0,0
RULE-003,45.07,0
RULE-003,28.79,0
RULE-003,58.72,0
RULE-003,34.34,0
RULE-003,11.95,0
RULE-003,34.03,0
RULE-003,43.63,0
RULE-004,9.25,0
RULE-004,32.92,0
RULE-004,0.0,0
RULE-004,43.2,0
RULE-004,25.8,0
RULE-004,43.78,0
RULE-004,38.31,0
RULE-004,55.06,0
RULE-004,10.69,0
RULE-004,0.0,0
RULE-004,25.33,0
RULE-004,2.02,0
RULE-004,0.0,0
RULE-004,43.64,0
RULE-004,7.43,0
RULE-004,58.67,1
RULE-004,0.0,0
RULE-004,30.14,0
RULE-004,0.0,0
RULE-004,66.59,1
RULE-004,25.62,0
RULE-004,0.0,0
RULE-004,41.1,0
RULE-004,5.05,0
RULE-004,12.86,0
RULE-004,53.94,0
RULE-004,1.22,0
RULE-004,26.85,0
RULE-004,30.41,0
RULE-004,39.79,0
RULE-004,11.76,0
RULE-004,84.77,1
RULE-004,47.1,0
RULE-004,2.96,0
RULE-004,12.4,0
RULE-004,41.15,0
RULE-004,21.33,0
RULE-004,15.57,0
RULE-004,41.97,0
RULE-004,33.87,0
RULE-004,15.35,0
RULE-004,16.35,0
RULE-004,28.39,0
RULE-004,33.78,0
RULE-004,26.35,0
RULE-004,29.06,0
RULE-004,13.46,0
RULE-004,44.41,0
RULE-004,35.38,0
RULE-004,50.74,0
RULE-004,76.84,1
RULE-004,19.7,0
RULE-004,29.17,0
RULE-004,3.05,0
RULE-004,13.24,0
RULE-004,8.29,0
RULE-004,52.62,0
RULE-004,23.28,0
RULE-004,26.32,0
RULE-004,12.87,0
RULE-004,17.17,0
RULE-004,83.36,1
RULE-004,11.43,0
RULE-004,13.98,0
RULE-004,30.79,0
RULE-004,21.67,0
RULE-004,16.03,0
RULE-004,3.66,0
RULE-004,21.95,0
RULE-004,62.62,1
RULE-004,8.04,0
RULE-004,50.38,0
RULE-004,25.01,0
RULE-004,17.49,0
RULE-004,30.41,0
RULE-004,11.78,0
RULE-004,23.32,0
RULE-004,26.97,0
RULE-004,15.77,0
RULE-004,20.86,0
RULE-004,27.53,0
RULE-004,0.0,0
RULE-004,20.84,0
RULE-004,41.36,0
RULE-004,8.95,0
RULE-004,10.6,0
RULE-004,32.96,0
RULE-004,0.0,0
RULE-004,24.59,0
RULE-004,28.98,0
RULE-004,21.22,0
RULE-004,11.95,0
RULE-004,35.19,0
RULE-004,25.89,0
RULE-004,7.63,0
RULE-004,4.49,0
RULE-004,16.2,0
RULE-004,39.8,0
RULE-004,14.58,0
RULE-004,34.9,0
RULE-004,26.81,0
RULE-004,13.55,0
RULE-004,5.35,0
RULE-004,78.81,1
RULE-004,31.23,0
RULE-004,35.65,0
RULE-004,0.0,0
RULE-004,28.36,0
RULE-004,3.07,0
RULE-004,19.49,0
RULE-004,41.32,0
RULE-004,24.29,0
RULE-004,23.57,0
RULE-004,16.75,0
RULE-004,14.38,0
RULE-004,34.18,0
RULE-004,14.5,0
RULE-004,16.13,0
RULE-004,11.54,0
RULE-004,49.33,0
RULE-004,47.94,0
RULE-004,37.74,0
RULE-004,16.14,0
RULE-004,39.11,0
RULE-004,31.69,0
RULE-004,24.33,0
RULE-004,31.75,0
RULE-004,0.0,0
RULE-004,0.0,0
RULE-004,25.14,0
RULE-004,22.83,0
RULE-004,15.33,0
RULE-004,32.04,0
RULE-004,76.16,1
RULE-004,26.87,0
RULE-004,16.49,0
RULE-004,39.37,0
RULE-004,0.0,0
RULE-004,42.15,0
RULE-004,37.25,0
RULE-004,77.74,1
RULE-004,0.9,0
RULE-004,17.85,0
RULE-004,39.79,0
RULE-004,20.78,0
RULE-004,30.6,0
RULE-004,15.6,0
RULE-004,19.49,0
RULE-004,17.33,0
RULE-004,57.19,0
RULE-004,28.09,0
RULE-004,33.27,0
RULE-004,25.42,0
RULE-004,23.14,0
RULE-004,17.33,0
RULE-004,26.21,0
RULE-004,38.2,0
RULE-004,8.84,0
RULE-004,13.81,0
RULE-004,32.5,0
RULE-004,24.19,0
RULE-004,16.43,0
RULE-004,16.05,0
RULE-004,19.31,0
RULE-004,32.47,0
RULE-004,29.34,0
RULE-004,0.0,0
RULE-004,28.63,0
RULE-004,21.3,0
RULE-004,36.07,0
RULE-004,7.79,0
RULE-004,47.76,0
RULE-004,28.66,0
RULE-004,24.91,0
RULE-004,19.25,0
RULE-004,35.45,0
RULE-004,2.56,0
RULE-004,35.11,0
RULE-004,33.35,0
RULE-004,27.43,0
RULE-004,22.81,0
RULE-004,33.05,0
RULE-004,31.27,0
RULE-004,26.09,0
RULE-004,41.03,0
RULE-004,19.63,0
RULE-004,32.26,0
RULE-004,41.53,0
RULE-004,25.8,0
RULE-004,15.77,0
RULE-004,35.16,0
RULE-004,31.27,0
RULE-004,3.64,0
RULE-004,8.97,0
RULE-004,12.05,0
RULE-004,40.86,0
RULE-004,34.56,0
RULE-004,36.98,0
RULE-004,22.98,0
RULE-004,0.25,0
RULE-004,9.95,0
RULE-004,11.3,0
RULE-004,13.91,0
RULE-004,47.08,0
RULE-004,43.73,0
RULE-004,12.88,0
RULE-004,4.33,0
RULE-004,11.89,0
RULE-004,25.2,0
RULE-004,17.76,0
RULE-004,40.99,0
RULE-004,22.11,0
RULE-004,21.26,0
RULE-004,25.66,0
RULE-004,5.51,0
RULE-004,5.47,0
RULE-004,24.22,0
RULE-004,30.88,0
RULE-004,29.76,0
RULE-004,10.35,0
RULE-004,27.36,0
RULE-004,71.11,1
RULE-004,41.04,0
RULE-004,46.23,0
RULE-004,27.3,0
RULE-004,28.07,0
RULE-004,39.93,0
RULE-004,7.85,0
RULE-004,7.08,0
RULE-004,26.41,0
RULE-004,24.38,0
RULE-004,92.01,1
RULE-004,19.21,0
RULE-004,0.0,0
RULE-004,18.58,0
RULE-004,74.83,1
RULE-004,8.78,0
RULE-004,36.36,0
RULE-004,19.76,0
RULE-004,4.04,0
RULE-004,18.73,0
RULE-004,39.58,0
RULE-004,22.64,0
RULE-004,42.91,0
RULE-004,14.59,0
RULE-004,5.13,0
RULE-004,37.08,0
RULE-004,66.18,1
RULE-004,38.09,0
RULE-004,11.24,0
RULE-004,34.27,0
RULE-004,20.29,0
RULE-004,11.7,0
RULE-004,14.75,0
RULE-004,8.63,0
RULE-004,7.88,0
RULE-004,15.73,0
RULE-004,100.01,1
RULE-004,26.15,0
RULE-004,26.25,0
RULE-004,13.14,0
RULE-004,14.11,0
RULE-004,0.0,0
RULE-004,2.27,0
RULE-004,15.72,0
RULE-004,28.73,0
RULE-004,29.65,0
RULE-004,93.06,1
RULE-004,41.52,0
RULE-004,17.95,0
RULE-004,22.28,0
RULE-004,6.73,0
RULE-004,20.66,0
RULE-004,13.15,0
RULE-004,32.95,0
RULE-004,25.9,0
RULE-004,5.59,0
RULE-004,25.79,0
RULE-004,31.56,0
RULE-004,16.95,0
RULE-004,20.57,0
RULE-004,40.17,0
RULE-004,26.27,0
RULE-004,8.12,0
RULE-004,28.46,0
RULE-004,20.18,0
RULE-004,33.36,0
RULE-004,5.13,0
RULE-004,18.61,0
RULE-004,48.47,0
RULE-004,0.45,0
RULE-004,27.39,0
RULE-004,24.32,0
RULE-004,4.21,0
RULE-004,21.17,0
RULE-004,78.61,1
RULE-004,6.67,0
RULE-004,31.58,0
RULE-004,20.26,0
RULE-004,65.47,1
RULE-004,40.65,0
RULE-004,28.97,0
RULE-004,15.89,0
RULE-004,17.6,0
RULE-004,10.63,0
RULE-004,13.22,0
RULE-004,25.12,0
RULE-004,13.07,0
RULE-004,15.99,0
RULE-004,42.94,0
RULE-004,47.37,0
RULE-004,21.25,0
RULE-004,23.45,0
RULE-004,10.68,0
RULE-004,35.59,0
RULE-004,27.62,0
RULE-004,25.58,0
RULE-004,13.45,0
RULE-004,26.52,0
RULE-004,36.1,0
RULE-004,6.78,0
RULE-004,18.04,0
RULE-004,11.31,0
RULE-004,80.73,1
RULE-004,18.4,0
RULE-004,51.2,1
RULE-004,21.66,0
RULE-004,76.11,1
RULE-004,29.69,0
RULE-004,32.81,0
RULE-004,69.92,1
RULE-004,0.0,0
RULE-004,18.24,0
RULE-004,0.0,0
RULE-004,5.08,0
RULE-004,37.05,0
RULE-004,0.0,0
RULE-004,11.94,0
RULE-004,69.52,0
RULE-004,39.18,0
RULE-004,30.18,0
RULE-004,11.25,0
RULE-004,19.53,0
RULE-004,31.68,0
RULE-004,15.37,0
RULE-004,11.44,0
RULE-004,15.6,0
RULE-004,6.16,0
RULE-004,23.49,0
RULE-004,80.32,1
RULE-004,23.07,0
RULE-004,36.67,0
RULE-004,0.0,0
RULE-004,22.09,0
RULE-004,35.43,0
RULE-004,23.4,0
RULE-004,13.54,0
RULE-004,27.73,0
RULE-004,49.85,0
RULE-004,11.01,0
RULE-004,22.62,0
RULE-004,27.71,0
RULE-004,54.08,0
RULE-004,25.87,0
RULE-004,20.51,0
RULE-004,19.98,0
RULE-004,24.89,0
RULE-004,15.96,0
RULE-004,47.15,0
RULE-004,32.7,0
RULE-004,18.01,0
RULE-004,18.46,0
RULE-004,34.47,0
RULE-004,1.22,0
RULE-004,14.52,0
RULE-004,4.97,0
RULE-004,23.05,0
RULE-004,26.42,0
RULE-004,18.28,0
RULE-004,46.67,0
RULE-004,27.65,0
RULE-004,31.54,0
RULE-004,27.36,0
RULE-004,1.75,0
RULE-004,26.43,0
RULE-004,72.44,1
RULE-004,16.67,0
RULE-004,2.86,0
RULE-004,26.43,0
RULE-004,5.76,0
RULE-004,19.88,0
RULE-004,38.08,0
RULE-004,14.86,0
RULE-004,3.39,0
RULE-004,45.6,0
RULE-004,36.57,0
RULE-004,12.97,0
RULE-004,18.58,0
RULE-004,0.36,0
RULE-004,1.95,0
RULE-004,1.75,0
RULE-004,26.65,0
RULE-004,28.41,0
RULE-004,27.49,0
RULE-004,13.27,0
RULE-004,22.15,0
RULE-004,15.33,0
RULE-004,29.67,0
RULE-004,34.56,0
RULE-004,11.64,0
RULE-004,13.56,0
RULE-004,74.59,1
RULE-004,31.8,0
RULE-004,26.68,0
RULE-004,0.56,0
RULE-004,33.97,0
RULE-004,30.21,0
RULE-004,28.81,0
RULE-004,31.66,0
RULE-004,51.69,0
RULE-004,36.95,0
RULE-004,27.32,0
RULE-004,28.27,0
RULE-004,34.9,0
RULE-004,14.61,0
RULE-004,31.13,0
RULE-004,65.69,1
RULE-004,16.98,0
RULE-004,0.21,0
RULE-004,34.32,0
RULE-004,36.58,0
RULE-004,43.97,0
RULE-004,5.44,0
RULE-004,13.15,0
RULE-004,0.0,0
RULE-004,17.99,0
RULE-004,19.55,0
RULE-004,22.6,0
RULE-004,22.23,0
RULE-004,37.82,0
RULE-004,52.95,0
RULE-004,11.15,0
RULE-004,65.88,0
RULE-004,34.52,0
RULE-004,8.77,0
RULE-004,28.69,0
RULE-004,36.15,0
RULE-004,32.02,0
RULE-004,16.72,0
RULE-004,7.83,0
RULE-004,25.78,0
RULE-004,131.35,1
RULE-004,30.66,0
RULE-004,35.98,0
RULE-004,38.37,0
RULE-004,19.57,0
RULE-004,33.94,0
RULE-004,49.55,0
RULE-004,42.82,0
RULE-004,22.19,0
RULE-004,9.82,0
RULE-004,19.61,0
RULE-004,7.27,0
RULE-004,9.42,0
RULE-004,12.27,0
RULE-004,12.81,0
RULE-004,33.91,0
RULE-004,14.46,0
RULE-004,17.83,0
RULE-004,22.94,0
RULE-004,16.7,0
RULE-004,3.77,0
RULE-004,12.63,0
RULE-004,37.9,0
RULE-004,22.44,0
RULE-004,0.0,0
RULE-004,22.9,0
RULE-004,9.02,0
RULE-004,17.62,0
RULE-004,24.32,0
RULE-004,0.0,0
RULE-004,21.76,0
RULE-004,36.49,0
RULE-004,0.0,0
RULE-004,11.46,0
RULE-004,1.83,0
RULE-004,33.62,0
RULE-004,50.48,0
RULE-004,38.16,0
RULE-004,55.67,0
RULE-004,28.4,0
RULE-004,27.44,0
RULE-004,25.04,0
RULE-004,21.07,0
RULE-004,37.28,0
RULE-004,15.03,0
RULE-004,31.51,0
RULE-004,77.91,1
RULE-004,31.14,0
RULE-004,6.57,0
RULE-004,7.48,0
RULE-004,0.4,0
RULE-004,3.67,0
RULE-004,18.49,0
RULE-004,32.18,0
RULE-004,14.45,0
RULE-004,13.55,0
RULE-004,30.81,0
RULE-004,14.07,0
RULE-004,58.2,0
RULE-004,12.84,0
RULE-004,19.94,0
RULE-004,43.78,0
RULE-004,7.16,0
RULE-004,41.36,0
RULE-004,21.25,0
RULE-004,28.47,0
RULE-004,44.31,0
RULE-004,31.68,0
RULE-004,34.96,0
RULE-004,24.42,0
RULE-004,24.31,0
RULE-004,54.16,0
RULE-004,11.07,0
RULE-004,5.12,0
RULE-004,16.97,0
RULE-004,53.1,0
RULE-004,0.0,0
RULE-004,8.76,0
RULE-004,0.0,0
RULE-004,18.19,0
RULE-004,28.15,0
RULE-004,73.39,1
RULE-004,69.97,1
RULE-004,24.59,0
RULE-004,35.7,0
RULE-004,28.13,0
RULE-004,39.06,0
RULE-004,24.08,0
RULE-004,27.84,0
RULE-004,61.01,0
RULE-004,11.38,0
RULE-004,7.88,0
RULE-004,11.3,0
RULE-004,3.21,0
RULE-004,36.12,0
RULE-004,35.6,0
RULE-004,23.05,0
RULE-004,12.44,0
RULE-004,18.15,0
RULE-004,8.2,0
RULE-004,30.11,0
RULE-004,41.16,0
RULE-004,7.67,0
RULE-004,15.28,0
RULE-004,17.25,0
RULE-004,8.79,0
RULE-004,19.89,0
RULE-004,20.8,0
RULE-004,23.21,0
RULE-004,29.51,0
RULE-004,36.7,0
RULE-004,30.79,0
RULE-004,48.59,0
RULE-004,27.56,0
RULE-004,10.74,0
RULE-004,21.34,0
RULE-004,11.47,0
RULE-004,15.44,0
RULE-004,42.16,0
RULE-004,15.86,0
RULE-004,11.47,0
RULE-004,19.83,0
RULE-004,19.2,0
RULE-004,41.69,0
RULE-004,18.34,0
RULE-004,11.48,0
RULE-004,26.48,0
RULE-004,27.97,0
RULE-004,8.99,0
RULE-004,75.44,1
RULE-004,41.53,0
RULE-004,17.15,0
RULE-004,8.96,0
RULE-004,0.0,0
RULE-004,0.0,0
RULE-004,18.21,0
RULE-004,17.47,0
RULE-004,23.86,0
RULE-004,2.08,0
RULE-004,10.45,0
RULE-004,48.17,0
RULE-004,17.5,0
RULE-004,8.7,0
RULE-004,26.99,0
RULE-004,28.32,0
RULE-004,0.0,0
RULE-004,39.54,0
RULE-004,0.0,0
RULE-004,21.42,0
RULE-005,45.2,0
RULE-005,43.55,0
RULE-005,47.86,0
RULE-005,24.43,0
RULE-005,45.52,0
RULE-005,3.36,0
RULE-005,19.41,0
RULE-005,89.58,1
RULE-005,37.65,0
RULE-005,61.97,0
RULE-005,38.13,0
RULE-005,38.16,0
RULE-005,33.77,0
RULE-005,26.5,0
RULE-005,39.47,0
RULE-005,34.39,0
RULE-005,39.59,0
RULE-005,35.25,0
RULE-005,19.87,0
RULE-005,10.35,0
RULE-005,41.51,0
RULE-005,63.88,0
RULE-005,57.2,0
RULE-005,48.34,0
RULE-005,27.29,0
RULE-005,39.81,0
RULE-005,33.49,0
RULE-005,52.19,0
RULE-005,43.06,0
RULE-005,33.4,0
RULE-005,47.84,0
RULE-005,21.55,0
RULE-005,36.51,0
RULE-005,50.01,0
RULE-005,18.63,0
RULE-005,23.76,0
RULE-005,23.39,0
RULE-005,44.21,0
RULE-005,65.79,0
RULE-005,61.05,0
RULE-005,49.39,0
RULE-005,51.89,0
RULE-005,45.58,0
RULE-005,35.89,0
RULE-005,21.86,0
RULE-005,24.72,0
RULE-005,20.6,0
RULE-005,28.29,0
RULE-005,58.87,0
RULE-005,44.81,0
RULE-005,56.31,0
RULE-005,82.55,0
RULE-005,11.86,0
RULE-005,40.92,0
RULE-005,16.0,0
RULE-005,44.34,0
RULE-005,37.97,0
RULE-005,31.7,0
RULE-005,0.0,0
RULE-005,6.37,0
RULE-005,30.57,0
RULE-005,20.34,0
RULE-005,28.61,0
RULE-005,59.01,0
RULE-005,12.05,0
RULE-005,35.6,0
RULE-005,27.78,0
RULE-005,58.01,0
RULE-005,11.1,0
RULE-005,32.84,0
RULE-005,37.87,0
RULE-005,34.33,0
RULE-005,15.51,0
RULE-005,47.88,0
RULE-005,37.46,0
RULE-005,35.92,0
RULE-005,35.18,0
RULE-005,22.63,0
RULE-005,31.45,0
RULE-005,46.37,0
RULE-005,36.15,0
RULE-005,31.34,0
RULE-005,22.64,0
RULE-005,41.29,0
RULE-005,51.44,0
RULE-005,36.44,0
RULE-005,27.65,0
RULE-005,15.47,0
RULE-005,25.18,0
RULE-005,33.05,0
RULE-005,24.65,0
RULE-005,14.28,0
RULE-005,17.34,0
RULE-005,31.84,0
RULE-005,21.96,0
RULE-005,22.97,0
RULE-005,37.02,0
RULE-005,33.28,0
RULE-005,32.29,0
RULE-005,28.93,0
RULE-005,43.92,0
RULE-005,40.5,0
RULE-005,26.41,0
RULE-005,22.75,0
RULE-005,37.2,0
RULE-005,29.49,0
RULE-005,45.87,0
RULE-005,34.14,0
RULE-005,2.71,0
RULE-005,18.91,0
RULE-005,0.0,0
RULE-005,9.21,0
RULE-005,7.68,0
RULE-005,20.32,0
RULE-005,23.24,0
RULE-005,47.87,0
RULE-005,21.63,0
RULE-005,22.94,0
RULE-005,47.82,0
RULE-005,10.59,0
RULE-005,31.37,0
RULE-005,37.08,0
RULE-005,36.25,0
RULE-005,57.22,0
RULE-005,43.87,0
RULE-005,40.19,0
RULE-005,22.17,0
RULE-005,34.08,0
RULE-005,23.69,0
RULE-005,58.46,0
RULE-005,37.23,0
RULE-005,47.13,0
RULE-005,33.28,0
RULE-005,60.01,1
RULE-005,45.43,0
RULE-005,17.34,0
RULE-005,31.64,0
RULE-005,15.44,0
RULE-005,12.9,0
RULE-005,15.34,0
RULE-005,19.56,0
RULE-005,19.27,0
RULE-005,45.99,0
RULE-005,51.2,0
RULE-005,20.51,0
RULE-005,58.46,0
RULE-005,8.34,0
RULE-005,47.27,0
RULE-005,20.0,0
RULE-005,23.26,0
RULE-005,33.26,0
RULE-005,60.93,0
RULE-005,12.29,0
RULE-005,78.13,1
RULE-005,40.16,0
RULE-005,41.35,0
RULE-005,45.8,0
RULE-005,59.04,0
RULE-005,62.34,0
RULE-005,36.23,0
RULE-005,54.39,0
RULE-005,8.28,0
RULE-005,28.84,0
RULE-005,26.95,0
RULE-005,37.17,0
RULE-005,38.19,0
RULE-005,4.19,0
RULE-005,28.54,0
RULE-005,32.11,0
RULE-005,64.04,0
RULE-005,37.21,0
RULE-005,19.74,0
RULE-005,32.36,0
RULE-005,21.33,0
RULE-005,50.7,0
RULE-005,68.32,0
RULE-005,17.55,0
RULE-005,23.07,0
RULE-005,26.0,0
RULE-005,47.05,0
RULE-005,58.42,0
RULE-005,7.93,0
RULE-005,33.83,0
RULE-005,29.65,0
RULE-005,44.64,0
RULE-005,13.68,0
RULE-005,35.19,0
RULE-005,21.56,0
RULE-005,46.41,0
RULE-005,28.75,0
RULE-005,52.58,0
RULE-005,10.21,0
RULE-005,0.0,0
RULE-005,58.62,0
RULE-005,37.38,0
RULE-005,22.48,0
RULE-005,51.01,0
RULE-005,21.65,0
RULE-005,29.15,0
RULE-005,34.69,0
RULE-005,48.43,0
RULE-005,26.21,0
RULE-005,26.15,0
RULE-005,2.03,0
RULE-005,26.73,0
RULE-005,15.36,0
RULE-005,42.12,0
RULE-005,9.56,0
RULE-005,90.17,1
RULE-005,39.47,0
RULE-005,42.56,0
RULE-005,44.07,0
RULE-005,40.21,0
RULE-005,36.87,0
RULE-005,44.98,0
RULE-005,9.92,0
RULE-005,36.0,0
RULE-005,19.62,0
RULE-005,30.92,0
RULE-005,55.59,0
RULE-005,37.45,0
RULE-005,47.38,0
RULE-005,62.15,0
RULE-005,21.74,0
RULE-005,51.89,0
RULE-005,22.29,0
RULE-005,42.44,0
RULE-005,30.84,0
RULE-005,19.4,0
RULE-005,41.84,0
RULE-005,7.6,0
RULE-005,59.66,0
RULE-005,1.12,0
RULE-005,46.0,0
RULE-005,50.14,0
RULE-005,48.75,0
RULE-005,34.98,0
RULE-005,20.2,0
RULE-005,45.21,0
RULE-005,16.33,0
RULE-005,25.49,0
RULE-005,18.28,0
RULE-005,29.51,0
RULE-005,43.93,0
RULE-005,16.72,0
RULE-005,49.32,0
RULE-005,78.56,1
RULE-005,42.44,0
RULE-005,27.02,0
RULE-005,9.25,0
RULE-005,36.84,0
RULE-005,35.45,0
RULE-005,75.57,0
RULE-005,4.44,0
RULE-005,11.89,0
RULE-005,17.87,0
RULE-005,23.05,0
RULE-005,23.66,0
RULE-005,51.54,0
RULE-005,28.59,0
RULE-005,0.0,0
RULE-005,31.65,0
RULE-005,24.8,0
RULE-005,49.51,0
RULE-005,40.11,0
RULE-005,34.65,0
RULE-005,32.0,0
RULE-005,0.0,0
RULE-005,12.95,0
RULE-005,15.71,0
RULE-005,42.8,0
RULE-005,24.21,0
RULE-005,49.77,0
RULE-005,56.68,0
RULE-005,40.61,0
RULE-005,35.3,0
RULE-005,68.04,1
RULE-005,56.19,0
RULE-005,36.41,0
RULE-005,30.53,0
RULE-005,14.84,0
RULE-005,34.12,0
RULE-005,37.27,0
RULE-005,37.19,0
RULE-005,41.37,0
RULE-005,48.25,0
RULE-005,15.21,0
RULE-005,22.16,0
RULE-005,18.24,0
RULE-005,25.69,0
RULE-005,18.4,0
RULE-005,41.1,1
RULE-005,26.05,0
RULE-005,18.68,0
RULE-005,37.03,0
RULE-005,24.97,0
RULE-005,23.47,0
RULE-005,18.38,0
RULE-005,72.63,0
RULE-005,33.94,0
RULE-005,21.3,0
RULE-005,54.43,0
RULE-005,22.97,0
RULE-005,28.06,0
RULE-005,30.19,0
RULE-005,37.07,0
RULE-005,21.21,0
RULE-005,42.87,0
RULE-005,36.83,0
RULE-005,27.56,0
RULE-005,34.76,0
RULE-005,20.24,0
RULE-005,45.29,0
RULE-005,44.6,0
RULE-005,23.96,0
RULE-005,53.94,0
RULE-005,41.45,0
RULE-005,16.62,0
RULE-005,13.13,0
RULE-005,35.35,0
RULE-005,40.31,0
RULE-005,13.03,0
RULE-005,45.92,0
RULE-005,35.96,0
RULE-005,29.03,0
RULE-005,24.35,0
RULE-005,20.03,0
RULE-005,30.53,0
RULE-005,23.94,0
RULE-005,33.68,0
RULE-005,42.53,0
RULE-005,16.96,0
RULE-005,36.56,0
RULE-005,34.61,0
RULE-005,50.99,0
RULE-005,44.97,0
RULE-005,32.28,0
RULE-005,38.74,0
RULE-005,27.43,0
RULE-005,24.35,0
RULE-005,59.4,0
RULE-005,48.01,0
RULE-005,10.74,0
RULE-005,38.79,0
RULE-005,62.57,0
RULE-005,26.08,0
RULE-005,32.09,0
RULE-005,11.79,0
RULE-005,30.86,0
RULE-005,32.12,0
RULE-005,9.4,0
RULE-005,35.81,0
RULE-005,18.4,0
RULE-005,21.99,0
RULE-005,17.9,0
RULE-005,49.93,0
RULE-005,29.92,0
RULE-005,76.99,1
RULE-005,72.6,0
RULE-005,36.49,0
RULE-005,19.38,0
RULE-005,14.78,0
RULE-005,34.93,0
RULE-005,22.89,0
RULE-005,29.32,0
RULE-005,32.99,0
RULE-005,20.98,0
RULE-005,0.0,0
RULE-005,23.71,0
RULE-005,27.27,0
RULE-005,34.28,0
RULE-005,33.07,0
RULE-005,61.75,0
RULE-005,28.68,0
RULE-005,20.6,0
RULE-005,28.26,0
RULE-005,14.91,0
RULE-005,21.16,0
RULE-005,8.49,0
RULE-005,34.3,0
RULE-005,30.26,0
RULE-005,37.51,0
RULE-005,14.97,0
RULE-005,35.43,0
RULE-005,31.46,0
RULE-005,29.52,0
RULE-005,26.33,0
RULE-005,41.65,0
RULE-005,21.51,0
RULE-005,49.94,0
RULE-005,41.07,0
RULE-005,41.76,0
RULE-005,43.8,0
RULE-005,12.78,0
RULE-005,41.49,0
RULE-005,4.58,0
RULE-005,32.37,0
RULE-005,9.94,0
RULE-005,26.95,0
RULE-005,28.15,0
RULE-005,29.03,0
RULE-005,42.3,0
RULE-005,80.03,1
RULE-005,22.76,0
RULE-005,35.52,0
RULE-005,30.09,0
RULE-005,26.77,0
RULE-005,27.28,0
RULE-005,24.82,0
RULE-005,44.47,0
RULE-005,31.52,0
RULE-005,41.12,0
RULE-005,20.95,0
RULE-005,11.66,0
RULE-005,4.36,0
RULE-005,40.23,0
RULE-005,12.1,0
RULE-005,15.49,0
RULE-005,39.39,0
RULE-005,34.34,0
RULE-005,40.0,0
RULE-005,27.76,0
RULE-005,7.81,0
RULE-005,31.56,0
RULE-005,28.28,0
RULE-005,39.6,0
RULE-005,10.02,0
RULE-005,45.61,0
RULE-005,22.69,0
RULE-005,47.6,0
RULE-005,32.91,0
RULE-005,18.11,0
RULE-005,32.82,0
RULE-005,16.57,0
RULE-005,19.13,0
RULE-005,40.54,0
RULE-005,36.45,0
RULE-005,55.73,1
RULE-005,59.94,0
RULE-005,34.19,0
RULE-005,15.42,0
RULE-005,72.0,0
RULE-005,33.76,0
RULE-005,10.19,0
RULE-005,52.54,0
RULE-005,40.1,0
RULE-005,19.85,0
RULE-005,30.89,0
RULE-005,20.26,0
RULE-005,28.19,0
RULE-005,44.76,0
RULE-005,33.08,0
RULE-005,27.4,0
RULE-005,16.75,0
RULE-005,37.74,0
RULE-005,11.03,0
RULE-005,35.52,0
RULE-005,17.31,0
RULE-005,45.81,0
RULE-005,35.63,0
RULE-005,65.61,0
RULE-005,66.03,0
RULE-005,15.0,0
RULE-005,26.58,0
RULE-005,59.17,0
RULE-005,37.2,0
RULE-005,36.17,0
RULE-005,8.29,0
RULE-005,46.12,0
RULE-005,37.87,0
RULE-005,53.53,0
RULE-005,38.98,0
RULE-005,31.09,0
RULE-005,15.84,0
RULE-005,52.04,0
RULE-005,31.12,0
RULE-005,12.47,0
RULE-005,28.23,0
RULE-005,37.69,0
RULE-005,8.98,0
RULE-005,21.1,0
RULE-005,31.06,0
RULE-005,38.83,0
RULE-005,19.57,0
RULE-005,35.44,0
RULE-005,26.94,0
RULE-005,16.14,0
RULE-005,34.93,0
RULE-005,16.84,0
RULE-005,22.8,0
RULE-005,16.53,0
RULE-005,32.59,0
RULE-005,0.0,0
RULE-005,35.16,0
RULE-005,49.17,0
RULE-005,49.63,0
RULE-005,37.45,0
RULE-005,26.7,0
RULE-005,31.67,0
RULE-005,0.0,0
RULE-005,19.97,0
RULE-005,23.19,0
RULE-005,40.96,0
RULE-005,34.67,0
RULE-005,26.72,0
RULE-005,49.03,0
RULE-005,28.41,0
RULE-005,29.91,0
RULE-005,38.5,0
RULE-005,59.91,0
RULE-005,14.63,0
RULE-005,57.47,0
RULE-005,2.59,0
RULE-005,19.37,0
RULE-005,28.59,0
RULE-005,12.11,0
RULE-005,16.36,0
RULE-005,36.51,0
RULE-005,20.07,0
RULE-005,56.73,0
RULE-005,34.11,0
RULE-005,47.62,0
RULE-005,51.58,0
RULE-005,16.67,0
RULE-005,27.21,0
RULE-005,13.39,0
RULE-005,25.23,0
RULE-005,29.55,0
RULE-005,17.84,0
RULE-005,18.95,0
RULE-005,38.89,0
RULE-005,48.5,0
RULE-005,41.28,0
RULE-005,65.83,1
RULE-005,33.17,0
RULE-005,56.22,0
RULE-005,39.74,0
RULE-005,13.03,0
RULE-005,34.6,0
RULE-005,29.96,0
RULE-005,40.91,0
RULE-005,22.22,0
RULE-005,39.95,0
RULE-005,37.86,0
RULE-005,43.47,0
RULE-005,39.41,0
RULE-005,22.33,0
RULE-005,60.69,1
RULE-005,22.19,0
RULE-005,40.98,0
RULE-005,12.26,0
RULE-005,52.55,0
RULE-005,32.74,0
RULE-005,12.3,0
RULE-005,26.83,0
RULE-005,37.44,0
RULE-005,17.89,0
RULE-005,42.11,0
RULE-005,41.55,0
RULE-005,24.58,0
RULE-005,32.92,0
RULE-005,51.79,0
RULE-005,27.17,0
RULE-005,35.99,0
RULE-005,46.86,0
RULE-005,29.53,0
RULE-005,16.96,0
RULE-005,28.74,0
RULE-005,49.45,0
RULE-005,32.58,0
RULE-005,32.96,0
RULE-005,32.38,0
RULE-005,8.73,0
RULE-005,15.71,0
RULE-005,18.88,0
RULE-005,17.59,0
RULE-005,31.14,0
RULE-005,12.97,0
RULE-005,38.44,0
RULE-005,38.29,0
RULE-005,13.49,0
RULE-005,41.12,0
RULE-005,26.71,0
RULE-005,19.8,0
RULE-005,21.56,0
RULE-005,35.81,0
RULE-005,12.57,0
RULE-005,74.7,1
RULE-005,31.88,0
RULE-005,31.7,0
RULE-005,25.15,0
RULE-005,18.6,0
RULE-005,33.95,0
RULE-005,13.65,0
RULE-005,35.84,0
RULE-005,34.25,0
RULE-005,25.82,0
RULE-005,19.95,0
RULE-005,26.52,0
RULE-005,39.86,0
RULE-006,17.55,0
RULE-006,8.38,0
RULE-006,10.08,0
RULE-006,10.04,0
RULE-006,28.79,0
RULE-006,24.88,0
RULE-006,24.42,0
RULE-006,24.67,0
RULE-006,33.01,0
RULE-006,31.8,0
RULE-006,32.39,0
RULE-006,44.09,0
RULE-006,32.8,0
RULE-006,39.89,0
RULE-006,47.23,0
RULE-006,15.94,0
RULE-006,22.0,0
RULE-006,85.36,1
RULE-006,18.26,0
RULE-006,10.6,0
RULE-006,38.28,0
RULE-006,25.71,0
RULE-006,32.02,0
RULE-006,17.1,0
RULE-006,36.07,0
RULE-006,35.65,0
RULE-006,44.11,0
RULE-006,30.75,0
RULE-006,15.26,0
RULE-006,23.43,0
RULE-006,41.52,0
RULE-006,10.58,0
RULE-006,14.31,0
RULE-006,0.0,0
RULE-006,23.48,0
RULE-006,29.37,0
RULE-006,59.83,1
RULE-006,26.66,0
RULE-006,30.45,0
RULE-006,17.9,0
RULE-006,36.65,0
RULE-006,6.11,0
RULE-006,40.19,0
RULE-006,32.77,0
RULE-006,19.68,0
RULE-006,27.61,0
RULE-006,7.37,0
RULE-006,43.2,0
RULE-006,45.64,0
RULE-006,33.8,0
RULE-006,20.47,0
RULE-006,27.88,0
RULE-006,32.74,0
RULE-006,15.67,0
RULE-006,39.55,0
RULE-006,9.6,0
RULE-006,13.13,0
RULE-006,28.4,0
RULE-006,15.01,0
RULE-006,47.55,1
RULE-006,20.65,0
RULE-006,59.22,1
RULE-006,6.27,0
RULE-006,12.82,0
RULE-006,14.28,0
RULE-006,24.93,0
RULE-006,28.13,0
RULE-006,68.28,1
RULE-006,13.08,0
RULE-006,18.23,0
RULE-006,12.54,0
RULE-006,18.01,0
RULE-006,17.59,0
RULE-006,19.51,0
RULE-006,21.86,0
RULE-006,19.92,0
RULE-006,21.8,0
RULE-006,24.08,0
RULE-006,20.43,0
RULE-006,19.31,0
RULE-006,7.27,0
RULE-006,28.37,0
RULE-006,34.87,0
RULE-006,13.07,0
RULE-006,22.87,0
RULE-006,30.55,0
RULE-006,0.0,0
RULE-006,26.25,0
RULE-006,17.39,0
RULE-006,27.3,0
RULE-006,34.2,0
RULE-006,5.46,0
RULE-006,26.2,0
RULE-006,61.0,1
RULE-006,19.27,0
RULE-006,23.31,0
RULE-006,35.28,0
RULE-006,19.62,0
RULE-006,23.76,0
RULE-006,33.84,0
RULE-006,30.77,0
RULE-006,18.15,0
RULE-006,25.15,0
RULE-006,31.11,0
RULE-006,11.45,0
RULE-006,4.83,0
RULE-006,14.41,0
RULE-006,28.7,0
RULE-006,4.27,0
RULE-006,21.92,0
RULE-006,24.09,0
RULE-006,19.68,0
RULE-006,31.06,0
RULE-006,39.37,0
RULE-006,10.07,0
RULE-006,32.9,0
RULE-006,5.36,0
RULE-006,13.21,0
RULE-006,25.86,0
RULE-006,42.54,0
RULE-006,9.61,0
RULE-006,24.73,0
RULE-006,30.17,0
RULE-006,4.73,0
RULE-006,6.53,0
RULE-006,41.68,0
RULE-006,18.04,0
RULE-006,24.66,0
RULE-006,0.0,0
RULE-006,28.71,0
RULE-006,11.77,0
RULE-006,9.29,0
RULE-006,36.0,0
RULE-006,17.44,0
RULE-006,15.1,0
RULE-006,30.88,0
RULE-006,25.41,0
RULE-006,30.63,0
RULE-006,16.9,0
RULE-006,61.22,1
RULE-006,18.74,0
RULE-006,36.87,0
RULE-006,15.93,0
RULE-006,62.39,1
RULE-006,25.09,0
RULE-006,30.32,0
RULE-006,10.39,0
RULE-006,25.39,0
RULE-006,26.4,0
RULE-006,31.56,0
RULE-006,16.48,0
RULE-006,41.19,0
RULE-006,28.26,0
RULE-006,2.42,0
RULE-006,40.9,0
RULE-006,43.61,0
RULE-006,24.11,0
RULE-006,46.18,0
RULE-006,54.66,0
RULE-006,24.98,0
RULE-006,43.08,0
RULE-006,26.87,0
RULE-006,31.31,0
RULE-006,19.07,0
RULE-006,27.19,0
RULE-006,41.51,0
RULE-006,29.89,0
RULE-006,15.44,0
RULE-006,0.0,0
RULE-006,38.0,0
RULE-006,27.35,0
RULE-006,23.18,0
RULE-006,18.81,0
RULE-006,44.09,0
RULE-006,20.29,0
RULE-006,32.38,0
RULE-006,27.05,0
RULE-006,7.15,0
RULE-006,22.75,0
RULE-006,24.29,0
RULE-006,41.17,0
RULE-006,24.99,0
RULE-006,14.82,0
RULE-006,20.18,0
RULE-006,36.53,0
RULE-006,30.2,0
RULE-006,42.28,0
RULE-006,21.48,0
RULE-006,22.13,0
RULE-006,18.84,0
RULE-006,33.47,0
RULE-006,26.91,0
RULE-006,28.29,0
RULE-006,35.18,0
RULE-006,24.34,0
RULE-006,26.88,0
RULE-006,0.0,0
RULE-006,48.58,0
RULE-006,25.04,0
RULE-006,13.6,0
RULE-006,32.68,0
RULE-006,18.01,0
RULE-006,34.11,0
RULE-006,38.81,0
RULE-006,22.79,0
RULE-006,12.48,0
RULE-006,4.36,0
RULE-006,33.08,0
RULE-006,18.11,0
RULE-006,39.32,0
RULE-006,30.67,0
RULE-006,26.84,0
RULE-006,12.31,0
RULE-006,44.59,0
RULE-006,36.01,0
RULE-006,4.53,0
RULE-006,16.08,0
RULE-006,16.91,0
RULE-006,23.84,0
RULE-006,20.43,0
RULE-006,67.56,1
RULE-006,20.9,0
RULE-006,23.32,0
RULE-006,21.68,0
RULE-006,35.98,0
RULE-006,18.82,0
RULE-006,11.83,0
RULE-006,40.42,0
RULE-006,19.45,0
RULE-006,29.43,0
RULE-006,79.21,1
RULE-006,28.43,0
RULE-006,18.8,0
RULE-006,35.68,0
RULE-006,62.17,1
RULE-006,44.5,0
RULE-006,12.48,0
RULE-006,28.54,0
RULE-006,22.62,0
RULE-006,12.96,0
RULE-006,37.73,0
RULE-006,45.1,0
RULE-006,39.65,0
RULE-006,39.5,0
RULE-006,35.17,0
RULE-006,26.24,0
RULE-006,19.91,0
RULE-006,0.72,0
RULE-006,41.9,0
RULE-006,30.62,0
RULE-006,22.55,0
RULE-006,20.82,0
RULE-006,22.45,0
RULE-006,23.35,0
RULE-006,25.61,0
RULE-006,51.94,0
RULE-006,64.28,1
RULE-006,25.92,0
RULE-006,53.63,0
RULE-006,37.33,0
RULE-006,15.62,0
RULE-006,45.65,1
RULE-006,29.82,0
RULE-006,15.81,0
RULE-006,36.63,0
RULE-006,20.71,0
RULE-006,33.94,0
RULE-006,68.82,1
RULE-006,33.87,0
RULE-006,26.18,0
RULE-006,22.56,0
RULE-006,78.84,1
RULE-006,8.09,0
RULE-006,36.47,0
RULE-006,20.58,0
RULE-006,4.8,0
RULE-006,25.49,0
RULE-006,30.94,0
RULE-006,4.6,0
RULE-006,43.22,0
RULE-006,34.79,0
RULE-006,43.77,0
RULE-006,23.3,0
RULE-006,58.35,1
RULE-006,11.87,0
RULE-006,30.11,0
RULE-006,25.0,0
RULE-006,60.35,1
RULE-006,31.86,0
RULE-006,31.78,0
RULE-006,31.32,0
RULE-006,28.69,0
RULE-006,13.28,0
RULE-006,37.72,0
RULE-006,38.58,0
RULE-006,24.62,0
RULE-006,16.83,0
RULE-006,81.57,1
RULE-006,6.57,0
RULE-006,36.8,0
RULE-006,24.37,0
RULE-006,14.58,0
RULE-006,56.84,0
RULE-006,7.76,0
RULE-006,29.77,0
RULE-006,49.67,0
RULE-006,22.54,0
RULE-006,22.35,0
RULE-006,61.04,0
RULE-006,37.61,0
RULE-006,32.58,0
RULE-006,39.05,0
RULE-006,12.86,0
RULE-006,24.96,0
RULE-006,29.66,0
RULE-006,37.54,0
RULE-006,0.0,0
RULE-006,10.96,0
RULE-006,0.0,0
RULE-006,29.05,0
RULE-006,13.13,0
RULE-006,27.87,0
RULE-006,42.22,0
RULE-006,50.37,0
RULE-006,21.04,0
RULE-006,27.77,0
RULE-006,10.68,0
RULE-006,22.01,0
RULE-006,22.18,0
RULE-006,34.8,0
RULE-006,16.02,0
RULE-006,42.1,0
RULE-006,49.53,0
RULE-006,26.19,0
RULE-006,15.24,0
RULE-006,32.61,0
RULE-006,17.84,0
RULE-006,32.44,0
RULE-006,53.84,0
RULE-006,0.63,0
RULE-006,36.26,0
RULE-006,42.99,0
RULE-006,25.67,0
RULE-006,14.4,0
RULE-006,22.75,0
RULE-006,28.62,0
RULE-006,25.83,0
RULE-006,39.3,0
RULE-006,24.78,0
RULE-006,22.78,0
RULE-006,2.71,0
RULE-006,7.74,0
RULE-006,9.9,0
RULE-006,17.16,0
RULE-006,41.46,0
RULE-006,35.98,0
RULE-006,30.43,0
RULE-006,24.76,0
RULE-006,31.98,0
RULE-006,36.54,0
RULE-006,0.94,0
RULE-006,20.35,0
RULE-006,25.98,0
RULE-006,0.0,0
RULE-006,6.21,0
RULE-006,16.06,0
RULE-006,30.6,0
RULE-006,44.94,0
RULE-006,69.13,1
RULE-006,37.78,0
RULE-006,14.67,0
RULE-006,31.74,0
RULE-006,29.01,0
RULE-006,32.49,0
RULE-006,19.73,0
RULE-006,25.46,0
RULE-006,31.65,0
RULE-006,44.68,0
RULE-006,49.85,0
RULE-006,22.94,0
RULE-006,38.83,0
RULE-006,36.42,0
RULE-006,28.67,0
RULE-006,65.35,1
RULE-006,5.26,0
RULE-006,64.14,1
RULE-006,42.69,0
RULE-006,20.6,0
RULE-006,67.42,1
RULE-006,46.28,0
RULE-006,34.77,0
RULE-006,23.32,0
RULE-006,16.9,0
RULE-006,18.9,0
RULE-006,22.0,0
RULE-006,33.74,0
RULE-006,0.39,0
RULE-006,4.52,0
RULE-006,49.93,0
RULE-006,26.03,0
RULE-006,28.01,0
RULE-006,24.31,0
RULE-006,44.73,0
RULE-006,19.47,0
RULE-006,16.05,0
RULE-006,3.14,0
RULE-006,42.74,0
RULE-006,25.9,0
RULE-006,9.21,0
RULE-006,7.29,0
RULE-006,21.71,0
RULE-006,17.65,0
RULE-006,28.6,0
RULE-006,14.82,0
RULE-006,8.09,0
RULE-006,28.2,0
RULE-006,13.2,0
RULE-006,36.47,0
RULE-006,40.62,0
RULE-006,10.73,0
RULE-006,57.1,1
RULE-006,25.62,0
RULE-006,39.03,0
RULE-006,24.47,0
RULE-006,10.61,0
RULE-006,27.24,0
RULE-006,43.13,0
RULE-006,19.13,0
RULE-006,52.82,0
RULE-006,30.62,0
RULE-006,21.91,0
RULE-006,44.42,0
RULE-006,17.02,0
RULE-006,9.89,0
RULE-006,4.1,0
RULE-006,26.64,0
RULE-006,1.26,0
RULE-006,12.99,0
RULE-006,42.35,0
RULE-006,14.93,0
RULE-006,32.42,0
RULE-006,0.0,0
RULE-006,24.99,0
RULE-006,35.54,0
RULE-006,19.04,0
RULE-006,21.3,0
RULE-006,32.84,0
RULE-006,33.06,0
RULE-006,19.56,0
RULE-006,40.5,0
RULE-006,7.18,0
RULE-006,35.11,0
RULE-006,38.04,0
RULE-006,38.25,0
RULE-006,49.1,0
RULE-006,26.92,0
RULE-006,23.1,0
RULE-006,33.67,0
RULE-006,21.39,0
RULE-006,45.11,0
RULE-006,35.9,0
RULE-006,27.82,0
RULE-006,22.12,0
RULE-006,48.69,0
RULE-006,27.7,0
RULE-006,35.33,0
RULE-006,28.12,0
RULE-006,19.11,0
RULE-006,33.45,0
RULE-006,22.11,0
RULE-006,29.43,0
RULE-006,2.11,0
RULE-006,36.12,0
RULE-006,1.14,0
RULE-006,52.4,1
RULE-006,33.47,0
RULE-006,21.95,0
RULE-006,28.49,0
RULE-006,42.15,0
RULE-006,16.85,0
RULE-006,16.06,0
RULE-006,44.67,0
RULE-006,34.97,0
RULE-006,21.46,0
RULE-006,12.63,0
RULE-006,30.5,0
RULE-006,28.22,0
RULE-006,18.06,0
RULE-006,29.02,0
RULE-006,21.16,0
RULE-006,1.04,0
RULE-006,49.6,0
RULE-006,36.16,0
RULE-006,29.47,0
RULE-006,36.3,0
RULE-006,35.31,0
RULE-006,37.04,0
RULE-006,41.07,0
RULE-006,17.4,0
RULE-006,31.75,0
RULE-006,24.93,0
RULE-006,4.72,0
RULE-006,36.94,0
RULE-006,32.74,0
RULE-006,16.74,0
RULE-006,52.58,1
RULE-006,37.99,0
RULE-006,37.54,0
RULE-006,0.0,0
RULE-006,7.06,0
RULE-006,38.95,0
RULE-006,34.6,0
RULE-006,22.59,0
RULE-006,15.85,0
RULE-006,20.14,0
RULE-006,2.17,0
RULE-006,21.88,0
RULE-006,14.07,0
RULE-006,21.25,0
RULE-006,24.73,0
RULE-006,32.9,0
RULE-006,9.66,0
RULE-006,22.28,0
RULE-006,20.5,0
RULE-006,38.68,0
RULE-006,26.0,0
RULE-006,46.63,1
RULE-006,17.59,0
RULE-006,25.65,0
RULE-006,20.49,0
RULE-006,32.79,0
RULE-006,24.0,0
RULE-006,25.6,0
RULE-006,29.26,0
RULE-006,21.54,0
RULE-006,39.91,0
RULE-006,15.35,0
RULE-006,50.02,0
RULE-006,7.2,0
RULE-006,24.33,0
RULE-006,68.73,1
RULE-006,27.08,0
RULE-006,35.72,0
RULE-006,36.97,0
RULE-006,23.9,0
RULE-006,13.04,0
RULE-006,21.32,0
RULE-006,19.74,0
RULE-006,12.81,0
RULE-006,0.0,0
RULE-006,19.0,0
RULE-006,18.61,0
RULE-006,22.12,0
RULE-006,10.42,0
RULE-006,37.07,0
RULE-006,44.76,0
RULE-006,3.04,0
RULE-006,46.99,0
RULE-006,7.61,0
RULE-006,21.96,0
RULE-006,47.95,0
RULE-006,39.57,0
RULE-006,28.43,0
RULE-006,16.35,0
RULE-006,30.71,0
RULE-006,54.8,0
RULE-006,1.29,0
RULE-006,21.48,0
RULE-006,34.77,0
RULE-006,31.87,0
RULE-006,24.83,0
RULE-006,31.02,0
RULE-006,25.65,0
RULE-006,17.95,0
RULE-006,29.24,0
RULE-006,10.74,0
RULE-006,17.75,0
RULE-006,20.44,0
RULE-006,21.89,0
RULE-006,19.96,0
RULE-006,40.56,0
RULE-006,17.12,0
RULE-006,20.09,0
RULE-006,14.26,0
RULE-006,17.31,0
RULE-006,36.32,0
RULE-006,6.52,0
RULE-006,23.08,0
RULE-006,22.17,0
RULE-006,21.69,0
RULE-006,35.2,0
RULE-006,11.42,0
RULE-006,38.68,0
RULE-006,34.31,0
RULE-006,45.36,0
RULE-006,52.86,1
RULE-006,13.17,0
RULE-006,0.46,0
RULE-006,18.37,0
RULE-006,8.92,0
RULE-007,34.63,0
RULE-007,60.34,0
RULE-007,48.24,0
RULE-007,20.03,0
RULE-007,57.46,0
RULE-007,28.29,0
RULE-007,34.67,0
RULE-007,40.02,0
RULE-007,49.98,0
RULE-007,28.64,0
RULE-007,60.99,0
RULE-007,57.22,0
RULE-007,34.5,0
RULE-007,25.55,0
RULE-007,39.79,0
RULE-007,59.6,0
RULE-007,20.87,0
RULE-007,69.31,0
RULE-007,51.38,0
RULE-007,37.67,0
RULE-007,19.78,0
RULE-007,51.39,0
RULE-007,67.88,0
RULE-007,34.77,0
RULE-007,48.9,0
RULE-007,44.93,0
RULE-007,38.43,0
RULE-007,40.55,0
RULE-007,27.21,0
RULE-007,23.95,0
RULE-007,24.36,0
RULE-007,38.16,0
RULE-007,4.81,0
RULE-007,45.39,0
RULE-007,19.6,0
RULE-007,39.86,0
RULE-007,35.39,0
RULE-007,38.0,0
RULE-007,41.49,0
RULE-007,28.05,0
RULE-007,27.16,0
RULE-007,22.63,0
RULE-007,41.6,0
RULE-007,9.14,0
RULE-007,47.82,0
RULE-007,20.66,0
RULE-007,27.65,0
RULE-007,38.71,0
RULE-007,85.13,1
RULE-007,49.56,0
RULE-007,27.17,0
RULE-007,20.25,0
RULE-007,21.33,0
RULE-007,39.06,0
RULE-007,33.8,0
RULE-007,43.03,0
RULE-007,37.08,0
RULE-007,1.3,0
RULE-007,38.31,0
RULE-007,23.88,0
RULE-007,27.85,0
RULE-007,15.32,0
RULE-007,14.25,0
RULE-007,21.14,0
RULE-007,81.87,0
RULE-007,45.51,0
RULE-007,28.37,0
RULE-007,28.91,0
RULE-007,25.65,0
RULE-007,55.3,0
RULE-007,14.38,0
RULE-007,36.2,0
RULE-007,32.07,0
RULE-007,46.78,0
RULE-007,31.5,0
RULE-007,79.01,1
RULE-007,33.29,0
RULE-007,22.43,0
RULE-007,42.06,0
RULE-007,39.82,0
RULE-007,31.2,0
RULE-007,81.34,1
RULE-007,43.11,0
RULE-007,22.52,0
RULE-007,37.26,0
RULE-007,14.01,0
RULE-007,37.65,0
RULE-007,49.19,0
RULE-007,33.28,0
RULE-007,25.43,0
RULE-007,27.68,0
RULE-007,24.93,0
RULE-007,51.92,0
RULE-007,42.95,0
RULE-007,44.58,0
RULE-007,32.95,0
RULE-007,81.79,1
RULE-007,52.89,0
RULE-007,55.13,0
RULE-007,5.42,0
RULE-007,9.12,0
RULE-007,41.9,0
RULE-007,0.75,0
RULE-007,52.03,0
RULE-007,53.98,1
RULE-007,18.99,0
RULE-007,7.17,0
RULE-007,21.96,0
RULE-007,13.88,0
RULE-007,48.52,0
RULE-007,47.4,0
RULE-007,57.07,0
RULE-007,23.14,0
RULE-007,41.23,0
RULE-007,38.72,0
RULE-007,58.31,0
RULE-007,9.11,0
RULE-007,40.72,0
RULE-007,38.4,0
RULE-007,58.78,0
RULE-007,45.19,0
RULE-007,77.81,1
RULE-007,61.41,0
RULE-007,8.76,0
RULE-007,25.95,0
RULE-007,24.05,0
RULE-007,48.71,0
RULE-007,33.8,0
RULE-007,55.72,0
RULE-007,46.38,0
RULE-007,14.88,0
RULE-007,45.86,0
RULE-007,45.88,0
RULE-007,5.88,0
RULE-007,52.97,0
RULE-007,72.6,0
RULE-007,38.66,0
RULE-007,5.75,0
RULE-007,16.17,0
RULE-007,49.68,0
RULE-007,5.18,0
RULE-007,24.23,0
RULE-007,7.9,0
RULE-007,19.15,0
RULE-007,36.67,0
RULE-007,59.71,0
RULE-007,42.24,0
RULE-007,39.39,0
RULE-007,40.75,0
RULE-007,51.2,0
RULE-007,43.29,0
RULE-007,34.94,0
RULE-007,28.85,0
RULE-007,29.79,0
RULE-007,70.02,0
RULE-007,10.31,0
RULE-007,29.36,0
RULE-007,4.39,0
RULE-007,63.89,0
RULE-007,37.62,0
RULE-007,45.51,0
RULE-007,37.0,0
RULE-007,31.79,0
RULE-007,31.74,0
RULE-007,54.53,0
RULE-007,50.13,0
RULE-007,39.16,0
RULE-007,51.47,0
RULE-007,41.25,0
RULE-007,46.16,0
RULE-007,25.51,0
RULE-007,12.28,0
RULE-007,44.57,0
RULE-007,41.89,0
RULE-007,56.24,0
RULE-007,102.35,1
RULE-007,47.95,0
RULE-007,52.66,0
RULE-007,8.33,0
RULE-007,56.07,0
RULE-007,37.47,0
RULE-007,40.55,0
RULE-007,19.6,0
RULE-007,51.26,0
RULE-007,63.99,0
RULE-007,16.96,0
RULE-007,12.03,0
RULE-007,29.47,0
RULE-007,26.81,0
RULE-007,21.69,0
RULE-007,62.47,0
RULE-007,55.7,0
RULE-007,43.22,0
RULE-007,9.84,0
RULE-007,82.84,1
RULE-007,29.89,0
RULE-007,13.54,0
RULE-007,50.18,0
RULE-007,53.17,0
RULE-007,42.44,0
RULE-007,78.15,0
RULE-007,62.07,0
RULE-007,26.45,0
RULE-007,49.17,0
RULE-007,37.62,0
RULE-007,19.54,0
RULE-007,34.1,0
RULE-007,50.62,0
RULE-007,4.06,0
RULE-007,27.54,0
RULE-007,14.8,0
RULE-007,43.75,0
RULE-007,30.2,0
RULE-007,63.0,1
RULE-007,54.36,0
RULE-007,35.9,0
RULE-007,47.72,0
RULE-007,39.18,0
RULE-007,39.38,0
RULE-007,21.31,0
RULE-007,69.09,0
RULE-007,27.33,0
RULE-007,41.99,0
RULE-007,36.71,0
RULE-007,30.96,0
RULE-007,36.28,0
RULE-007,26.45,0
RULE-007,10.76,0
RULE-007,36.43,0
RULE-007,30.73,0
RULE-007,52.37,0
RULE-007,43.5,0
RULE-007,44.73,0
RULE-007,58.14,0
RULE-007,28.53,0
RULE-007,49.63,0
RULE-007,29.15,0
RULE-007,21.06,0
RULE-007,60.27,0
RULE-007,39.11,0
RULE-007,86.61,1
RULE-007,12.33,0
RULE-007,51.16,0
RULE-007,1.6,0
RULE-007,25.23,0
RULE-007,38.05,0
RULE-007,42.0,0
RULE-007,32.5,0
RULE-007,35.68,0
RULE-007,43.84,0
RULE-007,50.01,0
RULE-007,8.52,0
RULE-007,14.49,0
RULE-007,9.92,0
RULE-007,27.18,0
RULE-007,25.13,0
RULE-007,8.53,0
RULE-007,55.37,1
RULE-007,27.88,0
RULE-007,32.12,0
RULE-007,26.18,0
RULE-007,52.88,0
RULE-007,69.05,1
RULE-007,77.98,0
RULE-007,34.91,0
RULE-007,28.84,0
RULE-007,48.94,0
RULE-007,34.48,0
RULE-007,42.89,0
RULE-007,59.24,0
RULE-007,31.5,0
RULE-007,26.62,0
RULE-007,57.47,0
RULE-007,51.19,0
RULE-007,17.69,0
RULE-007,48.27,0
RULE-007,44.2,0
RULE-007,48.46,0
RULE-007,27.0,0
RULE-007,0.5,0
RULE-007,34.8,0
RULE-007,24.08,0
RULE-007,30.51,0
RULE-007,10.23,0
RULE-007,36.93,0
RULE-007,19.21,0
RULE-007,2.58,0
RULE-007,48.08,0
RULE-007,39.38,0
RULE-007,55.28,0
RULE-007,20.39,0
RULE-007,19.92,0
RULE-007,47.74,0
RULE-007,18.76,0
RULE-007,39.84,0
RULE-007,37.43,0
RULE-007,40.63,0
RULE-007,44.88,0
RULE-007,45.71,0
RULE-007,58.94,0
RULE-007,32.4,0
RULE-007,66.96,0
RULE-007,48.69,0
RULE-007,89.25,1
RULE-007,7.57,0
RULE-007,52.39,0
RULE-007,12.62,0
RULE-007,57.02,0
RULE-007,25.67,0
RULE-007,16.05,0
RULE-007,24.34,0
RULE-007,13.0,0
RULE-007,34.65,0
RULE-007,104.61,1
RULE-007,31.25,0
RULE-007,42.91,0
RULE-007,19.82,0
RULE-007,45.38,0
RULE-007,11.8,0
RULE-007,6.38,0
RULE-007,29.51,0
RULE-007,0.0,0
RULE-007,38.2,0
RULE-007,47.48,0
RULE-007,8.41,0
RULE-007,35.84,0
RULE-007,42.87,0
RULE-007,35.92,0
RULE-007,31.91,0
RULE-007,37.38,0
RULE-007,47.88,0
RULE-007,27.67,0
RULE-007,64.56,0
RULE-007,44.59,0
RULE-007,30.78,0
RULE-007,56.63,0
RULE-007,22.32,0
RULE-007,41.36,0
RULE-007,9.72,0
RULE-007,29.91,0
RULE-007,62.98,0
RULE-007,52.91,0
RULE-007,41.39,0
RULE-007,46.63,0
RULE-007,30.05,0
RULE-007,24.73,0
RULE-007,27.99,0
RULE-007,59.27,1
RULE-007,28.29,0
RULE-007,29.91,0
RULE-007,12.33,0
RULE-007,76.36,0
RULE-007,32.48,0
RULE-007,19.51,0
RULE-007,53.21,0
RULE-007,59.69,0
RULE-007,17.23,0
RULE-007,85.37,1
RULE-007,37.85,0
RULE-007,26.33,0
RULE-007,43.02,0
RULE-007,40.24,0
RULE-007,24.26,0
RULE-007,30.86,0
RULE-007,75.22,0
RULE-007,20.84,0
RULE-007,75.56,1
RULE-007,30.95,0
RULE-007,50.68,0
RULE-007,15.02,0
RULE-007,20.83,0
RULE-007,41.76,0
RULE-007,34.42,0
RULE-007,25.71,0
RULE-007,43.37,0
RULE-007,53.29,0
RULE-007,47.66,0
RULE-007,13.1,0
RULE-007,6.69,0
RULE-007,8.22,0
RULE-007,36.29,0
RULE-007,26.5,0
RULE-007,17.48,0
RULE-007,43.75,0
RULE-007,47.96,0
RULE-007,44.01,0
RULE-007,70.19,1
RULE-007,50.15,0
RULE-007,25.78,0
RULE-007,40.96,0
RULE-007,68.99,0
RULE-007,26.37,0
RULE-007,26.01,0
RULE-007,48.75,1
RULE-007,35.83,0
RULE-007,46.79,0
RULE-007,48.97,0
RULE-007,9.03,0
RULE-007,47.31,0
RULE-007,64.52,1
RULE-007,12.53,0
RULE-007,54.95,0
RULE-007,12.68,0
RULE-007,69.1,0
RULE-007,44.17,0
RULE-007,31.9,0
RULE-007,40.44,0
RULE-007,13.38,0
RULE-007,43.62,0
RULE-007,32.24,0
RULE-007,26.77,0
RULE-007,36.52,0
RULE-007,14.33,0
RULE-007,12.7,0
RULE-007,32.34,0
RULE-007,54.28,0
RULE-007,48.22,0
RULE-007,43.32,0
RULE-007,58.81,0
RULE-007,38.1,0
RULE-007,13.84,0
RULE-007,51.72,0
RULE-007,23.27,0
RULE-007,22.39,0
RULE-007,27.8,0
RULE-007,52.96,0
RULE-007,39.94,0
RULE-007,6.44,0
RULE-007,54.66,0
RULE-007,24.57,0
RULE-007,48.04,0
RULE-007,44.59,0
RULE-007,26.67,0
RULE-007,67.49,0
RULE-007,13.64,0
RULE-007,57.44,0
RULE-007,39.97,0
RULE-007,34.54,0
RULE-007,27.6,0
RULE-007,19.08,0
RULE-007,37.35,0
RULE-007,64.84,1
RULE-007,13.38,0
RULE-007,65.28,1
RULE-007,52.38,0
RULE-007,32.93,0
RULE-007,48.25,0
RULE-007,56.14,0
RULE-007,37.12,0
RULE-007,34.31,0
RULE-007,39.05,0
RULE-007,27.69,0
RULE-007,38.62,0
RULE-007,59.46,0
RULE-007,0.0,0
RULE-007,38.32,0
RULE-007,26.26,0
RULE-007,59.56,0
RULE-007,25.04,0
RULE-007,39.94,0
RULE-007,43.71,0
RULE-007,25.06,0
RULE-007,35.12,0
RULE-007,19.67,0
RULE-007,0.04,0
RULE-007,36.24,0
RULE-007,42.81,0
RULE-007,12.84,0
RULE-007,19.28,0
RULE-007,27.21,0
RULE-007,35.78,0
RULE-007,37.37,0
RULE-007,25.44,0
RULE-007,63.02,0
RULE-007,31.26,0
RULE-007,36.88,0
RULE-007,37.56,0
RULE-007,18.84,0
RULE-007,14.02,0
RULE-007,54.07,0
RULE-007,48.17,0
RULE-007,34.66,0
RULE-007,50.49,0
RULE-007,21.24,0
RULE-007,26.18,0
RULE-007,32.37,0
RULE-007,57.66,0
RULE-007,12.06,0
RULE-007,9.54,0
RULE-007,46.58,0
RULE-007,43.23,0
RULE-007,61.4,0
RULE-007,26.29,0
RULE-007,37.64,0
RULE-007,17.84,0
RULE-007,47.99,0
RULE-007,63.6,0
RULE-007,0.0,0
RULE-007,42.67,0
RULE-007,19.79,0
RULE-007,56.39,0
RULE-007,39.36,0
RULE-007,42.12,0
RULE-007,8.97,0
RULE-007,16.84,0
RULE-007,45.83,0
RULE-007,13.96,0
RULE-007,49.28,0
RULE-007,41.77,0
RULE-007,31.97,0
RULE-007,38.68,0
RULE-007,75.34,1
RULE-007,22.68,0
RULE-007,55.95,0
RULE-007,46.35,0
RULE-007,66.41,0
RULE-007,71.56,0
RULE-007,31.17,0
RULE-007,35.38,0
RULE-007,25.96,0
RULE-007,22.94,0
RULE-007,53.37,0
RULE-007,37.92,0
RULE-007,41.44,0
RULE-007,51.27,0
RULE-007,12.89,0
RULE-007,18.51,0
RULE-007,42.85,0
RULE-007,12.51,0
RULE-007,22.4,0
RULE-007,32.27,0
RULE-007,22.1,0
RULE-007,51.73,0
RULE-007,44.01,0
RULE-007,32.64,0
RULE-007,22.65,0
RULE-007,36.12,0
RULE-007,34.64,0
RULE-007,36.57,0
RULE-007,40.74,0
RULE-007,1.95,0
RULE-007,28.1,0
RULE-007,24.64,0
RULE-007,36.35,0
RULE-007,36.68,0
RULE-007,48.85,0
RULE-007,5.42,0
RULE-007,31.27,0
RULE-007,40.83,0
RULE-007,45.64,0
RULE-007,53.68,0
RULE-007,60.26,0
RULE-007,41.91,0
RULE-007,67.94,1
RULE-007,21.43,0
RULE-007,37.41,0
RULE-007,25.21,0
RULE-007,37.55,0
RULE-007,45.94,0
RULE-007,37.92,0
RULE-007,31.74,0
RULE-007,16.7,0
RULE-007,17.06,0
RULE-007,22.52,0
RULE-007,23.82,0
RULE-007,12.35,0
RULE-007,37.81,0
RULE-007,35.1,0
RULE-007,43.06,0
RULE-007,40.58,0
RULE-007,27.81,0
RULE-007,38.39,0
RULE-007,32.4,0
RULE-007,44.64,0
RULE-007,28.48,0
RULE-007,54.98,0
RULE-007,8.38,0
RULE-007,33.15,0
RULE-007,43.68,0
RULE-007,27.01,0
RULE-007,47.06,0
RULE-007,65.93,0
RULE-007,59.91,1
RULE-007,36.0,0
RULE-007,55.4,0
RULE-007,45.08,0
RULE-007,54.81,0
RULE-007,29.57,0
RULE-007,56.93,0
RULE-007,52.76,0
RULE-007,43.82,0
RULE-007,16.58,0
RULE-007,45.2,0
RULE-007,41.39,0
RULE-007,28.97,0
RULE-007,0.0,0
RULE-007,31.89,0
RULE-007,35.69,0
RULE-007,55.47,0
RULE-007,15.93,0
RULE-008,33.48,0
RULE-008,73.9,0
RULE-008,47.84,1
RULE-008,12.6,0
RULE-008,54.24,0
RULE-008,43.02,0
RULE-008,20.72,0
RULE-008,46.04,0
RULE-008,56.32,0
RULE-008,21.48,0
RULE-008,15.78,0
RULE-008,35.6,0
RULE-008,22.36,0
RULE-008,34.21,0
RULE-008,28.14,0
RULE-008,17.04,0
RULE-008,27.91,0
RULE-008,9.95,0
RULE-008,77.44,1
RULE-008,20.1,0
RULE-008,19.04,0
RULE-008,43.66,0
RULE-008,36.21,0
RULE-008,29.28,0
RULE-008,27.76,0
RULE-008,16.82,0
RULE-008,51.44,1
RULE-008,48.09,0
RULE-008,44.15,0
RULE-008,4.87,0
RULE-008,0.0,0
RULE-008,9.42,0
RULE-008,22.26,0
RULE-008,7.3,0
RULE-008,60.12,0
RULE-008,31.43,0
RULE-008,11.98,0
RULE-008,34.53,0
RULE-008,42.78,0
RULE-008,13.78,0
RULE-008,44.4,0
RULE-008,3.94,0
RULE-008,24.05,0
RULE-008,40.48,0
RULE-008,13.43,0
RULE-008,58.71,0
RULE-008,30.12,0
RULE-008,0.0,0
RULE-008,17.6,0
RULE-008,6.44,0
RULE-008,13.24,0
RULE-008,38.13,0
RULE-008,27.18,0
RULE-008,22.14,0
RULE-008,45.95,0
RULE-008,50.72,0
RULE-008,8.64,0
RULE-008,39.83,0
RULE-008,52.92,0
RULE-008,34.15,0
RULE-008,0.0,0
RULE-008,30.27,0
RULE-008,34.88,0
RULE-008,30.42,0
RULE-008,0.0,0
RULE-008,7.61,0
RULE-008,29.35,0
RULE-008,17.98,0
RULE-008,18.97,0
RULE-008,0.0,0
RULE-008,32.45,0
RULE-008,22.3,0
RULE-008,36.6,0
RULE-008,42.46,0
RULE-008,31.63,0
RULE-008,3.24,0
RULE-008,42.71,0
RULE-008,50.79,0
RULE-008,26.86,0
RULE-008,26.19,0
RULE-008,36.01,0
RULE-008,18.06,0
RULE-008,26.95,0
RULE-008,54.64,0
RULE-008,2.52,0
RULE-008,32.71,0
RULE-008,32.72,0
RULE-008,25.24,0
RULE-008,0.0,0
RULE-008,22.27,0
RULE-008,22.27,0
RULE-008,31.1,0
RULE-008,21.58,0
RULE-008,39.49,0
RULE-008,27.53,0
RULE-008,15.78,0
RULE-008,8.01,0
RULE-008,37.41,0
RULE-008,14.59,0
RULE-008,9.71,0
RULE-008,45.05,0
RULE-008,49.21,0
RULE-008,79.59,1
RULE-008,39.7,0
RULE-008,39.87,0
RULE-008,12.94,0
RULE-008,37.48,0
RULE-008,42.89,0
RULE-008,29.54,0
RULE-008,17.3,0
RULE-008,29.33,0
RULE-008,21.3,0
RULE-008,45.07,0
RULE-008,19.01,0
RULE-008,0.84,0
RULE-008,23.03,0
RULE-008,6.34,0
RULE-008,12.99,0
RULE-008,27.58,0
RULE-008,25.65,0
RULE-008,14.59,0
RULE-008,7.99,0
RULE-008,27.2,0
RULE-008,51.09,0
RULE-008,49.8,0
RULE-008,44.14,0
RULE-008,59.36,0
RULE-008,18.07,0
RULE-008,49.69,0
RULE-008,30.19,0
RULE-008,21.42,0
RULE-008,21.2,0
RULE-008,16.0,0
RULE-008,26.69,0
RULE-008,30.21,0
RULE-008,41.4,0
RULE-008,23.22,0
RULE-008,7.17,0
RULE-008,27.06,0
RULE-008,25.85,0
RULE-008,32.58,0
RULE-008,71.23,1
RULE-008,0.0,0
RULE-008,10.87,0
RULE-008,48.72,0
RULE-008,17.34,0
RULE-008,31.89,0
RULE-008,52.69,0
RULE-008,49.13,0
RULE-008,5.77,0
RULE-008,1.32,0
RULE-008,1.19,0
RULE-008,16.79,0
RULE-008,23.26,0
RULE-008,20.78,0
RULE-008,23.2,0
RULE-008,31.48,0
RULE-008,10.15,0
RULE-008,31.19,0
RULE-008,34.98,0
RULE-008,2.41,0
RULE-008,21.62,0
RULE-008,0.0,0
RULE-008,14.54,0
RULE-008,47.0,0
RULE-008,67.25,1
RULE-008,34.19,0
RULE-008,55.6,0
RULE-008,29.82,0
RULE-008,11.11,0
RULE-008,41.13,0
RULE-008,31.1,0
RULE-008,0.88,0
RULE-008,4.88,0
RULE-008,38.89,0
RULE-008,31.12,0
RULE-008,37.8,0
RULE-008,12.31,0
RULE-008,38.78,0
RULE-008,35.34,0
RULE-008,0.0,0
RULE-008,27.93,0
RULE-008,27.37,0
RULE-008,22.52,0
RULE-008,12.01,0
RULE-008,14.33,0
RULE-008,53.85,1
RULE-008,25.8,0
RULE-008,18.03,0
RULE-008,4.97,0
RULE-008,0.0,0
RULE-008,1.29,0
RULE-008,34.22,0
RULE-008,18.3,0
RULE-008,46.81,1
RULE-008,37.8,0
RULE-008,51.37,0
RULE-008,32.13,0
RULE-008,29.12,0
RULE-008,25.94,0
RULE-008,15.61,0
RULE-008,43.84,0
RULE-008,34.99,0
RULE-008,35.66,0
RULE-008,57.22,0
RULE-008,41.31,0
RULE-008,37.17,0
RULE-008,0.0,0
RULE-008,19.12,0
RULE-008,38.37,0
RULE-008,25.27,0
RULE-008,57.51,0
RULE-008,35.63,0
RULE-008,32.96,0
RULE-008,17.67,0
RULE-008,24.6,0
RULE-008,10.66,0
RULE-008,22.27,0
RULE-008,19.67,0
RULE-008,0.0,0
RULE-008,0.0,0
RULE-008,33.92,0
RULE-008,75.92,1
RULE-008,13.28,0
RULE-008,29.47,0
RULE-008,22.84,0
RULE-008,39.49,0
RULE-008,25.89,0
RULE-008,7.16,0
RULE-008,40.05,0
RULE-008,50.41,0
RULE-008,29.3,0
RULE-008,24.45,0
RULE-008,9.72,0
RULE-008,24.28,0
RULE-008,58.36,1
RULE-008,1.12,0
RULE-008,2.1,0
RULE-008,24.48,0
RULE-008,0.0,0
RULE-008,35.93,0
RULE-008,18.68,0
RULE-008,1.64,0
RULE-008,35.67,0
RULE-008,41.28,0
RULE-008,19.66,0
RULE-008,34.8,0
RULE-008,17.0,0
RULE-008,51.26,0
RULE-008,23.84,0
RULE-008,36.36,0
RULE-008,27.1,0
RULE-008,8.47,0
RULE-008,47.1,1
RULE-008,8.04,0
RULE-008,0.0,0
RULE-008,26.15,0
RULE-008,24.28,0
RULE-008,10.95,0
RULE-008,8.67,0
RULE-008,53.69,0
RULE-008,40.24,0
RULE-008,12.66,0
RULE-008,28.52,0
RULE-008,12.68,0
RULE-008,24.41,0
RULE-008,17.63,0
RULE-008,14.48,0
RULE-008,7.0,0
RULE-008,23.33,0
RULE-008,29.43,0
RULE-008,62.67,0
RULE-008,54.47,0
RULE-008,27.14,0
RULE-008,35.18,0
RULE-008,27.26,0
RULE-008,28.87,0
RULE-008,28.2,0
RULE-008,35.47,0
RULE-008,3.01,0
RULE-008,23.32,0
RULE-008,27.51,0
RULE-008,57.44,0
RULE-008,18.78,0
RULE-008,22.96,0
RULE-008,27.88,0
RULE-008,36.5,0
RULE-008,41.19,0
RULE-008,14.35,0
RULE-008,47.22,0
RULE-008,15.36,0
RULE-008,0.0,0
RULE-008,19.07,0
RULE-008,16.51,0
RULE-008,62.45,0
RULE-008,12.94,0
RULE-008,46.39,0
RULE-008,23.74,0
RULE-008,47.58,0
RULE-008,46.49,0
RULE-008,13.68,0
RULE-008,7.89,0
RULE-008,0.0,0
RULE-008,8.18,0
RULE-008,35.41,0
RULE-008,22.43,0
RULE-008,18.03,0
RULE-008,7.95,0
RULE-008,41.86,0
RULE-008,33.8,0
RULE-008,12.64,0
RULE-008,25.19,0
RULE-008,45.93,0
RULE-008,0.0,0
RULE-008,44.02,0
RULE-008,11.25,0
RULE-008,28.16,0
RULE-008,10.17,0
RULE-008,15.08,0
RULE-008,23.77,0
RULE-008,27.24,0
RULE-008,33.5,0
RULE-008,0.52,0
RULE-008,37.25,0
RULE-008,49.79,0
RULE-008,43.0,0
RULE-008,72.5,1
RULE-008,29.4,0
RULE-008,11.39,0
RULE-008,34.78,0
RULE-008,24.76,0
RULE-008,37.23,0
RULE-008,12.81,0
RULE-008,42.61,0
RULE-008,55.95,0
RULE-008,39.99,0
RULE-008,6.33,0
RULE-008,4.99,0
RULE-008,16.11,0
RULE-008,0.0,0
RULE-008,32.11,0
RULE-008,6.95,0
RULE-008,49.65,1
RULE-008,10.96,0
RULE-008,35.32,0
RULE-008,46.77,0
RULE-008,26.1,0
RULE-008,42.4,0
RULE-008,5.41,0
RULE-008,21.07,0
RULE-008,4.16,0
RULE-008,41.79,0
RULE-008,54.89,0
RULE-008,12.96,0
RULE-008,18.29,0
RULE-008,56.13,0
RULE-008,30.65,0
RULE-008,35.31,0
RULE-008,42.25,0
RULE-008,56.82,0
RULE-008,33.09,0
RULE-008,31.16,0
RULE-008,6.17,0
RULE-008,17.97,0
RULE-008,56.34,0
RULE-008,32.28,0
RULE-008,0.0,0
RULE-008,26.2,0
RULE-008,39.86,0
RULE-008,18.68,0
RULE-008,0.0,0
RULE-008,34.18,0
RULE-008,48.26,0
RULE-008,46.77,0
RULE-008,32.4,0
RULE-008,33.74,0
RULE-008,32.7,0
RULE-008,0.0,0
RULE-008,31.97,0
RULE-008,35.98,0
RULE-008,21.13,0
RULE-008,18.56,0
RULE-008,31.13,0
RULE-008,25.79,0
RULE-008,31.45,0
RULE-008,42.89,0
RULE-008,45.18,0
RULE-008,17.06,0
RULE-008,31.8,0
RULE-008,16.01,0
RULE-008,13.9,0
RULE-008,25.04,0
RULE-008,19.53,0
RULE-008,18.93,0
RULE-008,27.82,0
RULE-008,40.53,0
RULE-008,22.94,0
RULE-008,19.73,0
RULE-008,16.17,0
RULE-008,15.55,0
RULE-008,55.2,0
RULE-008,14.86,0
RULE-008,14.99,0
RULE-008,8.05,0
RULE-008,11.28,0
RULE-008,20.48,0
RULE-008,45.5,0
RULE-008,7.8,0
RULE-008,24.32,0
RULE-008,40.71,0
RULE-008,16.25,0
RULE-008,11.66,0
RULE-008,46.44,0
RULE-008,3.59,0
RULE-008,22.57,0
RULE-008,20.5,0
RULE-008,33.68,0
RULE-008,10.97,0
RULE-008,16.65,0
RULE-008,9.52,0
RULE-008,23.69,0
RULE-008,29.35,0
RULE-008,20.88,0
RULE-008,20.39,0
RULE-008,37.98,0
RULE-008,10.22,0
RULE-008,45.38,0
RULE-008,19.74,0
RULE-008,27.16,0
RULE-008,23.04,0
RULE-008,16.67,0
RULE-008,36.84,0
RULE-008,34.42,0
RULE-008,27.36,0
RULE-008,32.41,0
RULE-008,10.53,0
RULE-008,32.15,0
RULE-008,37.06,0
RULE-008,24.07,0
RULE-008,26.67,0
RULE-008,5.62,0
RULE-008,20.95,0
RULE-008,23.32,0
RULE-008,27.48,0
RULE-008,49.83,0
RULE-008,29.6,0
RULE-008,0.3,0
RULE-008,41.13,0
RULE-008,40.69,0
RULE-008,32.73,0
RULE-008,49.94,0
RULE-008,27.34,0
RULE-008,41.46,0
RULE-008,35.97,0
RULE-008,41.65,0
RULE-008,2.58,0
RULE-008,18.4,0
RULE-008,40.67,0
RULE-008,10.38,0
RULE-008,16.96,0
RULE-008,13.4,0
RULE-008,31.15,0
RULE-008,8.51,0
RULE-008,23.41,0
RULE-008,49.67,0
RULE-008,15.98,0
RULE-008,20.91,0
RULE-008,22.38,0
RULE-008,16.52,0
RULE-008,25.15,0
RULE-008,19.51,0
RULE-008,19.23,0
RULE-008,43.91,0
RULE-008,16.49,0
RULE-008,34.18,0
RULE-008,7.64,0
RULE-008,41.27,0
RULE-008,30.73,0
RULE-008,26.23,0
RULE-008,20.32,0
RULE-008,32.7,0
RULE-008,15.0,0
RULE-008,5.45,0
RULE-008,25.37,0
RULE-008,6.39,0
RULE-008,28.42,0
RULE-008,20.26,0
RULE-008,0.0,0
RULE-008,25.88,0
RULE-008,25.93,0
RULE-008,34.43,0
RULE-008,54.3,0
RULE-008,1.84,0
RULE-008,24.72,0
RULE-008,35.65,0
RULE-008,57.71,1
RULE-008,49.31,0
RULE-008,23.37,0
RULE-008,9.44,0
RULE-008,53.92,0
RULE-008,18.03,0
RULE-008,47.36,0
RULE-008,9.16,0
RULE-008,39.66,0
RULE-008,11.38,0
RULE-008,47.04,0
RULE-008,36.93,0
RULE-008,45.59,0
RULE-008,31.73,0
RULE-008,40.17,0
RULE-008,66.25,1
RULE-008,13.98,0
RULE-008,42.42,0
RULE-008,36.48,0
RULE-008,2.55,0
RULE-008,0.0,0
RULE-008,73.99,1
RULE-008,36.17,0
RULE-008,22.09,0
RULE-008,9.02,0
RULE-008,3.01,0
RULE-008,15.55,0
RULE-008,32.88,0
RULE-008,30.72,0
RULE-008,37.52,0
RULE-008,37.81,0
RULE-008,0.0,0
RULE-008,9.84,0
RULE-008,22.3,0
RULE-008,2.21,0
RULE-008,35.55,0
RULE-008,24.24,0
RULE-008,17.44,0
RULE-008,18.23,0
RULE-008,106.43,1
RULE-008,43.73,0
RULE-008,8.09,0
RULE-008,32.13,0
RULE-008,24.97,0
RULE-008,39.86,0
RULE-008,5.51,0
RULE-008,47.95,0
RULE-008,15.38,0
RULE-008,17.29,0
RULE-008,22.52,0
RULE-008,32.71,0
RULE-008,19.98,0
RULE-008,12.73,0
RULE-008,18.33,0
RULE-008,15.95,0
RULE-008,25.95,0
RULE-008,9.58,0
RULE-008,49.46,0
RULE-008,0.0,0
RULE-008,71.54,0
RULE-008,2.86,0
RULE-008,31.19,0
RULE-008,43.84,0
RULE-008,40.21,0
RULE-008,59.98,1
RULE-008,10.39,0
RULE-008,5.93,0
RULE-008,20.46,0
RULE-008,11.89,0
RULE-008,48.79,0
RULE-008,28.84,0
RULE-008,14.66,0
RULE-008,26.81,0
RULE-008,16.93,0
RULE-008,21.95,0
RULE-008,18.39,0
RULE-008,0.0,0
RULE-008,50.09,0
RULE-008,38.98,0
RULE-008,20.68,0
RULE-008,10.71,0
RULE-008,37.93,0
RULE-008,5.57,0
RULE-008,8.06,0
RULE-008,0.0,0
RULE-008,49.3,0
RULE-008,21.87,0
RULE-008,61.01,1
RULE-008,9.93,0
RULE-008,33.46,0
RULE-008,49.15,0
RULE-008,26.28,0
RULE-008,28.27,0
RULE-008,5.11,0
RULE-008,36.19,0
RULE-008,16.43,0
RULE-008,42.88,0
RULE-008,27.51,0
RULE-008,18.29,0
RULE-008,32.8,0
RULE-008,19.1,0
RULE-008,21.81,0
RULE-008,21.77,0
RULE-008,58.04,1
RULE-008,10.64,0
RULE-009,49.06,0
RULE-009,36.4,0
RULE-009,25.87,0
RULE-009,38.26,0
RULE-009,34.49,0
RULE-009,39.49,0
RULE-009,12.38,0
RULE-009,30.73,0
RULE-009,11.99,0
RULE-009,35.41,0
RULE-009,84.42,1
RULE-009,18.45,0
RULE-009,26.04,0
RULE-009,18.04,0
RULE-009,35.02,0
RULE-009,49.3,0
RULE-009,31.21,0
RULE-009,24.12,0
RULE-009,26.38,0
RULE-009,30.3,0
RULE-009,32.44,0
RULE-009,36.28,0
RULE-009,17.02,0
RULE-009,89.99,1
RULE-009,11.41,0
RULE-009,58.56,1
RULE-009,20.0,0
RULE-009,46.0,0
RULE-009,24.53,0
RULE-009,43.47,0
RULE-009,83.11,1
RULE-009,16.11,0
RULE-009,9.54,0
RULE-009,44.37,0
RULE-009,19.25,0
RULE-009,46.5,0
RULE-009,45.65,0
RULE-009,14.1,0
RULE-009,9.7,0
RULE-009,40.44,0
RULE-009,45.13,0
RULE-009,32.45,0
RULE-009,60.34,0
RULE-009,22.82,0
RULE-009,29.72,0
RULE-009,22.7,0
RULE-009,40.75,0
RULE-009,27.54,0
RULE-009,22.0,0
RULE-009,79.86,1
RULE-009,37.89,0
RULE-009,22.17,0
RULE-009,31.29,0
RULE-009,35.11,0
RULE-009,36.83,0
RULE-009,19.14,0
RULE-009,9.94,0
RULE-009,33.29,0
RULE-009,17.47,0
RULE-009,8.02,0
RULE-009,35.32,0
RULE-009,33.54,0
RULE-009,33.73,0
RULE-009,1.84,0
RULE-009,17.93,0
RULE-009,35.64,0
RULE-009,28.58,0
RULE-009,12.2,0
RULE-009,31.05,0
RULE-009,17.1,0
RULE-009,12.78,0
RULE-009,15.59,0
RULE-009,35.12,0
RULE-009,36.11,0
RULE-009,19.41,0
RULE-009,45.83,0
RULE-009,11.15,0
RULE-009,93.76,1
RULE-009,22.71,0
RULE-009,33.34,0
RULE-009,24.31,0
RULE-009,30.83,0
RULE-009,45.03,0
RULE-009,59.79,1
RULE-009,18.09,0
RULE-009,23.78,0
RULE-009,42.54,0
RULE-009,26.31,0
RULE-009,28.62,0
RULE-009,48.25,0
RULE-009,17.55,0
RULE-009,33.54,0
RULE-009,17.41,0
RULE-009,26.9,0
RULE-009,16.96,0
RULE-009,27.08,0
RULE-009,13.67,0
RULE-009,55.82,0
RULE-009,37.79,0
RULE-009,10.06,0
RULE-009,28.31,0
RULE-009,36.2,0
RULE-009,44.99,0
RULE-009,16.79,0
RULE-009,22.68,0
RULE-009,52.93,0
RULE-009,28.1,0
RULE-009,31.57,0
RULE-009,19.45,0
RULE-009,70.84,1
RULE-009,29.68,0
RULE-009,35.14,0
RULE-009,20.26,0
RULE-009,19.28,0
RULE-009,25.96,0
RULE-009,20.51,0
RULE-009,27.9,0
RULE-009,13.72,0
RULE-009,24.47,0
RULE-009,34.94,0
RULE-009,39.15,0
RULE-009,20.93,0
RULE-009,49.27,0
RULE-009,20.01,0
RULE-009,87.47,1
RULE-009,26.53,0
RULE-009,36.91,0
RULE-009,17.66,0
RULE-009,28.86,0
RULE-009,40.78,0
RULE-009,30.56,0
RULE-009,53.16,0
RULE-009,30.58,0
RULE-009,15.58,0
RULE-009,26.34,0
RULE-009,48.97,0
RULE-009,25.06,0
RULE-009,20.19,0
RULE-009,71.88,1
RULE-009,33.19,0
RULE-009,41.01,0
RULE-009,27.9,0
RULE-009,75.68,1
RULE-009,33.89,0
RULE-009,37.77,0
RULE-009,14.14,0
RULE-009,6.4,0
RULE-009,97.29,1
RULE-009,21.52,0
RULE-009,41.35,0
RULE-009,34.61,0
RULE-009,49.35,0
RULE-009,54.82,0
RULE-009,34.81,0
RULE-009,18.42,0
RULE-009,25.09,0
RULE-009,22.2,0
RULE-009,37.63,0
RULE-009,47.73,0
RULE-009,33.03,0
RULE-009,0.0,0
RULE-009,95.98,1
RULE-009,15.31,0
RULE-009,24.33,0
RULE-009,41.8,0
RULE-009,42.87,0
RULE-009,37.73,0
RULE-009,69.75,0
RULE-009,41.95,0
RULE-009,48.81,0
RULE-009,11.23,0
RULE-009,41.56,0
RULE-009,24.36,0
RULE-009,40.96,0
RULE-009,51.21,0
RULE-009,24.13,0
RULE-009,9.36,0
RULE-009,45.95,0
RULE-009,36.25,0
RULE-009,16.88,0
RULE-009,25.76,0
RULE-009,45.38,0
RULE-009,43.09,0
RULE-009,54.95,0
RULE-009,42.97,0
RULE-009,27.46,0
RULE-009,41.42,0
RULE-009,43.62,0
RULE-009,26.09,0
RULE-009,0.0,0
RULE-009,16.17,0
RULE-009,23.37,0
RULE-009,28.43,0
RULE-009,2.4,0
RULE-009,46.39,0
RULE-009,10.25,0
RULE-009,35.39,0
RULE-009,23.85,0
RULE-009,24.8,0
RULE-009,39.46,0
RULE-009,20.07,0
RULE-009,32.02,0
RULE-009,39.86,0
RULE-009,0.0,0
RULE-009,20.27,0
RULE-009,22.46,0
RULE-009,0.0,0
RULE-009,85.76,1
RULE-009,66.12,1
RULE-009,5.96,0
RULE-009,41.98,0
RULE-009,35.48,0
RULE-009,46.13,0
RULE-009,45.32,0
RULE-009,44.52,0
RULE-009,31.87,0
RULE-009,10.01,0
RULE-009,44.2,0
RULE-009,26.36,0
RULE-009,14.24,0
RULE-009,34.89,0
RULE-009,34.83,0
RULE-009,29.78,0
RULE-009,23.24,0
RULE-009,14.09,0
RULE-009,54.18,0
RULE-009,45.08,0
RULE-009,40.43,0
RULE-009,19.8,0
RULE-009,30.16,0
RULE-009,7.89,0
RULE-009,37.52,0
RULE-009,11.18,0
RULE-009,17.19,0
RULE-009,31.93,0
RULE-009,42.08,0
RULE-009,36.89,0
RULE-009,27.01,0
RULE-009,19.42,0
RULE-009,33.69,0
RULE-009,36.25,0
RULE-009,38.34,0
RULE-009,38.56,0
RULE-009,31.22,0
RULE-009,28.39,0
RULE-009,50.61,0
RULE-009,14.49,0
RULE-009,39.81,0
RULE-009,43.98,0
RULE-009,50.99,0
RULE-009,39.68,0
RULE-009,18.3,0
RULE-009,42.3,0
RULE-009,102.85,1
RULE-009,23.43,0
RULE-009,39.09,0
RULE-009,33.7,0
RULE-009,6.79,0
RULE-009,1.55,0
RULE-009,36.97,0
RULE-009,42.64,0
RULE-009,10.69,0
RULE-009,35.34,0
RULE-009,48.2,0
RULE-009,27.29,0
RULE-009,33.94,0
RULE-009,28.17,0
RULE-009,2.99,0
RULE-009,20.57,0
RULE-009,25.6,0
RULE-009,22.58,0
RULE-009,11.92,0
RULE-009,26.01,0
RULE-009,30.66,0
RULE-009,36.8,0
RULE-009,34.27,0
RULE-009,42.75,0
RULE-009,20.49,0
RULE-009,14.74,0
RULE-009,20.74,0
RULE-009,31.89,0
RULE-009,18.34,0
RULE-009,33.72,0
RULE-009,33.3,0
RULE-009,32.95,0
RULE-009,44.46,0
RULE-009,33.75,0
RULE-009,24.74,0
RULE-009,37.72,0
RULE-009,52.02,0
RULE-009,51.67,0
RULE-009,29.7,0
RULE-009,36.6,0
RULE-009,43.64,0
RULE-009,21.53,0
RULE-009,54.78,0
RULE-009,19.16,0
RULE-009,25.39,0
RULE-009,43.96,0
RULE-009,24.55,0
RULE-009,21.92,0
RULE-009,31.08,0
RULE-009,19.55,0
RULE-009,57.83,0
RULE-009,21.53,0
RULE-009,27.63,0
RULE-009,33.19,0
RULE-009,44.74,0
RULE-009,38.5,0
RULE-009,36.33,0
RULE-009,33.96,0
RULE-009,35.97,0
RULE-009,40.46,0
RULE-009,15.2,0
RULE-009,48.64,0
RULE-009,27.37,0
RULE-009,25.92,0
RULE-009,59.96,0
RULE-009,27.2,0
RULE-009,36.58,0
RULE-009,29.2,0
RULE-009,15.27,0
RULE-009,10.31,0
RULE-009,40.72,0
RULE-009,15.22,0
RULE-009,48.56,0
RULE-009,50.0,0
RULE-009,32.14,0
RULE-009,26.1,0
RULE-009,41.85,0
RULE-009,21.92,0
RULE-009,44.61,0
RULE-009,3.74,0
RULE-009,29.16,0
RULE-009,22.77,0
RULE-009,43.0,0
RULE-009,33.6,0
RULE-009,28.91,0
RULE-009,42.4,0
RULE-009,21.41,0
RULE-009,25.33,0
RULE-009,33.93,0
RULE-009,9.3,0
RULE-009,51.44,0
RULE-009,29.62,0
RULE-009,17.99,0
RULE-009,33.98,0
RULE-009,35.76,0
RULE-009,38.03,0
RULE-009,34.81,0
RULE-009,28.55,0
RULE-009,45.78,0
RULE-009,78.52,1
RULE-009,24.75,0
RULE-009,19.56,0
RULE-009,53.35,0
RULE-009,35.91,0
RULE-009,24.07,0
RULE-009,19.78,0
RULE-009,46.79,0
RULE-009,29.59,0
RULE-009,26.79,0
RULE-009,17.57,0
RULE-009,38.84,0
RULE-009,43.09,0
RULE-009,69.64,1
RULE-009,44.89,0
RULE-009,32.75,0
RULE-009,12.46,0
RULE-009,30.5,0
RULE-009,0.0,0
RULE-009,15.45,0
RULE-009,37.28,0
RULE-009,5.37,0
RULE-009,0.0,0
RULE-009,3.25,0
RULE-009,20.03,0
RULE-009,34.08,0
RULE-009,28.31,0
RULE-009,10.62,0
RULE-009,21.02,0
RULE-009,43.24,0
RULE-009,27.14,0
RULE-009,30.76,0
RULE-009,79.04,1
RULE-009,27.37,0
RULE-009,29.12,0
RULE-009,38.96,0
RULE-009,10.86,0
RULE-009,34.74,0
RULE-009,13.08,0
RULE-009,51.08,0
RULE-009,30.92,0
RULE-009,20.79,0
RULE-009,57.49,1
RULE-009,14.47,0
RULE-009,40.87,0
RULE-009,26.34,0
RULE-009,32.49,0
RULE-009,40.43,0
RULE-009,38.11,0
RULE-009,26.05,0
RULE-009,41.02,0
RULE-009,21.24,0
RULE-009,9.27,0
RULE-009,37.12,0
RULE-009,17.1,0
RULE-009,33.99,0
RULE-009,31.92,0
RULE-009,24.3,0
RULE-009,28.57,0
RULE-009,23.02,0
RULE-009,11.76,0
RULE-009,30.86,0
RULE-009,43.46,0
RULE-009,65.19,0
RULE-009,29.42,0
RULE-009,36.04,0
RULE-009,82.21,1
RULE-009,17.08,0
RULE-009,53.22,0
RULE-009,21.27,0
RULE-009,13.03,0
RULE-009,79.99,0
RULE-009,18.22,0
RULE-009,39.12,0
RULE-009,22.65,0
RULE-009,20.35,0
RULE-009,23.31,0
RULE-009,26.92,0
RULE-009,30.0,0
RULE-009,24.98,0
RULE-009,22.91,0
RULE-009,18.89,0
RULE-009,44.08,0
RULE-009,56.89,0
RULE-009,32.71,0
RULE-009,21.9,0
RULE-009,37.7,0
RULE-009,42.78,0
RULE-009,38.31,0
RULE-009,24.05,0
RULE-009,16.12,0
RULE-009,101.85,1
RULE-009,33.11,0
RULE-009,27.54,0
RULE-009,22.02,0
RULE-009,76.62,1
RULE-009,62.42,0
RULE-009,51.06,0
RULE-009,55.38,0
RULE-009,26.93,0
RULE-009,14.73,0
RULE-009,18.33,0
RULE-009,35.28,0
RULE-009,25.69,0
RULE-009,13.86,0
RULE-009,15.97,0
RULE-009,34.83,0
RULE-009,22.67,0
RULE-009,38.42,0
RULE-009,26.3,0
RULE-009,7.05,0
RULE-009,45.23,0
RULE-009,37.34,0
RULE-009,47.32,0
RULE-009,21.82,0
RULE-009,15.76,0
RULE-009,30.07,0
RULE-009,22.66,0
RULE-009,2.67,0
RULE-009,63.15,1
RULE-009,26.54,0
RULE-009,32.36,0
RULE-009,31.79,0
RULE-009,32.34,0
RULE-009,22.1,0
RULE-009,45.02,0
RULE-009,12.91,0
RULE-009,12.11,0
RULE-009,33.65,0
RULE-009,47.51,0
RULE-009,25.52,0
RULE-009,51.74,0
RULE-009,37.51,0
RULE-009,23.33,0
RULE-009,11.15,0
RULE-009,23.77,0
RULE-009,24.92,0
RULE-009,29.07,0
RULE-009,36.3,0
RULE-009,28.13,0
RULE-009,42.37,0
RULE-009,40.32,0
RULE-009,24.7,0
RULE-009,42.81,0
RULE-009,40.08,0
RULE-009,18.07,0
RULE-009,38.29,0
RULE-009,29.56,0
RULE-009,50.89,0
RULE-009,31.88,0
RULE-009,44.72,0
RULE-009,50.89,0
RULE-009,23.45,0
RULE-009,36.86,0
RULE-009,25.38,0
RULE-009,33.92,0
RULE-009,10.99,0
RULE-009,12.52,0
RULE-009,46.49,0
RULE-009,23.23,0
RULE-009,60.64,0
RULE-009,21.48,0
RULE-009,57.04,0
RULE-009,24.76,0
RULE-009,29.96,0
RULE-009,29.5,0
RULE-009,18.4,0
RULE-009,57.21,0
RULE-009,42.22,0
RULE-009,34.55,0
RULE-009,31.82,0
RULE-009,5.89,0
RULE-009,33.92,0
RULE-009,11.18,0
RULE-009,32.18,0
RULE-009,25.3,0
RULE-009,34.91,0
RULE-009,25.42,0
RULE-009,37.87,0
RULE-009,41.24,0
RULE-009,36.19,0
RULE-009,30.08,0
RULE-009,19.38,0
RULE-009,18.91,0
RULE-009,44.97,0
RULE-009,44.94,0
RULE-009,58.27,0
RULE-009,25.83,0
RULE-009,42.48,0
RULE-009,28.66,0
RULE-009,12.58,0
RULE-009,33.27,0
RULE-009,35.74,0
RULE-009,8.33,0
RULE-009,47.51,0
RULE-009,29.37,0
RULE-009,42.89,0
RULE-009,15.41,0
RULE-009,13.12,0
RULE-009,38.49,0
RULE-009,27.92,0
RULE-009,19.21,0
RULE-009,7.74,0
RULE-009,41.73,0
RULE-009,48.8,0
RULE-009,43.77,0
RULE-009,13.28,0
RULE-009,19.1,0
RULE-009,25.29,0
RULE-009,13.34,0
RULE-009,0.0,0
RULE-009,26.08,0
RULE-009,9.94,0
RULE-009,17.08,0
RULE-009,46.16,0
RULE-009,44.67,0
RULE-009,40.96,0
RULE-009,21.81,0
RULE-009,16.34,0
RULE-009,48.6,0
RULE-009,0.0,0
RULE-009,25.19,0
RULE-009,33.01,0
RULE-009,58.58,1
RULE-009,61.03,0
RULE-009,34.43,0
RULE-009,36.44,0
RULE-009,9.51,0
RULE-009,34.66,0
RULE-009,18.66,0
RULE-009,25.75,0
RULE-009,31.0,0
RULE-009,27.7,0
RULE-009,52.91,0
RULE-009,18.55,0
RULE-009,26.24,0
RULE-009,39.78,0
RULE-009,6.38,0
RULE-009,13.58,0
RULE-009,15.23,0
RULE-009,32.52,0
RULE-009,24.29,0
RULE-009,23.7,0
RULE-009,43.86,0
RULE-009,27.74,0
RULE-009,50.16,0
RULE-009,47.12,0
RULE-009,16.21,0
RULE-010,14.09,0
RULE-010,19.39,0
RULE-010,42.6,0
RULE-010,35.97,0
RULE-010,27.9,0
RULE-010,16.09,0
RULE-010,32.79,0
RULE-010,33.85,0
RULE-010,42.05,0
RULE-010,3.99,0
RULE-010,18.04,0
RULE-010,32.44,0
RULE-010,49.35,0
RULE-010,103.83,1
RULE-010,19.27,0
RULE-010,12.9,0
RULE-010,26.02,0
RULE-010,15.04,0
RULE-010,33.65,0
RULE-010,9.36,0
RULE-010,32.67,0
RULE-010,22.75,0
RULE-010,6.95,0
RULE-010,34.45,0
RULE-010,20.91,0
RULE-010,49.62,0
RULE-010,9.84,0
RULE-010,28.84,0
RULE-010,17.02,0
RULE-010,21.34,0
RULE-010,33.8,0
RULE-010,2.15,0
RULE-010,50.43,0
RULE-010,42.01,0
RULE-010,15.94,0
RULE-010,21.29,0
RULE-010,9.29,0
RULE-010,41.92,0
RULE-010,24.79,0
RULE-010,34.59,0
RULE-010,4.25,0
RULE-010,30.5,0
RULE-010,39.09,0
RULE-010,25.12,0
RULE-010,0.0,0
RULE-010,26.29,0
RULE-010,34.45,0
RULE-010,19.46,0
RULE-010,42.84,0
RULE-010,26.35,0
RULE-010,32.95,0
RULE-010,34.07,0
RULE-010,18.67,0
RULE-010,10.73,0
RULE-010,7.49,0
RULE-010,22.08,0
RULE-010,0.0,0
RULE-010,7.29,0
RULE-010,23.41,0
RULE-010,2.85,0
RULE-010,37.16,0
RULE-010,28.89,0
RULE-010,48.56,0
RULE-010,19.56,0
RULE-010,56.82,0
RULE-010,29.22,0
RULE-010,35.54,0
RULE-010,31.37,0
RULE-010,27.83,0
RULE-010,8.98,0
RULE-010,28.15,0
RULE-010,34.7,0
RULE-010,22.76,0
RULE-010,29.4,0
RULE-010,9.96,0
RULE-010,40.31,0
RULE-010,32.49,0
RULE-010,29.31,0
RULE-010,1.52,0
RULE-010,14.84,0
RULE-010,67.21,1
RULE-010,22.62,0
RULE-010,28.87,0
RULE-010,4.32,0
RULE-010,32.87,0
RULE-010,41.75,0
RULE-010,29.56,0
RULE-010,21.82,0
RULE-010,16.25,0
RULE-010,29.52,0
RULE-010,25.31,0
RULE-010,5.13,0
RULE-010,0.0,0
RULE-010,0.0,0
RULE-010,48.38,0
RULE-010,46.91,0
RULE-010,14.64,0
RULE-010,4.52,0
RULE-010,25.9,0
RULE-010,31.03,0
RULE-010,1.69,0
RULE-010,29.04,0
RULE-010,43.83,0
RULE-010,15.15,0
RULE-010,46.95,0
RULE-010,52.5,0
RULE-010,27.9,0
RULE-010,24.2,0
RULE-010,35.09,0
RULE-010,4.48,0
RULE-010,26.63,0
RULE-010,17.48,0
RULE-010,1.25,0
RULE-010,13.82,0
RULE-010,15.23,0
RULE-010,13.25,0
RULE-010,17.22,0
RULE-010,43.18,0
RULE-010,5.4,0
RULE-010,23.89,0
RULE-010,9.34,0
RULE-010,34.19,0
RULE-010,20.81,0
RULE-010,18.21,0
RULE-010,49.72,0
RULE-010,39.71,0
RULE-010,28.89,0
RULE-010,34.41,0
RULE-010,79.33,1
RULE-010,19.77,0
RULE-010,33.05,0
RULE-010,2.42,0
RULE-010,33.31,0
RULE-010,8.29,0
RULE-010,26.52,0
RULE-010,39.06,0
RULE-010,12.67,0
RULE-010,44.36,0
RULE-010,19.38,0
RULE-010,19.86,0
RULE-010,32.12,0
RULE-010,31.16,0
RULE-010,34.46,0
RULE-010,16.0,0
RULE-010,27.4,0
RULE-010,56.13,0
RULE-010,5.79,0
RULE-010,10.66,0
RULE-010,12.82,0
RULE-010,1.41,0
RULE-010,43.21,0
RULE-010,14.82,0
RULE-010,50.8,0
RULE-010,24.65,0
RULE-010,32.55,0
RULE-010,47.12,0
RULE-010,63.28,1
RULE-010,18.74,0
RULE-010,20.71,0
RULE-010,17.51,0
RULE-010,24.27,0
RULE-010,17.45,0
RULE-010,20.51,0
RULE-010,0.0,0
RULE-010,20.17,0
RULE-010,34.91,0
RULE-010,23.89,0
RULE-010,7.81,0
RULE-010,47.76,0
RULE-010,37.9,0
RULE-010,39.58,0
RULE-010,26.66,0
RULE-010,60.04,1
RULE-010,26.91,0
RULE-010,9.53,0
RULE-010,28.52,0
RULE-010,25.51,0
RULE-010,0.83,0
RULE-010,25.66,0
RULE-010,0.0,0
RULE-010,81.93,1
RULE-010,47.24,0
RULE-010,0.0,0
RULE-010,30.5,0
RULE-010,39.71,0
RULE-010,16.99,0
RULE-010,10.5,0
RULE-010,85.45,1
RULE-010,34.15,0
RULE-010,5.86,0
RULE-010,10.27,0
RULE-010,19.01,0
RULE-010,20.04,0
RULE-010,22.53,0
RULE-010,21.01,0
RULE-010,26.64,0
RULE-010,24.09,0
RULE-010,22.89,0
RULE-010,0.0,0
RULE-010,10.74,0
RULE-010,61.95,1
RULE-010,22.0,0
RULE-010,9.47,0
RULE-010,16.4,0
RULE-010,32.21,0
RULE-010,16.93,0
RULE-010,44.08,0
RULE-010,20.18,0
RULE-010,0.0,0
RULE-010,31.62,0
RULE-010,18.24,0
RULE-010,0.0,0
RULE-010,36.03,0
RULE-010,43.71,0
RULE-010,37.75,0
RULE-010,26.93,0
RULE-010,30.59,0
RULE-010,22.24,0
RULE-010,0.0,0
RULE-010,40.25,0
RULE-010,38.88,0
RULE-010,17.9,0
RULE-010,35.23,0
RULE-010,36.56,0
RULE-010,0.0,0
RULE-010,7.61,0
RULE-010,11.88,0
RULE-010,35.54,0
RULE-010,13.75,0
RULE-010,31.96,0
RULE-010,6.94,0
RULE-010,18.46,0
RULE-010,33.46,0
RULE-010,11.56,0
RULE-010,39.85,0
RULE-010,8.77,0
RULE-010,25.94,0
RULE-010,21.69,0
RULE-010,43.06,0
RULE-010,60.94,0
RULE-010,10.43,0
RULE-010,7.59,0
RULE-010,18.27,0
RULE-010,33.17,0
RULE-010,2.27,0
RULE-010,24.57,0
RULE-010,20.05,0
RULE-010,19.94,0
RULE-010,56.35,0
RULE-010,27.39,0
RULE-010,52.26,0
RULE-010,41.5,0
RULE-010,35.29,0
RULE-010,19.48,0
RULE-010,9.81,0
RULE-010,52.72,0
RULE-010,28.63,0
RULE-010,34.24,0
RULE-010,29.41,0
RULE-010,16.72,0
RULE-010,6.56,0
RULE-010,33.23,0
RULE-010,17.16,0
RULE-010,51.47,0
RULE-010,53.86,0
RULE-010,11.77,0
RULE-010,77.25,1
RULE-010,11.22,0
RULE-010,0.0,0
RULE-010,0.0,0
RULE-010,8.11,0
RULE-010,57.68,1
RULE-010,16.33,0
RULE-010,10.68,0
RULE-010,16.42,0
RULE-010,29.69,0
RULE-010,29.17,0
RULE-010,19.2,0
RULE-010,29.8,0
RULE-010,43.01,0
RULE-010,26.05,0
RULE-010,9.14,0
RULE-010,8.36,0
RULE-010,8.93,0
RULE-010,22.54,0
RULE-010,40.89,0
RULE-010,35.87,0
RULE-010,24.78,0
RULE-010,19.25,0
RULE-010,11.66,0
RULE-010,15.83,0
RULE-010,71.38,0
RULE-010,20.96,0
RULE-010,26.14,0
RULE-010,42.44,0
RULE-010,24.16,0
RULE-010,8.2,0
RULE-010,25.63,0
RULE-010,12.67,0
RULE-010,33.0,0
RULE-010,1.88,0
RULE-010,33.61,0
RULE-010,22.13,0
RULE-010,32.67,0
RULE-010,1.5,0
RULE-010,29.8,0
RULE-010,43.46,0
RULE-010,40.38,1
RULE-010,23.7,0
RULE-010,11.66,0
RULE-010,12.9,0
RULE-010,18.02,0
RULE-010,18.72,0
RULE-010,0.0,0
RULE-010,40.82,0
RULE-010,31.36,0
RULE-010,13.68,0
RULE-010,12.96,0
RULE-010,30.56,0
RULE-010,25.69,0
RULE-010,32.27,0
RULE-010,44.85,0
RULE-010,18.78,0
RULE-010,13.35,0
RULE-010,15.91,0
RULE-010,15.87,0
RULE-010,0.0,0
RULE-010,23.54,0
RULE-010,0.0,0
RULE-010,6.56,0
RULE-010,58.54,0
RULE-010,42.34,0
RULE-010,14.18,0
RULE-010,18.4,0
RULE-010,33.91,0
RULE-010,49.89,0
RULE-010,0.29,0
RULE-010,40.42,0
RULE-010,16.15,0
RULE-010,14.69,0
RULE-010,22.95,0
RULE-010,24.62,0
RULE-010,21.1,0
RULE-010,31.59,0
RULE-010,27.19,0
RULE-010,19.8,0
RULE-010,8.07,0
RULE-010,0.0,0
RULE-010,16.83,0
RULE-010,11.13,0
RULE-010,16.27,0
RULE-010,3.42,0
RULE-010,20.96,0
RULE-010,9.8,0
RULE-010,14.12,0
RULE-010,32.09,0
RULE-010,22.5,0
RULE-010,12.03,0
RULE-010,0.0,0
RULE-010,39.48,0
RULE-010,37.23,0
RULE-010,17.69,0
RULE-010,36.97,0
RULE-010,42.99,0
RULE-010,41.39,0
RULE-010,3.92,0
RULE-010,31.33,0
RULE-010,34.42,0
RULE-010,29.97,0
RULE-010,18.03,0
RULE-010,39.76,0
RULE-010,24.59,0
RULE-010,14.02,0
RULE-010,23.0,0
RULE-010,21.16,0
RULE-010,32.46,0
RULE-010,0.0,0
RULE-010,34.49,0
RULE-010,18.54,0
RULE-010,28.52,0
RULE-010,16.38,0
RULE-010,17.64,0
RULE-010,26.51,0
RULE-010,39.92,0
RULE-010,16.0,0
RULE-010,33.86,0
RULE-010,7.85,0
RULE-010,12.07,0
RULE-010,19.88,0
RULE-010,15.55,0
RULE-010,37.21,0
RULE-010,24.45,0
RULE-010,10.36,0
RULE-010,0.0,0
RULE-010,36.8,0
RULE-010,12.96,0
RULE-010,29.18,0
RULE-010,0.44,0
RULE-010,26.71,0
RULE-010,3.63,0
RULE-010,1.55,0
RULE-010,5.37,0
RULE-010,32.92,0
RULE-010,14.57,0
RULE-010,30.74,0
RULE-010,33.48,0
RULE-010,52.4,0
RULE-010,1.49,0
RULE-010,15.27,0
RULE-010,29.15,0
RULE-010,5.75,0
RULE-010,42.54,0
RULE-010,36.96,0
RULE-010,23.12,0
RULE-010,30.76,0
RULE-010,0.0,0
RULE-010,30.31,0
RULE-010,16.12,0
RULE-010,41.03,0
RULE-010,13.39,0
RULE-010,36.56,0
RULE-010,10.72,0
RULE-010,6.23,0
RULE-010,39.26,0
RULE-010,26.42,0
RULE-010,76.92,1
RULE-010,10.15,0
RULE-010,29.68,0
RULE-010,8.91,0
RULE-010,27.7,0
RULE-010,8.99,0
RULE-010,55.37,0
RULE-010,13.19,0
RULE-010,15.21,0
RULE-010,27.75,0
RULE-010,23.37,0
RULE-010,40.7,0
RULE-010,44.92,0
RULE-010,52.65,1
RULE-010,28.19,0
RULE-010,24.28,0
RULE-010,1.29,0
RULE-010,40.3,0
RULE-010,27.26,0
RULE-010,0.0,0
RULE-010,23.57,0
RULE-010,35.16,0
RULE-010,43.2,0
RULE-010,18.99,0
RULE-010,27.69,0
RULE-010,18.48,0
RULE-010,26.0,0
RULE-010,16.38,0
RULE-010,5.03,0
RULE-010,36.64,0
RULE-010,44.3,0
RULE-010,44.23,0
RULE-010,72.76,1
RULE-010,17.27,0
RULE-010,48.6,1
RULE-010,58.39,0
RULE-010,11.29,0
RULE-010,6.63,0
RULE-010,36.7,0
RULE-010,22.04,0
RULE-010,26.03,0
RULE-010,31.99,0
RULE-010,68.99,1
RULE-010,8.93,0
RULE-010,23.59,0
RULE-010,0.0,0
RULE-010,21.22,0
RULE-010,43.96,0
RULE-010,23.82,0
RULE-010,12.35,0
RULE-010,33.44,0
RULE-010,22.46,0
RULE-010,32.77,0
RULE-010,13.2,0
RULE-010,9.48,0
RULE-010,10.69,0
RULE-010,0.11,0
RULE-010,17.42,0
RULE-010,27.49,0
RULE-010,24.35,0
RULE-010,0.0,0
RULE-010,27.33,0
RULE-010,42.51,0
RULE-010,16.34,0
RULE-010,14.14,0
RULE-010,23.53,0
RULE-010,68.06,1
RULE-010,29.38,0
RULE-010,14.98,0
RULE-010,2.61,0
RULE-010,61.15,0
RULE-010,3.58,0
RULE-010,23.85,0
RULE-010,29.95,0
RULE-010,13.97,0
RULE-010,35.41,0
RULE-010,6.15,0
RULE-010,34.42,0
RULE-010,17.41,0
RULE-010,25.53,0
RULE-010,27.05,0
RULE-010,0.0,0
RULE-010,37.12,0
RULE-010,48.39,0
RULE-010,26.46,0
RULE-010,20.08,0
RULE-010,57.43,0
RULE-010,32.33,0
RULE-010,55.23,0
RULE-010,56.99,0
RULE-010,29.44,0
RULE-010,74.26,1
RULE-010,28.51,0
RULE-010,11.68,0
RULE-010,18.63,0
RULE-010,21.84,0
RULE-010,14.23,0
RULE-010,40.18,0
RULE-010,26.14,0
RULE-010,42.28,0
RULE-010,19.51,0
RULE-010,24.34,0
RULE-010,10.73,0
RULE-010,23.92,0
RULE-010,19.68,0
RULE-010,24.41,0
RULE-010,81.15,1
RULE-010,42.86,0
RULE-010,2.46,0
RULE-010,11.96,0
RULE-010,23.63,0
RULE-010,9.51,0
RULE-010,38.16,0
RULE-010,34.2,0
RULE-010,41.74,0
RULE-010,37.79,0
RULE-010,42.28,0
RULE-010,9.08,0
RULE-010,32.62,0
RULE-010,32.7,0
RULE-010,0.0,0
RULE-010,12.63,0
RULE-010,35.14,0
RULE-010,15.8,0
RULE-010,35.14,0
RULE-010,28.67,0
RULE-010,57.96,1
RULE-010,36.24,0
RULE-010,6.59,0
RULE-010,27.21,0
RULE-010,15.14,0
RULE-010,26.97,0
RULE-010,13.51,0
RULE-010,16.45,0
RULE-010,26.42,0
RULE-010,65.91,1
RULE-010,23.67,0
RULE-010,28.35,0
RULE-010,32.12,0
RULE-010,40.95,0
RULE-010,39.2,0
RULE-010,5.47,0
RULE-010,36.33,0
RULE-010,22.82,0
RULE-010,0.0,0
RULE-010,17.44,0
RULE-010,15.97,0
RULE-010,16.14,0
RULE-010,0.0,0
RULE-010,0.0,0
RULE-010,23.86,0
RULE-010,23.31,0
RULE-010,10.08,0
RULE-010,32.19,0
RULE-010,61.9,1
RULE-010,30.36,0
RULE-010,50.03,0
RULE-010,15.61,0
RULE-010,25.07,0
RULE-010,43.09,0
RULE-010,24.19,0
RULE-010,15.92,0
RULE-010,42.56,0
RULE-010,3.96,0
RULE-010,10.3,0
RULE-010,15.97,0
RULE-010,32.13,0
RULE-010,23.32,0
RULE-010,0.0,0
RULE-010,49.7,0
RULE-010,0.0,0
RULE-010,0.0,0
RULE-010,49.26,0
RULE-010,22.76,0
RULE-010,29.45,0
RULE-011,65.93,1
RULE-011,48.5,0
RULE-011,25.18,0
RULE-011,27.85,0
RULE-011,32.88,0
RULE-011,0.0,0
RULE-011,6.59,0
RULE-011,31.59,0
RULE-011,24.4,0
RULE-011,23.32,0
RULE-011,0.0,0
RULE-011,28.44,0
RULE-011,23.8,0
RULE-011,38.5,0
RULE-011,31.5,0
RULE-011,19.18,0
RULE-011,78.41,1
RULE-011,2.75,0
RULE-011,35.04,0
RULE-011,29.15,0
RULE-011,32.3,0
RULE-011,18.82,0
RULE-011,32.11,0
RULE-011,23.54,0
RULE-011,43.16,0
RULE-011,21.13,0
RULE-011,25.96,0
RULE-011,24.22,0
RULE-011,22.6,0
RULE-011,22.04,0
RULE-011,13.64,0
RULE-011,21.86,0
RULE-011,38.82,0
RULE-011,22.81,0
RULE-011,49.68,0
RULE-011,11.62,0
RULE-011,8.86,0
RULE-011,18.31,0
RULE-011,19.47,0
RULE-011,34.33,0
RULE-011,32.29,0
RULE-011,39.58,0
RULE-011,31.14,0
RULE-011,32.57,0
RULE-011,96.51,1
RULE-011,35.54,0
RULE-011,25.28,0
RULE-011,25.9,0
RULE-011,50.27,0
RULE-011,14.07,0
RULE-011,11.66,0
RULE-011,29.24,0
RULE-011,15.59,0
RULE-011,14.34,0
RULE-011,38.04,0
RULE-011,38.32,0
RULE-011,0.0,0
RULE-011,23.48,0
RULE-011,27.37,0
RULE-011,1.09,0
RULE-011,26.45,0
RULE-011,31.52,0
RULE-011,27.43,0
RULE-011,23.69,0
RULE-011,12.61,0
RULE-011,38.46,0
RULE-011,39.76,0
RULE-011,40.15,0
RULE-011,13.1,0
RULE-011,8.9,0
RULE-011,21.4,0
RULE-011,49.34,0
RULE-011,79.66,1
RULE-011,29.11,0
RULE-011,18.67,0
RULE-011,16.8,0
RULE-011,37.31,0
RULE-011,0.0,0
RULE-011,21.45,0
RULE-011,37.04,0
RULE-011,6.28,0
RULE-011,44.68,0
RULE-011,43.08,0
RULE-011,18.34,0
RULE-011,21.05,0
RULE-011,27.95,0
RULE-011,7.93,0
RULE-011,24.8,0
RULE-011,25.34,0
RULE-011,37.83,0
RULE-011,51.16,0
RULE-011,10.46,0
RULE-011,18.1,0
RULE-011,50.4,0
RULE-011,25.59,0
RULE-011,40.89,0
RULE-011,32.51,0
RULE-011,22.14,0
RULE-011,21.92,0
RULE-011,15.06,0
RULE-011,32.1,0
RULE-011,9.87,0
RULE-011,40.48,0
RULE-011,13.35,0
RULE-011,30.96,0
RULE-011,19.34,0
RULE-011,27.24,0
RULE-011,42.29,0
RULE-011,19.46,0
RULE-011,25.06,0
RULE-011,50.91,0
RULE-011,21.68,0
RULE-011,86.22,1
RULE-011,55.91,0
RULE-011,44.59,0
RULE-011,25.8,0
RULE-011,28.19,0
RULE-011,30.95,0
RULE-011,14.18,0
RULE-011,18.2,0
RULE-011,32.16,0
RULE-011,38.38,0
RULE-011,33.04,0
RULE-011,17.94,0
RULE-011,33.3,0
RULE-011,0.0,0
RULE-011,40.31,0
RULE-011,63.51,1
RULE-011,19.13,0
RULE-011,19.19,0
RULE-011,13.95,0
RULE-011,14.99,0
RULE-011,30.99,0
RULE-011,20.33,0
RULE-011,31.4,0
RULE-011,50.73,0
RULE-011,1.93,0
RULE-011,4.51,0
RULE-011,37.39,0
RULE-011,25.4,0
RULE-011,32.18,0
RULE-011,18.97,0
RULE-011,31.21,0
RULE-011,35.23,0
RULE-011,20.46,0
RULE-011,43.34,0
RULE-011,28.23,0
RULE-011,32.84,0
RULE-011,6.19,0
RULE-011,34.61,0
RULE-011,14.57,0
RULE-011,38.3,0
RULE-011,3.11,0
RULE-011,28.08,0
RULE-011,8.22,0
RULE-011,26.93,0
RULE-011,12.18,0
RULE-011,41.84,0
RULE-011,9.79,0
RULE-011,43.29,0
RULE-011,18.4,0
RULE-011,32.53,0
RULE-011,14.59,0
RULE-011,65.54,1
RULE-011,27.59,0
RULE-011,47.6,0
RULE-011,17.34,0
RULE-011,34.78,0
RULE-011,22.06,0
RULE-011,0.0,0
RULE-011,28.55,0
RULE-011,39.56,0
RULE-011,39.73,0
RULE-011,49.81,0
RULE-011,36.42,0
RULE-011,2.65,0
RULE-011,27.21,0
RULE-011,20.99,0
RULE-011,25.37,0
RULE-011,22.76,0
RULE-011,16.1,0
RULE-011,30.07,0
RULE-011,35.2,0
RULE-011,21.93,0
RULE-011,27.49,0
RULE-011,32.7,0
RULE-011,33.95,0
RULE-011,0.0,0
RULE-011,0.0,0
RULE-011,17.3,0
RULE-011,29.97,0
RULE-011,18.53,0
RULE-011,46.74,0
RULE-011,41.58,0
RULE-011,4.7,0
RULE-011,32.13,0
RULE-011,36.01,0
RULE-011,70.3,1
RULE-011,28.48,0
RULE-011,58.43,1
RULE-011,33.6,0
RULE-011,77.01,1
RULE-011,44.85,0
RULE-011,46.58,0
RULE-011,24.97,0
RULE-011,36.75,0
RULE-011,27.04,0
RULE-011,46.05,0
RULE-011,26.49,0
RULE-011,27.14,0
RULE-011,20.89,0
RULE-011,14.71,0
RULE-011,0.0,0
RULE-011,21.43,0
RULE-011,9.95,0
RULE-011,13.64,0
RULE-011,13.21,0
RULE-011,24.8,0
RULE-011,29.91,0
RULE-011,18.2,0
RULE-011,21.33,0
RULE-011,44.29,0
RULE-011,18.63,0
RULE-011,35.16,0
RULE-011,56.85,1
RULE-011,34.38,0
RULE-011,32.45,0
RULE-011,5.17,0
RULE-011,26.9,0
RULE-011,29.26,0
RULE-011,11.8,0
RULE-011,28.07,0
RULE-011,13.25,0
RULE-011,30.01,0
RULE-011,51.1,0
RULE-011,8.48,0
RULE-011,13.84,0
RULE-011,29.71,0
RULE-011,16.55,0
RULE-011,19.53,0
RULE-011,51.62,0
RULE-011,15.9,0
RULE-011,37.38,0
RULE-011,55.3,0
RULE-011,39.71,0
RULE-011,43.64,0
RULE-011,77.67,1
RULE-011,90.48,1
RULE-011,31.3,0
RULE-011,12.57,0
RULE-011,42.22,0
RULE-011,31.92,0
RULE-011,4.05,0
RULE-011,76.27,1
RULE-011,24.5,0
RULE-011,9.59,0
RULE-011,38.78,0
RULE-011,21.46,0
RULE-011,25.0,0
RULE-011,16.38,0
RULE-011,37.85,0
RULE-011,34.13,0
RULE-011,63.6,1
RULE-011,58.32,0
RULE-011,4.97,0
RULE-011,39.27,0
RULE-011,25.85,0
RULE-011,104.4,1
RULE-011,33.5,0
RULE-011,18.63,0
RULE-011,0.0,0
RULE-011,34.32,0
RULE-011,39.9,0
RULE-011,34.01,0
RULE-011,52.83,0
RULE-011,23.45,0
RULE-011,0.5,0
RULE-011,16.67,0
RULE-011,18.44,0
RULE-011,12.66,0
RULE-011,9.6,0
RULE-011,15.93,0
RULE-011,27.55,0
RULE-011,51.51,0
RULE-011,37.39,0
RULE-011,22.63,0
RULE-011,43.89,0
RULE-011,32.52,0
RULE-011,34.5,0
RULE-011,11.53,0
RULE-011,41.28,0
RULE-011,22.73,0
RULE-011,14.49,0
RULE-011,23.47,0
RULE-011,24.12,0
RULE-011,31.65,0
RULE-011,31.31,0
RULE-011,24.65,0
RULE-011,4.11,0
RULE-011,36.54,0
RULE-011,57.91,0
RULE-011,32.87,0
RULE-011,38.17,0
RULE-011,16.04,0
RULE-011,5.15,0
RULE-011,41.49,0
RULE-011,30.86,0
RULE-011,33.63,0
RULE-011,31.65,0
RULE-011,29.59,0
RULE-011,59.31,1
RULE-011,22.89,0
RULE-011,33.76,0
RULE-011,8.67,0
RULE-011,77.64,1
RULE-011,33.29,0
RULE-011,16.92,0
RULE-011,3.67,0
RULE-011,54.33,0
RULE-011,33.96,0
RULE-011,39.72,1
RULE-011,6.89,0
RULE-011,29.73,0
RULE-011,34.49,0
RULE-011,40.9,0
RULE-011,38.1,0
RULE-011,32.23,0
RULE-011,17.24,0
RULE-011,25.61,0
RULE-011,46.1,0
RULE-011,10.7,0
RULE-011,61.73,1
RULE-011,16.27,0
RULE-011,8.98,0
RULE-011,15.62,0
RULE-011,26.2,0
RULE-011,30.27,0
RULE-011,17.6,0
RULE-011,22.2,0
RULE-011,35.67,0
RULE-011,42.54,0
RULE-011,35.39,0
RULE-011,19.56,0
RULE-011,29.23,0
RULE-011,20.07,0
RULE-011,10.46,0
RULE-011,40.7,0
RULE-011,40.29,0
RULE-011,0.0,0
RULE-011,10.25,0
RULE-011,34.49,0
RULE-011,28.48,0
RULE-011,52.65,0
RULE-011,31.98,0
RULE-011,7.11,0
RULE-011,27.12,0
RULE-011,23.62,0
RULE-011,33.25,0
RULE-011,16.49,0
RULE-011,32.3,0
RULE-011,26.31,0
RULE-011,25.26,0
RULE-011,13.41,0
RULE-011,34.66,0
RULE-011,34.26,0
RULE-011,20.19,0
RULE-011,44.76,0
RULE-011,15.0,0
RULE-011,12.46,0
RULE-011,11.23,0
RULE-011,42.26,0
RULE-011,27.09,0
RULE-011,29.75,0
RULE-011,38.55,0
RULE-011,10.28,0
RULE-011,26.3,0
RULE-011,12.74,0
RULE-011,14.8,0
RULE-011,31.42,0
RULE-011,12.74,0
RULE-011,4.91,0
RULE-011,69.03,1
RULE-011,11.04,0
RULE-011,37.21,0
RULE-011,49.13,0
RULE-011,5.39,0
RULE-011,28.22,0
RULE-011,38.44,0
RULE-011,20.75,0
RULE-011,93.05,1
RULE-011,35.32,0
RULE-011,21.0,0
RULE-011,58.89,0
RULE-011,35.17,0
RULE-011,0.0,0
RULE-011,41.27,0
RULE-011,33.48,0
RULE-011,11.27,0
RULE-011,49.7,0
RULE-011,19.8,0
RULE-011,23.3,0
RULE-011,24.25,0
RULE-011,20.96,0
RULE-011,17.42,0
RULE-011,44.03,0
RULE-011,25.66,0
RULE-011,33.11,0
RULE-011,46.27,0
RULE-011,29.42,0
RULE-011,25.91,0
RULE-011,25.81,0
RULE-011,46.48,0
RULE-011,34.37,0
RULE-011,21.76,0
RULE-011,37.35,0
RULE-011,22.01,0
RULE-011,61.65,0
RULE-011,42.84,0
RULE-011,36.77,0
RULE-011,27.03,0
RULE-011,59.56,0
RULE-011,14.89,0
RULE-011,43.39,0
RULE-011,42.66,0
RULE-011,41.2,0
RULE-011,40.68,0
RULE-011,29.87,0
RULE-011,14.64,0
RULE-011,47.16,0
RULE-011,19.49,0
RULE-011,49.34,0
RULE-011,22.44,0
RULE-011,17.88,0
RULE-011,40.5,0
RULE-011,49.42,0
RULE-011,25.56,0
RULE-011,9.46,0
RULE-011,41.31,0
RULE-011,30.34,0
RULE-011,18.22,0
RULE-011,30.1,0
RULE-011,4.74,0
RULE-011,29.68,0
RULE-011,46.28,0
RULE-011,28.56,0
RULE-011,13.62,0
RULE-011,41.08,0
RULE-011,78.33,1
RULE-011,58.07,0
RULE-011,24.39,0
RULE-011,45.4,0
RULE-011,0.0,0
RULE-011,36.79,0
RULE-011,11.75,0
RULE-011,37.15,0
RULE-011,38.65,0
RULE-011,16.66,0
RULE-011,90.34,1
RULE-011,22.06,0
RULE-011,37.43,0
RULE-011,29.67,0
RULE-011,23.31,0
RULE-011,33.6,0
RULE-011,34.7,0
RULE-011,19.4,0
RULE-011,38.53,0
RULE-011,37.11,0
RULE-011,32.07,0
RULE-011,86.38,1
RULE-011,25.41,0
RULE-011,43.43,0
RULE-011,19.18,0
RULE-011,35.53,0
RULE-011,32.75,0
RULE-011,30.64,0
RULE-011,35.29,0
RULE-011,22.54,0
RULE-011,52.27,0
RULE-011,42.39,0
RULE-011,7.81,0
RULE-011,22.69,0
RULE-011,16.31,0
RULE-011,44.6,0
RULE-011,60.75,1
RULE-011,9.55,0
RULE-011,36.29,0
RULE-011,56.61,0
RULE-011,40.55,0
RULE-011,11.84,0
RULE-011,29.0,0
RULE-011,25.21,0
RULE-011,44.73,0
RULE-011,33.93,0
RULE-011,30.84,0
RULE-011,39.53,0
RULE-011,60.37,1
RULE-011,24.69,0
RULE-011,18.91,0
RULE-011,0.0,0
RULE-011,72.01,1
RULE-011,23.33,0
RULE-011,50.49,0
RULE-011,22.32,0
RULE-011,25.43,0
RULE-011,32.65,0
RULE-011,42.23,0
RULE-011,1.94,0
RULE-011,10.86,0
RULE-011,31.11,0
RULE-011,21.37,0
RULE-011,0.0,0
RULE-011,27.36,0
RULE-011,26.69,0
RULE-011,33.86,0
RULE-011,41.44,0
RULE-011,40.55,0
RULE-011,96.71,1
RULE-011,26.56,0
RULE-011,33.15,0
RULE-011,33.82,0
RULE-011,14.46,0
RULE-011,9.38,0
RULE-011,81.63,1
RULE-011,32.51,0
RULE-011,32.83,0
RULE-011,0.39,0
RULE-011,15.89,0
RULE-011,9.7,0
RULE-011,20.77,0
RULE-011,19.95,0
RULE-011,39.27,0
RULE-011,11.4,0
RULE-011,17.35,0
RULE-011,30.75,0
RULE-011,31.81,0
RULE-011,1.84,0
RULE-011,28.68,0
RULE-011,33.05,0
RULE-011,37.01,0
RULE-011,47.47,0
RULE-011,40.4,0
RULE-011,32.72,0
RULE-011,34.97,0
RULE-011,52.41,0
RULE-011,24.93,0
RULE-011,42.09,0
RULE-011,30.57,0
RULE-011,7.83,0
RULE-011,8.56,0
RULE-011,20.66,0
RULE-011,19.72,0
RULE-011,34.3,0
RULE-011,15.29,0
RULE-011,25.62,0
RULE-011,32.99,0
RULE-011,25.12,0
RULE-011,28.03,0
RULE-011,60.62,0
RULE-011,0.0,0
RULE-011,13.04,0
RULE-011,27.91,0
RULE-011,26.66,0
RULE-011,20.49,0
RULE-011,10.95,0
RULE-011,76.72,1
RULE-011,32.86,0
RULE-011,26.64,0
RULE-011,51.12,0
RULE-011,10.31,0
RULE-011,0.0,0
RULE-011,13.1,0
RULE-011,39.71,0
RULE-011,34.74,0
RULE-011,16.97,0
RULE-011,12.56,0
RULE-011,27.43,0
RULE-011,49.62,0
RULE-011,44.1,0
RULE-011,30.69,0
RULE-011,40.14,0
RULE-011,11.39,0
RULE-011,0.0,0
RULE-011,26.11,0
RULE-011,17.4,0
RULE-011,38.83,0
RULE-011,20.04,0
RULE-011,48.71,0
RULE-011,8.67,0
RULE-011,22.27,0
RULE-011,22.97,0
RULE-011,26.11,0
RULE-011,0.0,0
RULE-011,25.44,0
RULE-011,34.83,0
RULE-011,40.77,0
RULE-011,19.85,0
RULE-011,31.52,0
RULE-011,22.81,0
RULE-011,26.66,0
RULE-011,26.74,0
