case_id,case_type,subject_identified,account_scope_documented,lookback_days,scope_elements_total,scope_elements_reviewed,evidence_item_count,evidence_source_types,corroborated_typology,disposition,rationale_claim_count,rationale_cited_count,escalation_trigger_count,escalation_flag,alert_to_open_days,open_to_complete_days,chronology_present,missing_5w,empty_narrative_fields,label,category,expected_check
CASE-0000000,STRUCTURING,1,1,143,4,4,4,open_source|transaction_records|internal_referral|negative_news_search,0,CLOSED_NO_FINDING,3,3,0,1,3,13,1,,,0,minor_findings,
CASE-0000001,LAYERING_PASSTHROUGH,1,1,264,6,6,3,correspondence,0,CLOSED_NO_FINDING,4,4,0,1,5,23,1,,,0,minor_findings,
CASE-0000002,STRUCTURING,1,1,142,3,3,4,transaction_records|negative_news_search|kyc_file,0,ESCALATED_WITH_FINDING,6,6,2,1,3,18,1,,,0,clean,
CASE-0000003,SANCTIONS_REFERRAL,1,1,160,5,5,6,kyc_file,0,CLOSED_NO_FINDING,5,5,0,0,3,19,1,,,0,minor_findings,
CASE-0000004,SANCTIONS_REFERRAL,1,1,128,4,4,6,open_source|correspondence,0,CLOSED_NO_FINDING,4,4,0,0,1,13,1,what,,0,major_findings,
CASE-0000005,FRAUD_REFERRAL,1,1,103,4,4,8,account_statements,0,CLOSED_NO_FINDING,5,4,0,0,4,12,1,,,1,plant_uncited_disposition,unsupported_disposition
CASE-0000006,LAYERING_PASSTHROUGH,1,1,237,7,7,6,negative_news_search|open_source,0,CLOSED_NO_FINDING,2,2,0,0,5,23,1,,,0,clean,
CASE-0000007,FRAUD_REFERRAL,1,1,47,8,8,4,open_source|negative_news_search|correspondence,0,CLOSED_NO_FINDING,6,6,0,0,2,20,1,,conclusion,0,major_findings,
CASE-0000008,SANCTIONS_REFERRAL,1,1,101,6,6,3,internal_referral|kyc_file|negative_news_search|account_statements,0,CLOSED_NO_FINDING,6,6,0,0,3,6,1,what,,0,major_findings,
CASE-0000009,STRUCTURING,1,1,113,7,7,3,kyc_file|correspondence,0,CLOSED_NO_FINDING,3,3,0,0,5,22,1,,,0,clean,
CASE-0000010,FRAUD_REFERRAL,1,1,106,3,3,5,internal_referral|open_source,0,CLOSED_NO_FINDING,6,6,0,0,1,23,1,,,0,clean,
CASE-0000011,LAYERING_PASSTHROUGH,1,1,279,8,8,7,internal_referral|correspondence|kyc_file,0,CLOSED_NO_FINDING,5,5,0,0,2,38,1,,,0,clean,
CASE-0000012,FUNNEL_ACCOUNT,1,1,183,5,5,6,account_statements|transaction_records|internal_referral|negative_news_search,0,CLOSED_NO_FINDING,3,3,1,0,2,21,1,,,1,plant_missed_escalation,missed_escalation
CASE-0000013,STRUCTURING,1,1,105,6,6,5,negative_news_search|correspondence|open_source|account_statements,1,CLOSED_NO_FINDING,5,5,0,0,2,14,1,,,1,plant_hidden_contradiction,contradictory_disposition
CASE-0000014,STRUCTURING,1,1,93,8,8,4,open_source|internal_referral,0,CLOSED_NO_FINDING,4,4,0,0,4,14,1,,,0,clean,
CASE-0000015,STRUCTURING,1,1,59,6,6,5,open_source|account_statements|transaction_records,0,CLOSED_NO_FINDING,5,5,0,0,2,13,1,,,0,major_findings,
CASE-0000016,STRUCTURING,1,1,124,6,6,9,account_statements|open_source,0,ESCALATED_WITH_FINDING,2,2,2,1,2,12,1,,,0,clean,
CASE-0000017,SANCTIONS_REFERRAL,1,1,161,8,8,10,account_statements|kyc_file,0,CLOSED_NO_FINDING,3,3,1,0,3,9,1,,,1,plant_missed_escalation,missed_escalation
CASE-0000018,SANCTIONS_REFERRAL,1,1,101,7,7,4,transaction_records|negative_news_search,1,ESCALATED_WITH_FINDING,2,2,1,1,5,8,1,,,0,clean,
CASE-0000019,FRAUD_REFERRAL,1,1,63,7,7,8,account_statements|internal_referral|kyc_file,0,CLOSED_NO_FINDING,3,3,0,0,5,16,1,,,0,clean,
CASE-0000020,STRUCTURING,1,1,90,3,3,4,negative_news_search|account_statements,0,CLOSED_NO_FINDING,6,6,0,0,4,13,1,,,0,clean,
CASE-0000021,FRAUD_REFERRAL,1,1,81,4,4,7,correspondence|internal_referral|negative_news_search|transaction_records,0,CLOSED_NO_FINDING,6,6,0,0,2,16,1,,,0,clean,
CASE-0000022,SANCTIONS_REFERRAL,1,1,143,3,3,5,kyc_file|negative_news_search|account_statements,0,CLOSED_NO_FINDING,4,4,0,0,2,8,1,,,0,clean,
CASE-0000023,LAYERING_PASSTHROUGH,1,1,193,3,3,9,transaction_records|correspondence|kyc_file,0,CLOSED_NO_FINDING,3,3,0,0,4,20,1,,,0,clean,
CASE-0000024,STRUCTURING,1,1,130,6,6,4,internal_referral|account_statements,0,CLOSED_NO_FINDING,6,6,0,0,2,36,1,,,0,minor_findings,
CASE-0000025,STRUCTURING,1,1,139,4,4,4,correspondence|negative_news_search|open_source,0,CLOSED_NO_FINDING,6,6,0,0,1,25,1,,,0,clean,
CASE-0000026,FRAUD_REFERRAL,1,1,102,4,4,3,internal_referral|kyc_file,0,CLOSED_NO_FINDING,5,5,0,0,2,24,1,who,,0,major_findings,
CASE-0000027,STRUCTURING,1,1,115,6,6,6,transaction_records|internal_referral,0,CLOSED_NO_FINDING,3,3,0,0,2,23,1,,,0,clean,
CASE-0000028,STRUCTURING,1,1,118,7,7,8,transaction_records|kyc_file,1,ESCALATED_WITH_FINDING,3,3,2,1,3,14,1,,,0,clean,
CASE-0000029,LAYERING_PASSTHROUGH,1,1,196,7,7,6,transaction_records|internal_referral|open_source,0,CLOSED_NO_FINDING,2,2,0,0,3,25,1,,,0,clean,
CASE-0000030,FRAUD_REFERRAL,1,1,105,3,3,8,kyc_file|internal_referral|transaction_records|correspondence,0,CLOSED_NO_FINDING,6,6,0,0,2,16,1,,,0,clean,
CASE-0000031,FUNNEL_ACCOUNT,1,1,240,4,4,9,internal_referral|account_statements|negative_news_search|kyc_file,0,CLOSED_NO_FINDING,5,5,0,0,3,28,1,,,0,clean,
CASE-0000032,STRUCTURING,1,1,137,7,7,10,open_source|internal_referral|account_statements,0,CLOSED_NO_FINDING,6,6,0,0,4,20,1,,,0,clean,
CASE-0000033,FRAUD_REFERRAL,1,1,84,5,5,8,correspondence|account_statements,0,CLOSED_NO_FINDING,4,4,0,0,2,20,1,,,0,clean,
CASE-0000034,STRUCTURING,1,1,151,7,7,4,open_source|internal_referral|negative_news_search,0,ESCALATED_WITH_FINDING,3,3,2,1,2,26,1,,,0,clean,
CASE-0000035,STRUCTURING,1,1,146,3,3,6,correspondence|internal_referral,0,CLOSED_NO_FINDING,6,6,0,0,1,25,1,,,0,clean,
CASE-0000036,LAYERING_PASSTHROUGH,1,1,276,6,6,8,negative_news_search|internal_referral|correspondence,0,CLOSED_NO_FINDING,5,5,0,0,1,28,1,,,0,clean,
CASE-0000037,LAYERING_PASSTHROUGH,1,1,244,6,6,6,kyc_file|negative_news_search|open_source|account_statements,0,CLOSED_NO_FINDING,4,0,0,0,2,34,1,,,1,plant_uncited_disposition,unsupported_disposition
CASE-0000038,FUNNEL_ACCOUNT,1,1,235,4,4,5,account_statements|transaction_records|open_source|negative_news_search,0,CLOSED_NO_FINDING,4,4,0,0,1,20,1,,,0,clean,
CASE-0000039,FUNNEL_ACCOUNT,1,1,316,7,7,3,open_source|correspondence|transaction_records|kyc_file,0,CLOSED_NO_FINDING,4,4,0,0,4,23,1,,,0,clean,
CASE-0000040,FRAUD_REFERRAL,1,1,86,8,8,6,account_statements|kyc_file|open_source,0,CLOSED_NO_FINDING,5,5,0,0,4,16,0,,,0,major_findings,
CASE-0000041,SANCTIONS_REFERRAL,1,1,160,4,4,3,negative_news_search|correspondence|transaction_records,0,CLOSED_NO_FINDING,2,2,0,0,2,15,1,,,0,clean,
CASE-0000042,STRUCTURING,1,1,117,5,5,6,transaction_records,0,CLOSED_NO_FINDING,4,4,0,0,5,32,1,,,0,minor_findings,
CASE-0000043,FUNNEL_ACCOUNT,1,1,185,8,7,3,open_source,0,CLOSED_NO_FINDING,6,6,0,0,1,36,1,,,1,plant_unreviewed_scope,cleared_with_unreviewed_scope
CASE-0000044,LAYERING_PASSTHROUGH,1,1,290,5,5,5,negative_news_search|internal_referral|transaction_records|account_statements,0,CLOSED_NO_FINDING,4,4,0,1,2,27,1,,,0,minor_findings,
CASE-0000045,FUNNEL_ACCOUNT,1,1,208,8,8,6,internal_referral|kyc_file,0,CLOSED_NO_FINDING,6,6,0,0,4,23,1,,,0,clean,
CASE-0000046,SANCTIONS_REFERRAL,1,1,128,5,5,8,negative_news_search|internal_referral,0,CLOSED_NO_FINDING,4,4,0,0,5,11,0,,,0,major_findings,
CASE-0000047,STRUCTURING,1,1,140,6,6,9,internal_referral|negative_news_search,0,CLOSED_NO_FINDING,4,0,0,0,3,19,1,,,1,plant_uncited_disposition,unsupported_disposition
CASE-0000048,FUNNEL_ACCOUNT,1,1,102,4,4,4,open_source|account_statements|correspondence,0,CLOSED_NO_FINDING,6,6,0,0,5,19,1,when|what,,0,major_findings,
CASE-0000049,STRUCTURING,1,1,130,5,5,6,account_statements|internal_referral,0,CLOSED_NO_FINDING,5,5,0,0,5,18,1,,,0,clean,
CASE-0000050,SANCTIONS_REFERRAL,1,1,96,3,3,6,internal_referral|account_statements|kyc_file,0,CLOSED_NO_FINDING,6,6,0,0,4,8,1,,,0,clean,
CASE-0000051,LAYERING_PASSTHROUGH,1,1,245,8,8,7,account_statements|transaction_records|correspondence,0,CLOSED_NO_FINDING,4,4,0,0,5,21,1,,,0,clean,
CASE-0000052,LAYERING_PASSTHROUGH,1,1,249,8,8,7,correspondence|account_statements,0,CLOSED_NO_FINDING,4,4,0,0,2,20,1,,,0,clean,
CASE-0000053,STRUCTURING,1,1,160,3,3,7,account_statements|internal_referral|open_source|transaction_records,1,ESCALATED_WITH_FINDING,2,2,2,1,5,9,1,,,0,clean,
CASE-0000054,FUNNEL_ACCOUNT,1,1,196,6,6,4,open_source|transaction_records|negative_news_search,0,CLOSED_NO_FINDING,2,2,0,0,3,38,1,,,0,clean,
CASE-0000055,FRAUD_REFERRAL,1,1,86,3,3,9,negative_news_search|correspondence|account_statements|open_source,0,CLOSED_NO_FINDING,5,5,0,0,1,27,1,,,0,clean,
CASE-0000056,STRUCTURING,1,1,130,5,5,3,account_statements,0,CLOSED_NO_FINDING,4,4,3,0,5,23,1,,,1,plant_missed_escalation,missed_escalation
CASE-0000057,STRUCTURING,1,1,110,6,6,6,internal_referral|kyc_file|open_source,1,ESCALATED_WITH_FINDING,2,2,2,1,4,19,1,,,0,clean,
CASE-0000058,LAYERING_PASSTHROUGH,1,1,212,7,7,5,correspondence|account_statements|transaction_records,0,CLOSED_NO_FINDING,2,2,0,0,2,26,1,where|who,,0,major_findings,
CASE-0000059,FUNNEL_ACCOUNT,1,1,243,6,6,3,internal_referral|kyc_file|negative_news_search,0,CLOSED_NO_FINDING,4,4,0,0,3,27,1,,,0,clean,
CASE-0000060,STRUCTURING,1,1,161,3,3,7,transaction_records|account_statements|open_source|negative_news_search,0,CLOSED_NO_FINDING,4,4,0,0,5,16,1,,,0,clean,
CASE-0000061,LAYERING_PASSTHROUGH,1,1,230,6,6,8,internal_referral|transaction_records|account_statements,0,CLOSED_NO_FINDING,4,4,0,0,4,37,1,,,0,clean,
CASE-0000062,FUNNEL_ACCOUNT,1,1,185,7,7,4,kyc_file|correspondence|transaction_records,0,CLOSED_NO_FINDING,5,5,0,0,4,34,1,,,0,clean,
CASE-0000063,FRAUD_REFERRAL,1,1,82,7,7,3,negative_news_search|kyc_file,1,CLOSED_NO_FINDING,6,6,0,0,1,21,1,,,1,plant_hidden_contradiction,contradictory_disposition
CASE-0000064,SANCTIONS_REFERRAL,1,1,156,4,4,10,negative_news_search,0,CLOSED_NO_FINDING,3,3,0,1,2,8,1,,,0,minor_findings,
CASE-0000065,STRUCTURING,1,1,136,3,3,5,internal_referral|kyc_file|negative_news_search,0,CLOSED_NO_FINDING,4,4,0,0,1,18,1,,,0,clean,
CASE-0000066,FUNNEL_ACCOUNT,1,1,207,6,6,5,kyc_file|open_source,0,CLOSED_NO_FINDING,4,4,0,0,4,27,1,,,0,clean,
CASE-0000067,LAYERING_PASSTHROUGH,1,1,0,5,5,10,open_source|negative_news_search,0,CLOSED_NO_FINDING,5,5,0,0,1,24,1,,,1,plant_missing_mandatory,missing_mandatory_element
CASE-0000068,FUNNEL_ACCOUNT,1,1,214,8,8,9,correspondence|open_source,0,CLOSED_NO_FINDING,2,2,0,0,3,36,0,,conclusion|case_background,0,major_findings,
CASE-0000069,STRUCTURING,1,1,152,3,3,10,negative_news_search|open_source,0,CLOSED_NO_FINDING,2,2,0,0,5,12,1,,,0,clean,
CASE-0000070,FUNNEL_ACCOUNT,1,1,116,5,5,9,transaction_records|kyc_file|negative_news_search|open_source,0,CLOSED_NO_FINDING,4,4,0,0,2,17,1,,case_background,0,major_findings,
CASE-0000071,FRAUD_REFERRAL,1,1,96,3,3,4,account_statements|internal_referral|kyc_file,0,CLOSED_NO_FINDING,2,2,1,0,1,18,1,,,1,plant_missed_escalation,missed_escalation
CASE-0000072,FUNNEL_ACCOUNT,1,1,278,7,7,5,account_statements|transaction_records,0,CLOSED_NO_FINDING,6,6,0,0,2,29,1,,,0,clean,
CASE-0000073,LAYERING_PASSTHROUGH,1,1,200,7,7,10,kyc_file|open_source|correspondence|transaction_records,1,CLOSED_NO_FINDING,5,5,0,0,2,28,1,,,1,plant_hidden_contradiction,contradictory_disposition
CASE-0000074,STRUCTURING,1,1,111,7,7,9,open_source,0,CLOSED_NO_FINDING,5,5,0,1,4,23,1,,,0,minor_findings,
CASE-0000075,LAYERING_PASSTHROUGH,1,1,236,8,8,3,correspondence|internal_referral|transaction_records|open_source,0,CLOSED_NO_FINDING,4,4,0,1,3,15,1,,,0,minor_findings,
CASE-0000076,STRUCTURING,1,1,144,8,8,5,transaction_records|internal_referral|correspondence|kyc_file,0,CLOSED_NO_FINDING,5,5,0,0,2,20,1,,conclusion|case_background,0,major_findings,
CASE-0000077,STRUCTURING,1,1,153,7,7,8,negative_news_search|kyc_file|account_statements|internal_referral,0,CLOSED_NO_FINDING,5,5,0,0,2,13,1,,,0,clean,
CASE-0000078,STRUCTURING,1,1,159,6,3,5,correspondence|internal_referral,0,CLOSED_NO_FINDING,5,5,0,0,3,22,1,,,1,plant_unreviewed_scope,cleared_with_unreviewed_scope
CASE-0000079,STRUCTURING,1,1,72,5,5,7,open_source|internal_referral|kyc_file|transaction_records,0,CLOSED_NO_FINDING,3,3,0,0,5,9,1,who,,0,major_findings,
CASE-0000080,FUNNEL_ACCOUNT,1,1,200,3,3,3,open_source|transaction_records|internal_referral,0,CLOSED_NO_FINDING,3,3,0,0,5,50,1,,,0,minor_findings,
CASE-0000081,SANCTIONS_REFERRAL,1,1,134,6,6,7,internal_referral|kyc_file,0,CLOSED_NO_FINDING,3,3,0,0,4,11,1,,,0,clean,
CASE-0000082,FRAUD_REFERRAL,1,1,86,5,5,8,open_source|kyc_file,0,CLOSED_NO_FINDING,3,3,0,0,1,27,1,,,0,clean,
CASE-0000083,FRAUD_REFERRAL,1,1,90,4,3,3,correspondence|kyc_file,0,CLOSED_NO_FINDING,3,3,0,0,4,9,1,,,1,plant_unreviewed_scope,cleared_with_unreviewed_scope
CASE-0000084,FRAUD_REFERRAL,1,1,75,4,4,5,transaction_records|kyc_file|account_statements|negative_news_search,0,CLOSED_NO_FINDING,6,6,0,0,5,10,1,,,0,clean,
CASE-0000085,STRUCTURING,1,1,146,5,5,6,kyc_file|transaction_records|account_statements|correspondence,0,CLOSED_NO_FINDING,2,2,0,0,1,13,1,,,0,clean,
CASE-0000086,FUNNEL_ACCOUNT,1,1,253,5,5,4,negative_news_search|account_statements|correspondence,0,ESCALATED_WITH_FINDING,2,2,3,1,1,28,1,,,0,clean,
CASE-0000087,FUNNEL_ACCOUNT,1,1,241,6,6,4,internal_referral|open_source|transaction_records,0,CLOSED_NO_FINDING,2,2,0,0,1,41,1,,,0,clean,
CASE-0000088,STRUCTURING,1,1,141,7,7,9,negative_news_search|kyc_file|open_source|correspondence,0,ESCALATED_WITH_FINDING,2,2,1,1,5,17,1,,,0,clean,
CASE-0000089,SANCTIONS_REFERRAL,1,1,120,4,4,6,kyc_file|open_source|internal_referral,0,CLOSED_NO_FINDING,5,3,0,0,5,10,1,,,1,plant_uncited_disposition,unsupported_disposition
CASE-0000090,FUNNEL_ACCOUNT,1,1,189,6,6,4,open_source|transaction_records,0,CLOSED_NO_FINDING,4,4,0,1,2,32,1,,,0,minor_findings,
CASE-0000091,FRAUD_REFERRAL,1,1,105,8,8,9,transaction_records|kyc_file|negative_news_search|internal_referral,0,CLOSED_NO_FINDING,4,4,0,0,1,17,1,,,0,clean,
CASE-0000092,LAYERING_PASSTHROUGH,1,1,230,3,3,8,correspondence|kyc_file,0,CLOSED_NO_FINDING,6,6,0,0,4,19,1,,,0,clean,
CASE-0000093,FUNNEL_ACCOUNT,1,1,260,8,8,7,account_statements|kyc_file,0,CLOSED_NO_FINDING,4,4,0,0,5,28,1,,,0,clean,
CASE-0000094,FUNNEL_ACCOUNT,1,1,274,7,7,4,internal_referral|correspondence,0,CLOSED_NO_FINDING,2,2,1,0,2,37,1,,,1,plant_missed_escalation,missed_escalation
CASE-0000095,FUNNEL_ACCOUNT,1,1,291,5,5,4,account_statements|correspondence,0,CLOSED_NO_FINDING,6,6,0,0,3,22,1,,,0,clean,
CASE-0000096,STRUCTURING,1,1,119,6,6,6,transaction_records|kyc_file|open_source|correspondence,0,CLOSED_NO_FINDING,4,4,0,0,4,16,1,,,0,clean,
CASE-0000097,LAYERING_PASSTHROUGH,1,1,211,3,3,3,account_statements|kyc_file,0,CLOSED_NO_FINDING,3,3,0,0,1,51,1,,,0,minor_findings,
CASE-0000098,SANCTIONS_REFERRAL,1,1,126,4,4,8,open_source|internal_referral,0,CLOSED_NO_FINDING,2,2,0,0,4,9,1,,,0,clean,
CASE-0000099,FUNNEL_ACCOUNT,1,1,238,7,7,9,transaction_records|open_source|correspondence,1,ESCALATED_WITH_FINDING,4,4,3,1,3,29,1,,,0,clean,
CASE-0000100,SANCTIONS_REFERRAL,1,1,121,4,4,9,transaction_records|open_source|kyc_file|negative_news_search,0,CLOSED_NO_FINDING,3,3,0,0,4,13,1,,,0,clean,
CASE-0000101,STRUCTURING,1,1,155,4,4,8,internal_referral|correspondence|account_statements,0,CLOSED_NO_FINDING,3,3,0,0,1,19,1,,,0,clean,
CASE-0000102,STRUCTURING,1,1,95,8,8,10,correspondence|negative_news_search|internal_referral,0,CLOSED_NO_FINDING,5,5,0,0,2,22,1,,,0,clean,
CASE-0000103,FRAUD_REFERRAL,1,1,75,8,8,10,kyc_file,0,CLOSED_NO_FINDING,4,4,0,1,5,12,1,,,0,minor_findings,
CASE-0000104,FUNNEL_ACCOUNT,1,1,191,5,5,4,negative_news_search|correspondence|open_source|internal_referral,0,CLOSED_NO_FINDING,6,6,0,0,1,26,1,,,0,clean,
CASE-0000105,SANCTIONS_REFERRAL,1,1,136,7,7,8,open_source|negative_news_search|account_statements|transaction_records,0,CLOSED_NO_FINDING,5,5,0,0,1,27,1,,,0,minor_findings,
CASE-0000106,STRUCTURING,1,1,127,7,7,5,kyc_file|correspondence|open_source,0,CLOSED_NO_FINDING,5,5,0,0,4,24,1,,,0,clean,
CASE-0000107,SANCTIONS_REFERRAL,1,1,114,8,8,8,negative_news_search|internal_referral,0,CLOSED_NO_FINDING,5,5,0,0,3,47,1,who|what,,0,major_findings,
CASE-0000108,SANCTIONS_REFERRAL,1,1,157,8,7,7,open_source|internal_referral|kyc_file|account_statements,0,CLOSED_NO_FINDING,6,6,0,0,4,5,1,,,1,plant_unreviewed_scope,cleared_with_unreviewed_scope
CASE-0000109,FUNNEL_ACCOUNT,1,1,316,5,5,10,account_statements|correspondence,0,CLOSED_NO_FINDING,3,3,0,0,2,39,1,,,0,clean,
CASE-0000110,FRAUD_REFERRAL,1,1,61,7,7,8,account_statements|negative_news_search|open_source|correspondence,1,ESCALATED_WITH_FINDING,3,3,3,1,5,20,1,,,0,clean,
CASE-0000111,FRAUD_REFERRAL,1,1,79,3,3,6,negative_news_search|kyc_file|open_source,0,CLOSED_NO_FINDING,3,3,0,0,2,21,1,what|when,,0,major_findings,
CASE-0000112,LAYERING_PASSTHROUGH,1,1,292,5,5,9,correspondence|account_statements,0,CLOSED_NO_FINDING,6,6,0,0,4,44,1,,,0,minor_findings,
CASE-0000113,LAYERING_PASSTHROUGH,1,1,302,7,7,7,correspondence|account_statements,1,CLOSED_NO_FINDING,4,4,0,0,1,34,1,,,1,plant_hidden_contradiction,contradictory_disposition
CASE-0000114,FRAUD_REFERRAL,1,1,104,5,5,9,open_source|negative_news_search,1,ESCALATED_WITH_FINDING,4,4,1,1,2,23,1,,,0,clean,
CASE-0000115,STRUCTURING,1,1,92,4,4,10,correspondence|account_statements|open_source|negative_news_search,0,CLOSED_NO_FINDING,6,6,0,0,3,22,1,,,0,clean,
CASE-0000116,STRUCTURING,1,1,133,8,8,9,correspondence|kyc_file,0,CLOSED_NO_FINDING,3,3,0,0,2,19,1,,,0,clean,
CASE-0000117,STRUCTURING,1,1,150,3,3,10,negative_news_search|transaction_records|correspondence|account_statements,0,CLOSED_NO_FINDING,3,3,0,0,5,14,1,,,0,clean,
CASE-0000118,STRUCTURING,1,1,138,8,8,8,negative_news_search|correspondence,0,CLOSED_NO_FINDING,6,6,0,0,5,13,1,,,0,clean,
CASE-0000119,LAYERING_PASSTHROUGH,1,1,186,6,6,9,kyc_file|internal_referral|transaction_records,0,CLOSED_NO_FINDING,4,4,0,0,1,26,1,who,,0,major_findings,
CASE-0000120,SANCTIONS_REFERRAL,1,1,129,5,5,5,open_source|internal_referral|correspondence|account_statements,0,CLOSED_NO_FINDING,3,3,0,0,3,6,0,,,0,major_findings,
CASE-0000121,STRUCTURING,1,1,127,5,5,10,transaction_records|internal_referral|account_statements,0,CLOSED_NO_FINDING,4,4,0,0,1,16,1,,,0,clean,
CASE-0000122,SANCTIONS_REFERRAL,1,1,121,5,5,9,open_source|correspondence|kyc_file|account_statements,0,CLOSED_NO_FINDING,5,5,0,0,3,8,1,,,0,clean,
CASE-0000123,FUNNEL_ACCOUNT,1,1,284,3,3,4,kyc_file,0,CLOSED_NO_FINDING,4,4,0,1,5,19,1,,,0,minor_findings,
CASE-0000124,FUNNEL_ACCOUNT,1,1,279,4,4,8,kyc_file,0,CLOSED_NO_FINDING,6,6,0,0,4,44,1,,,0,minor_findings,
CASE-0000125,SANCTIONS_REFERRAL,1,1,138,7,7,10,account_statements|transaction_records,0,CLOSED_NO_FINDING,3,3,0,0,1,8,1,,,0,clean,
CASE-0000126,FUNNEL_ACCOUNT,1,1,267,3,3,10,kyc_file|open_source|transaction_records,0,CLOSED_NO_FINDING,6,6,0,0,4,37,1,,activity_reviewed|conclusion,0,major_findings,
CASE-0000127,STRUCTURING,1,1,125,4,4,9,transaction_records|kyc_file|internal_referral|open_source,0,CLOSED_NO_FINDING,3,3,0,1,2,31,1,,,0,minor_findings,
CASE-0000128,FUNNEL_ACCOUNT,1,1,319,8,8,8,kyc_file|internal_referral|transaction_records|correspondence,0,CLOSED_NO_FINDING,4,3,0,0,4,38,1,,,1,plant_uncited_disposition,unsupported_disposition
CASE-0000129,STRUCTURING,1,1,160,3,3,5,correspondence|open_source,0,CLOSED_NO_FINDING,2,2,0,0,3,17,1,who,conclusion|case_background,0,major_findings,
CASE-0000130,FRAUD_REFERRAL,1,1,99,6,6,4,kyc_file|internal_referral,0,CLOSED_NO_FINDING,2,2,0,0,5,13,1,,,0,clean,
CASE-0000131,SANCTIONS_REFERRAL,1,1,145,4,4,5,negative_news_search|transaction_records|internal_referral,0,CLOSED_NO_FINDING,6,6,0,0,5,10,1,,,0,clean,
CASE-0000132,STRUCTURING,1,1,154,7,7,4,account_statements|internal_referral|negative_news_search,0,CLOSED_NO_FINDING,4,4,0,0,2,15,1,,,0,clean,
CASE-0000133,FUNNEL_ACCOUNT,1,1,315,7,7,5,internal_referral|negative_news_search,0,CLOSED_NO_FINDING,6,6,0,0,5,28,1,,,0,clean,
CASE-0000134,FRAUD_REFERRAL,1,1,97,8,8,7,account_statements|negative_news_search|open_source|transaction_records,0,ESCALATED_WITH_FINDING,5,5,3,1,1,12,1,,,0,clean,
CASE-0000135,FRAUD_REFERRAL,1,1,93,3,3,5,open_source|correspondence|internal_referral,0,CLOSED_NO_FINDING,3,3,0,0,4,12,1,,,0,clean,
CASE-0000136,STRUCTURING,1,1,160,5,5,5,negative_news_search|correspondence|transaction_records,0,CLOSED_NO_FINDING,4,4,0,0,3,21,1,,,0,clean,
CASE-0000137,STRUCTURING,1,1,158,5,5,9,correspondence|account_statements,0,CLOSED_NO_FINDING,4,4,0,0,2,11,1,,,0,clean,
CASE-0000138,SANCTIONS_REFERRAL,1,1,161,6,6,10,kyc_file|open_source|transaction_records,0,CLOSED_NO_FINDING,0,0,0,0,2,14,1,,,1,plant_missing_mandatory,missing_mandatory_element
CASE-0000139,STRUCTURING,1,1,125,5,4,10,negative_news_search|transaction_records|internal_referral,0,CLOSED_NO_FINDING,5,5,0,0,3,9,1,,,1,plant_unreviewed_scope,cleared_with_unreviewed_scope
CASE-0000140,SANCTIONS_REFERRAL,1,1,131,3,3,6,negative_news_search|kyc_file|transaction_records,0,CLOSED_NO_FINDING,5,5,0,0,3,5,1,where,case_background,0,major_findings,
CASE-0000141,FRAUD_REFERRAL,1,1,88,4,4,9,transaction_records|correspondence|internal_referral|account_statements,0,CLOSED_NO_FINDING,4,4,0,0,3,21,1,,,0,clean,
CASE-0000142,LAYERING_PASSTHROUGH,1,1,200,7,7,8,open_source|negative_news_search,0,CLOSED_NO_FINDING,4,4,0,0,2,31,0,,activity_reviewed|case_background,0,major_findings,
CASE-0000143,SANCTIONS_REFERRAL,1,1,152,8,8,3,open_source|kyc_file|negative_news_search|account_statements,0,CLOSED_NO_FINDING,2,2,0,0,5,6,1,,,0,clean,
CASE-0000144,STRUCTURING,1,1,100,6,6,6,open_source,0,CLOSED_NO_FINDING,2,2,0,0,5,19,1,,,0,minor_findings,
CASE-0000145,STRUCTURING,1,1,156,7,7,3,account_statements|negative_news_search|correspondence|kyc_file,0,CLOSED_NO_FINDING,5,5,0,0,4,16,1,,,0,clean,
CASE-0000146,FUNNEL_ACCOUNT,1,1,277,5,5,7,open_source|account_statements|internal_referral|kyc_file,0,CLOSED_NO_FINDING,6,6,0,0,5,21,1,,,0,clean,
CASE-0000147,FRAUD_REFERRAL,1,1,93,8,8,8,kyc_file|negative_news_search|correspondence,0,CLOSED_NO_FINDING,4,4,0,0,3,20,1,,,0,clean,
CASE-0000148,SANCTIONS_REFERRAL,1,1,110,4,4,7,transaction_records|kyc_file|open_source|internal_referral,0,CLOSED_NO_FINDING,5,5,0,0,4,13,1,,,0,clean,
CASE-0000149,FRAUD_REFERRAL,1,1,65,4,4,6,transaction_records|internal_referral,0,CLOSED_NO_FINDING,6,6,0,0,5,18,1,,,0,clean,
CASE-0000150,STRUCTURING,1,1,139,3,3,5,negative_news_search|account_statements,1,ESCALATED_WITH_FINDING,5,5,2,1,3,20,1,,,0,clean,
CASE-0000151,STRUCTURING,1,1,155,3,3,4,negative_news_search|account_statements|correspondence|transaction_records,0,CLOSED_NO_FINDING,3,3,0,0,3,13,1,,,0,clean,
CASE-0000152,FRAUD_REFERRAL,1,1,97,6,6,5,correspondence|kyc_file|transaction_records|negative_news_search,0,CLOSED_NO_FINDING,4,4,0,0,1,27,1,,,0,clean,
CASE-0000153,STRUCTURING,1,1,129,8,8,10,kyc_file,0,CLOSED_NO_FINDING,5,5,0,1,3,13,1,,,0,minor_findings,
CASE-0000154,FUNNEL_ACCOUNT,1,1,293,5,5,6,negative_news_search|internal_referral,0,CLOSED_NO_FINDING,5,5,0,0,2,16,1,,,0,clean,
CASE-0000155,LAYERING_PASSTHROUGH,1,1,206,3,3,5,kyc_file|account_statements|transaction_records,0,CLOSED_NO_FINDING,4,0,0,0,1,26,1,,,1,plant_uncited_disposition,unsupported_disposition
CASE-0000156,FUNNEL_ACCOUNT,1,1,231,8,8,6,internal_referral|transaction_records,0,CLOSED_NO_FINDING,5,5,0,0,5,13,1,,,0,clean,
CASE-0000157,FUNNEL_ACCOUNT,1,1,311,8,8,7,negative_news_search|account_statements|internal_referral,0,CLOSED_NO_FINDING,3,3,0,0,3,32,1,,,0,clean,
CASE-0000158,FUNNEL_ACCOUNT,1,1,311,7,7,6,internal_referral|negative_news_search,0,CLOSED_NO_FINDING,2,2,0,0,3,25,1,,,0,clean,
CASE-0000159,LAYERING_PASSTHROUGH,1,1,310,7,7,6,negative_news_search|account_statements|internal_referral|kyc_file,0,CLOSED_NO_FINDING,6,6,0,0,5,15,1,,,0,clean,
CASE-0000160,SANCTIONS_REFERRAL,1,1,122,7,7,3,account_statements|negative_news_search|open_source,0,CLOSED_NO_FINDING,5,5,0,0,4,5,1,,,0,clean,
CASE-0000161,LAYERING_PASSTHROUGH,1,1,216,6,6,3,negative_news_search,0,CLOSED_NO_FINDING,5,5,0,1,3,32,1,,,0,minor_findings,
CASE-0000162,FRAUD_REFERRAL,1,1,61,6,4,9,correspondence|account_statements,0,CLOSED_NO_FINDING,5,5,0,0,1,27,1,,,1,plant_unreviewed_scope,cleared_with_unreviewed_scope
CASE-0000163,FRAUD_REFERRAL,1,1,101,8,8,5,correspondence|kyc_file|transaction_records|account_statements,0,CLOSED_NO_FINDING,6,6,0,0,4,9,1,,,0,clean,
CASE-0000164,STRUCTURING,1,1,123,5,5,9,open_source|account_statements|internal_referral|correspondence,0,CLOSED_NO_FINDING,4,4,0,0,1,23,1,,,0,clean,
CASE-0000165,STRUCTURING,1,1,120,8,8,3,account_statements|transaction_records,0,CLOSED_NO_FINDING,2,2,0,0,1,11,1,,,0,clean,
CASE-0000166,FUNNEL_ACCOUNT,1,1,237,3,3,6,account_statements|transaction_records|correspondence|kyc_file,0,CLOSED_NO_FINDING,3,3,0,1,2,49,1,,,0,minor_findings,
CASE-0000167,LAYERING_PASSTHROUGH,1,1,260,3,1,5,internal_referral|open_source|negative_news_search|correspondence,0,CLOSED_NO_FINDING,2,2,0,0,4,21,1,,,1,plant_unreviewed_scope,cleared_with_unreviewed_scope
CASE-0000168,SANCTIONS_REFERRAL,1,1,100,6,6,9,kyc_file,0,CLOSED_NO_FINDING,5,5,0,0,3,12,1,,,0,minor_findings,
CASE-0000169,STRUCTURING,1,1,119,7,7,9,internal_referral,1,CLOSED_NO_FINDING,4,4,0,0,4,23,1,,,1,plant_hidden_contradiction,contradictory_disposition
CASE-0000170,FUNNEL_ACCOUNT,1,1,187,4,4,9,negative_news_search|correspondence|transaction_records|internal_referral,0,CLOSED_NO_FINDING,3,3,0,0,5,30,1,,,0,clean,
CASE-0000171,LAYERING_PASSTHROUGH,1,1,305,4,4,8,transaction_records|account_statements|internal_referral,0,CLOSED_NO_FINDING,2,2,0,0,2,87,1,,activity_reviewed|conclusion,0,major_findings,
CASE-0000172,LAYERING_PASSTHROUGH,1,1,247,6,6,10,account_statements|kyc_file|internal_referral,0,CLOSED_NO_FINDING,5,5,0,0,3,27,1,,,0,clean,
CASE-0000173,FRAUD_REFERRAL,1,1,87,7,7,9,account_statements|correspondence|kyc_file,0,CLOSED_NO_FINDING,3,3,0,0,1,15,1,,,0,clean,
CASE-0000174,FRAUD_REFERRAL,1,1,106,6,6,10,account_statements|internal_referral|kyc_file,0,CLOSED_NO_FINDING,3,3,0,0,3,13,1,,,0,clean,
CASE-0000175,LAYERING_PASSTHROUGH,1,1,255,3,3,4,transaction_records|correspondence|open_source|account_statements,0,CLOSED_NO_FINDING,3,3,0,0,5,37,1,,,0,clean,
CASE-0000176,STRUCTURING,1,1,135,7,7,10,open_source|transaction_records|internal_referral|correspondence,0,CLOSED_NO_FINDING,2,2,0,0,4,14,1,,,0,clean,
CASE-0000177,SANCTIONS_REFERRAL,1,1,138,8,8,5,transaction_records|negative_news_search,0,CLOSED_NO_FINDING,3,3,0,0,3,5,1,,,0,clean,
CASE-0000178,LAYERING_PASSTHROUGH,1,1,191,6,6,9,negative_news_search|account_statements|internal_referral,0,CLOSED_NO_FINDING,4,4,0,0,3,21,1,,,0,clean,
CASE-0000179,FRAUD_REFERRAL,1,1,78,6,6,10,internal_referral|transaction_records,0,CLOSED_NO_FINDING,3,3,0,0,3,38,1,,,0,minor_findings,
CASE-0000180,FRAUD_REFERRAL,1,1,71,3,3,10,correspondence,0,CLOSED_NO_FINDING,6,6,0,0,1,25,1,,,0,minor_findings,
CASE-0000181,FRAUD_REFERRAL,1,1,67,5,5,6,correspondence|open_source|negative_news_search|kyc_file,0,CLOSED_NO_FINDING,5,5,0,0,4,23,1,,,0,clean,
CASE-0000182,STRUCTURING,1,1,38,5,5,9,correspondence|transaction_records,0,CLOSED_NO_FINDING,4,4,0,0,1,19,1,where|why,,0,major_findings,
CASE-0000183,FUNNEL_ACCOUNT,1,1,234,8,8,7,internal_referral,0,CLOSED_NO_FINDING,2,2,0,0,2,59,1,,,0,minor_findings,
CASE-0000184,FUNNEL_ACCOUNT,1,1,244,5,5,7,account_statements|transaction_records,0,CLOSED_NO_FINDING,3,3,0,0,1,19,0,,case_background,0,major_findings,
CASE-0000185,LAYERING_PASSTHROUGH,1,1,222,3,3,9,internal_referral|negative_news_search,0,CLOSED_NO_FINDING,3,3,0,0,3,36,1,,,0,clean,
CASE-0000186,STRUCTURING,1,1,111,5,5,10,transaction_records|account_statements,0,CLOSED_NO_FINDING,5,5,0,1,1,36,1,,,0,minor_findings,
CASE-0000187,FRAUD_REFERRAL,1,1,81,4,4,5,transaction_records|open_source|kyc_file,0,CLOSED_NO_FINDING,6,6,0,0,4,17,1,,,0,clean,
CASE-0000188,FRAUD_REFERRAL,1,1,106,8,8,5,kyc_file|negative_news_search|account_statements,0,CLOSED_NO_FINDING,5,5,0,0,4,21,1,,,0,clean,
CASE-0000189,FRAUD_REFERRAL,1,1,83,8,8,6,open_source|kyc_file|correspondence,0,CLOSED_NO_FINDING,4,4,0,0,3,21,1,,,0,clean,
CASE-0000190,LAYERING_PASSTHROUGH,1,1,183,7,7,10,account_statements|open_source|kyc_file|transaction_records,0,CLOSED_NO_FINDING,5,5,0,0,5,17,1,,,0,clean,
CASE-0000191,STRUCTURING,1,1,101,8,8,9,transaction_records|open_source|negative_news_search,0,CLOSED_NO_FINDING,5,5,0,1,3,35,1,,,0,minor_findings,
CASE-0000192,FRAUD_REFERRAL,1,1,65,3,3,6,internal_referral|kyc_file|account_statements|transaction_records,0,CLOSED_NO_FINDING,6,6,0,0,5,17,0,who,,0,major_findings,
CASE-0000193,STRUCTURING,1,1,105,7,7,8,open_source|internal_referral|negative_news_search,0,CLOSED_NO_FINDING,6,6,0,0,5,16,1,,,0,clean,
CASE-0000194,FRAUD_REFERRAL,1,1,65,3,3,5,kyc_file|correspondence|open_source,0,CLOSED_NO_FINDING,3,3,0,0,3,15,1,,,0,clean,
CASE-0000195,FUNNEL_ACCOUNT,1,1,186,5,5,4,correspondence|kyc_file,1,ESCALATED_WITH_FINDING,2,2,1,1,4,21,1,,,0,clean,
CASE-0000196,SANCTIONS_REFERRAL,1,1,113,4,4,9,account_statements|open_source|correspondence,0,CLOSED_NO_FINDING,0,0,0,0,5,4,1,,,1,plant_missing_mandatory,missing_mandatory_element
CASE-0000197,FRAUD_REFERRAL,1,1,60,6,6,6,kyc_file|internal_referral,0,CLOSED_NO_FINDING,2,2,0,0,4,17,1,,activity_reviewed,0,major_findings,
CASE-0000198,FUNNEL_ACCOUNT,1,1,225,8,8,9,open_source|negative_news_search|transaction_records|kyc_file,0,CLOSED_NO_FINDING,4,4,0,0,4,27,1,,,0,clean,
CASE-0000199,LAYERING_PASSTHROUGH,1,1,192,7,7,5,transaction_records|account_statements|kyc_file,0,CLOSED_NO_FINDING,2,0,0,0,3,37,1,,,1,plant_uncited_disposition,unsupported_disposition
CASE-0000200,FUNNEL_ACCOUNT,1,1,271,6,6,5,account_statements|open_source|kyc_file|correspondence,1,ESCALATED_WITH_FINDING,3,3,2,1,4,24,1,,,0,clean,
CASE-0000201,FRAUD_REFERRAL,1,1,99,4,4,10,negative_news_search,0,CLOSED_NO_FINDING,5,5,0,1,1,18,1,,,0,minor_findings,
CASE-0000202,SANCTIONS_REFERRAL,1,1,102,5,5,10,internal_referral|open_source|negative_news_search|transaction_records,0,CLOSED_NO_FINDING,6,6,0,0,3,7,1,,,0,clean,
CASE-0000203,SANCTIONS_REFERRAL,1,1,144,3,3,10,account_statements|open_source|transaction_records|correspondence,0,CLOSED_NO_FINDING,4,4,0,0,3,10,1,,,0,clean,
CASE-0000204,STRUCTURING,1,1,121,3,3,4,account_statements|internal_referral,1,CLOSED_NO_FINDING,6,6,0,0,3,14,1,,,1,plant_hidden_contradiction,contradictory_disposition
CASE-0000205,LAYERING_PASSTHROUGH,1,1,293,4,4,6,negative_news_search|kyc_file,1,CLOSED_NO_FINDING,6,6,0,0,4,18,1,,,1,plant_hidden_contradiction,contradictory_disposition
CASE-0000206,FUNNEL_ACCOUNT,1,1,321,7,7,4,correspondence|open_source,0,CLOSED_NO_FINDING,2,2,0,0,3,29,1,,,0,clean,
CASE-0000207,FRAUD_REFERRAL,1,1,71,4,2,8,internal_referral,0,CLOSED_NO_FINDING,5,5,0,0,2,21,1,,,1,plant_unreviewed_scope,cleared_with_unreviewed_scope
CASE-0000208,FUNNEL_ACCOUNT,1,1,220,8,8,8,open_source|kyc_file|negative_news_search,0,CLOSED_NO_FINDING,2,2,0,0,1,26,1,,,0,clean,
CASE-0000209,FRAUD_REFERRAL,1,1,90,6,6,8,open_source,1,CLOSED_NO_FINDING,5,5,0,0,1,23,1,,,1,plant_hidden_contradiction,contradictory_disposition
CASE-0000210,FUNNEL_ACCOUNT,1,1,258,5,5,5,correspondence|open_source|kyc_file|transaction_records,0,CLOSED_NO_FINDING,2,0,0,0,3,35,1,,,1,plant_uncited_disposition,unsupported_disposition
CASE-0000211,STRUCTURING,1,1,104,6,6,5,kyc_file|account_statements|correspondence|transaction_records,0,CLOSED_NO_FINDING,4,4,0,0,4,15,1,,,0,clean,
CASE-0000212,FUNNEL_ACCOUNT,1,1,223,8,8,6,internal_referral|transaction_records|correspondence,0,CLOSED_NO_FINDING,2,2,0,0,2,17,1,,,0,clean,
CASE-0000213,STRUCTURING,1,1,90,3,3,8,correspondence|open_source,0,CLOSED_NO_FINDING,3,3,0,0,5,18,1,,,0,clean,
CASE-0000214,STRUCTURING,1,1,153,5,5,5,correspondence|account_statements|internal_referral,1,ESCALATED_WITH_FINDING,2,2,1,1,1,12,1,,,0,clean,
CASE-0000215,STRUCTURING,1,1,143,8,8,9,negative_news_search,0,CLOSED_NO_FINDING,2,2,0,0,3,20,1,,,0,minor_findings,
CASE-0000216,FUNNEL_ACCOUNT,1,1,74,4,4,4,negative_news_search|correspondence,0,CLOSED_NO_FINDING,6,6,0,0,4,21,1,where,,0,major_findings,
CASE-0000217,STRUCTURING,1,1,107,3,3,4,transaction_records|kyc_file|internal_referral|account_statements,0,CLOSED_NO_FINDING,5,5,0,0,2,18,1,,,0,clean,
CASE-0000218,LAYERING_PASSTHROUGH,1,1,289,4,4,4,negative_news_search|transaction_records,1,CLOSED_NO_FINDING,2,2,0,0,3,28,1,,,1,plant_hidden_contradiction,contradictory_disposition
CASE-0000219,STRUCTURING,1,1,126,8,8,9,internal_referral|open_source|transaction_records,0,CLOSED_NO_FINDING,6,6,0,0,5,11,1,,,0,clean,
CASE-0000220,STRUCTURING,1,1,160,4,4,5,kyc_file|open_source|negative_news_search|transaction_records,1,ESCALATED_WITH_FINDING,4,4,3,1,1,19,1,,,0,clean,
CASE-0000221,STRUCTURING,0,1,98,6,6,3,internal_referral|correspondence|account_statements,0,CLOSED_NO_FINDING,2,2,0,0,2,11,1,,,1,plant_missing_mandatory,missing_mandatory_element
CASE-0000222,STRUCTURING,1,1,108,8,8,8,internal_referral|kyc_file,0,CLOSED_NO_FINDING,2,2,0,0,3,17,1,when|who,,0,major_findings,
CASE-0000223,FRAUD_REFERRAL,1,1,62,5,5,5,account_statements|kyc_file|transaction_records,0,CLOSED_NO_FINDING,6,6,0,0,4,15,1,,,0,clean,
CASE-0000224,STRUCTURING,1,1,107,3,3,10,account_statements,0,CLOSED_NO_FINDING,2,2,0,0,3,33,1,,,0,minor_findings,
CASE-0000225,STRUCTURING,1,1,102,3,3,3,transaction_records|open_source|kyc_file,0,CLOSED_NO_FINDING,4,4,0,0,5,18,1,,,0,clean,
CASE-0000226,LAYERING_PASSTHROUGH,1,1,286,5,5,6,kyc_file|negative_news_search|open_source,0,ESCALATED_WITH_FINDING,3,3,3,1,2,23,1,,,0,clean,
CASE-0000227,STRUCTURING,1,1,75,3,3,8,correspondence|internal_referral|transaction_records|kyc_file,0,CLOSED_NO_FINDING,2,2,0,0,1,26,1,why,,0,major_findings,
CASE-0000228,FRAUD_REFERRAL,1,1,62,3,3,6,open_source|internal_referral|kyc_file|correspondence,0,CLOSED_NO_FINDING,2,2,0,0,2,21,1,,,0,clean,
CASE-0000229,LAYERING_PASSTHROUGH,1,1,188,7,7,5,kyc_file|correspondence,0,CLOSED_NO_FINDING,4,4,0,1,3,49,1,,,0,minor_findings,
CASE-0000230,FRAUD_REFERRAL,1,1,67,3,3,10,open_source|transaction_records|negative_news_search,0,ESCALATED_WITH_FINDING,4,4,1,1,5,8,1,,,0,clean,
CASE-0000231,FUNNEL_ACCOUNT,1,1,223,8,8,3,correspondence|kyc_file,0,CLOSED_NO_FINDING,3,3,0,0,1,20,1,,,0,clean,
CASE-0000232,STRUCTURING,1,1,108,5,5,5,open_source|correspondence,0,CLOSED_NO_FINDING,6,6,0,0,5,7,1,,,0,clean,
CASE-0000233,STRUCTURING,1,1,72,4,4,3,account_statements|correspondence,0,CLOSED_NO_FINDING,5,5,0,0,4,9,1,who,,0,major_findings,
CASE-0000234,STRUCTURING,1,1,155,3,2,8,transaction_records|open_source,0,CLOSED_NO_FINDING,2,2,0,0,4,21,1,,,1,plant_unreviewed_scope,cleared_with_unreviewed_scope
CASE-0000235,SANCTIONS_REFERRAL,1,1,115,4,4,5,kyc_file|open_source|account_statements,0,CLOSED_NO_FINDING,2,2,0,0,4,11,1,,,0,clean,
CASE-0000236,LAYERING_PASSTHROUGH,1,1,248,7,7,4,open_source|account_statements|correspondence,0,CLOSED_NO_FINDING,3,3,0,1,3,27,1,,,0,minor_findings,
CASE-0000237,LAYERING_PASSTHROUGH,1,1,231,8,6,10,kyc_file,0,CLOSED_NO_FINDING,5,5,0,0,1,41,1,,,1,plant_unreviewed_scope,cleared_with_unreviewed_scope
CASE-0000238,STRUCTURING,1,1,128,6,6,6,correspondence,0,CLOSED_NO_FINDING,3,3,0,1,3,9,1,,,0,minor_findings,
CASE-0000239,STRUCTURING,1,1,102,4,1,8,internal_referral|kyc_file|negative_news_search|transaction_records,0,CLOSED_NO_FINDING,4,4,0,0,4,13,1,,,1,plant_unreviewed_scope,cleared_with_unreviewed_scope
CASE-0000240,STRUCTURING,1,1,125,4,4,4,account_statements|negative_news_search,0,CLOSED_NO_FINDING,3,3,0,1,4,16,1,,,0,minor_findings,
CASE-0000241,FUNNEL_ACCOUNT,1,1,312,4,4,8,transaction_records|account_statements,0,CLOSED_NO_FINDING,6,6,0,0,2,24,1,,,0,clean,
CASE-0000242,STRUCTURING,1,1,159,5,5,8,internal_referral|open_source|negative_news_search|transaction_records,0,CLOSED_NO_FINDING,4,4,0,0,4,67,1,where,,0,major_findings,
CASE-0000243,STRUCTURING,1,1,146,7,7,6,internal_referral,0,CLOSED_NO_FINDING,4,4,0,0,5,18,1,,,0,minor_findings,
CASE-0000244,SANCTIONS_REFERRAL,1,1,112,7,7,6,negative_news_search|transaction_records|open_source|account_statements,0,CLOSED_NO_FINDING,4,4,0,0,5,3,1,,,0,clean,
CASE-0000245,STRUCTURING,1,1,149,3,3,8,transaction_records|kyc_file|account_statements,0,CLOSED_NO_FINDING,3,3,0,0,3,11,1,who|why,,0,major_findings,
CASE-0000246,FUNNEL_ACCOUNT,1,1,306,6,6,8,open_source|transaction_records|correspondence|account_statements,0,CLOSED_NO_FINDING,3,3,0,0,2,37,1,,,0,clean,
CASE-0000247,SANCTIONS_REFERRAL,1,1,95,3,3,5,account_statements|internal_referral|transaction_records,0,ESCALATED_WITH_FINDING,6,6,1,1,1,10,1,,,0,clean,
CASE-0000248,FRAUD_REFERRAL,1,1,67,8,8,9,transaction_records|correspondence,0,CLOSED_NO_FINDING,4,4,0,0,1,18,1,,,0,clean,
CASE-0000249,STRUCTURING,1,1,111,5,5,4,open_source|negative_news_search,0,CLOSED_NO_FINDING,6,6,0,0,5,11,1,,,0,clean,
CASE-0000250,STRUCTURING,1,1,111,3,3,10,transaction_records|correspondence,0,CLOSED_NO_FINDING,3,0,0,0,3,9,1,,,1,plant_uncited_disposition,unsupported_disposition
CASE-0000251,FRAUD_REFERRAL,1,1,72,8,8,9,kyc_file|open_source,0,CLOSED_NO_FINDING,4,4,0,0,4,15,1,,,0,clean,
CASE-0000252,STRUCTURING,1,1,130,5,5,5,internal_referral|transaction_records|correspondence|kyc_file,0,CLOSED_NO_FINDING,6,6,0,0,3,12,1,,,0,clean,
CASE-0000253,SANCTIONS_REFERRAL,1,1,120,7,7,10,account_statements|open_source|kyc_file|transaction_records,0,CLOSED_NO_FINDING,5,5,0,0,1,16,1,,,0,clean,
CASE-0000254,SANCTIONS_REFERRAL,1,1,147,7,7,5,correspondence|open_source,0,CLOSED_NO_FINDING,3,3,1,0,5,9,1,,,1,plant_missed_escalation,missed_escalation
CASE-0000255,STRUCTURING,1,1,121,8,8,5,kyc_file|correspondence|transaction_records|negative_news_search,0,CLOSED_NO_FINDING,5,5,0,0,4,9,1,why,conclusion|activity_reviewed,0,major_findings,
CASE-0000256,SANCTIONS_REFERRAL,1,1,130,4,4,4,negative_news_search|transaction_records,0,CLOSED_NO_FINDING,4,4,0,1,4,20,1,,,0,minor_findings,
CASE-0000257,FUNNEL_ACCOUNT,1,1,269,4,4,9,open_source|kyc_file,0,CLOSED_NO_FINDING,3,3,0,1,2,22,1,,,0,minor_findings,
CASE-0000258,STRUCTURING,1,1,112,5,5,10,internal_referral|transaction_records|account_statements|negative_news_search,0,CLOSED_NO_FINDING,4,4,0,0,3,22,1,,,0,clean,
CASE-0000259,FUNNEL_ACCOUNT,1,1,267,6,3,4,open_source|account_statements,0,CLOSED_NO_FINDING,5,5,0,0,3,21,1,,,1,plant_unreviewed_scope,cleared_with_unreviewed_scope
CASE-0000260,FUNNEL_ACCOUNT,1,1,252,8,8,5,negative_news_search|transaction_records|account_statements|correspondence,0,ESCALATED_WITH_FINDING,3,3,1,1,2,17,1,,,0,clean,
CASE-0000261,STRUCTURING,1,1,126,6,6,4,transaction_records|account_statements|kyc_file|open_source,0,CLOSED_NO_FINDING,6,6,0,0,2,14,1,,,0,clean,
CASE-0000262,FRAUD_REFERRAL,1,1,100,4,4,7,correspondence|internal_referral|transaction_records|kyc_file,0,CLOSED_NO_FINDING,2,2,0,0,5,12,1,,,0,clean,
CASE-0000263,STRUCTURING,1,1,106,8,8,6,internal_referral|open_source|negative_news_search,0,CLOSED_NO_FINDING,2,2,0,0,2,24,1,,,0,clean,
CASE-0000264,FRAUD_REFERRAL,1,1,91,4,4,3,kyc_file|negative_news_search,1,CLOSED_NO_FINDING,4,4,0,0,1,18,1,,,1,plant_hidden_contradiction,contradictory_disposition
CASE-0000265,STRUCTURING,1,1,52,6,6,10,internal_referral|negative_news_search|correspondence,0,CLOSED_NO_FINDING,5,5,0,0,4,22,1,,,0,major_findings,
CASE-0000266,FRAUD_REFERRAL,1,1,89,7,7,7,transaction_records|open_source|correspondence|kyc_file,0,CLOSED_NO_FINDING,4,4,0,1,3,36,1,,,0,minor_findings,
CASE-0000267,LAYERING_PASSTHROUGH,1,1,238,7,7,8,account_statements|internal_referral|transaction_records|open_source,0,CLOSED_NO_FINDING,4,4,0,0,1,36,1,,,0,clean,
CASE-0000268,FUNNEL_ACCOUNT,1,1,297,7,7,8,internal_referral|account_statements|negative_news_search|open_source,0,CLOSED_NO_FINDING,4,4,0,0,1,31,1,,,0,clean,
CASE-0000269,FRAUD_REFERRAL,1,1,82,3,3,7,correspondence|negative_news_search|account_statements|kyc_file,0,CLOSED_NO_FINDING,2,2,0,0,5,9,1,,,0,clean,
CASE-0000270,STRUCTURING,1,1,116,5,5,7,correspondence|transaction_records|open_source,0,CLOSED_NO_FINDING,2,2,0,0,4,21,1,,,0,clean,
CASE-0000271,LAYERING_PASSTHROUGH,1,1,252,4,4,9,kyc_file|open_source|transaction_records|account_statements,1,CLOSED_NO_FINDING,3,3,0,0,5,14,1,,,1,plant_hidden_contradiction,contradictory_disposition
CASE-0000272,FRAUD_REFERRAL,1,1,68,8,8,4,kyc_file|internal_referral|account_statements,0,CLOSED_NO_FINDING,4,4,0,0,4,10,1,,,0,clean,
CASE-0000273,STRUCTURING,1,1,131,4,4,5,correspondence|transaction_records|account_statements,0,CLOSED_NO_FINDING,6,6,0,1,4,32,1,,,0,minor_findings,
CASE-0000274,STRUCTURING,1,1,144,5,5,6,internal_referral|transaction_records,0,CLOSED_NO_FINDING,3,3,0,0,3,24,1,,,0,clean,
CASE-0000275,FRAUD_REFERRAL,1,1,74,7,7,4,kyc_file|correspondence,0,CLOSED_NO_FINDING,5,5,0,0,1,17,1,,,0,clean,
CASE-0000276,LAYERING_PASSTHROUGH,1,1,323,8,8,8,kyc_file|account_statements|internal_referral,0,CLOSED_NO_FINDING,5,5,0,0,2,80,1,,,0,major_findings,
CASE-0000277,STRUCTURING,1,1,147,8,8,9,kyc_file|negative_news_search|internal_referral|transaction_records,0,CLOSED_NO_FINDING,6,6,0,0,1,17,1,,,0,clean,
CASE-0000278,SANCTIONS_REFERRAL,1,1,120,3,2,9,internal_referral,0,CLOSED_NO_FINDING,5,5,0,0,1,7,1,,,1,plant_unreviewed_scope,cleared_with_unreviewed_scope
CASE-0000279,FUNNEL_ACCOUNT,1,1,269,5,5,5,correspondence|transaction_records|negative_news_search,0,CLOSED_NO_FINDING,6,6,0,0,1,48,1,,,0,minor_findings,
CASE-0000280,LAYERING_PASSTHROUGH,1,1,281,5,5,7,transaction_records|negative_news_search,0,CLOSED_NO_FINDING,5,5,0,0,5,37,1,,,0,clean,
CASE-0000281,SANCTIONS_REFERRAL,1,1,90,3,3,4,correspondence|negative_news_search,0,CLOSED_NO_FINDING,5,5,1,0,4,7,1,,,1,plant_missed_escalation,missed_escalation
CASE-0000282,STRUCTURING,1,1,106,8,8,7,open_source|transaction_records|internal_referral,0,CLOSED_NO_FINDING,3,3,0,0,1,25,1,when|where,,0,major_findings,
CASE-0000283,STRUCTURING,1,1,137,4,4,5,kyc_file|open_source|negative_news_search,0,CLOSED_NO_FINDING,4,4,0,0,1,11,1,what|who,,0,major_findings,
CASE-0000284,FRAUD_REFERRAL,1,1,98,6,6,5,account_statements|internal_referral,0,CLOSED_NO_FINDING,2,2,0,0,4,19,1,,,0,clean,
CASE-0000285,FRAUD_REFERRAL,1,1,83,7,4,10,internal_referral,0,CLOSED_NO_FINDING,4,4,0,0,1,17,1,,,1,plant_unreviewed_scope,cleared_with_unreviewed_scope
CASE-0000286,SANCTIONS_REFERRAL,1,1,98,6,6,9,correspondence,1,CLOSED_NO_FINDING,4,4,0,0,2,11,1,,,1,plant_hidden_contradiction,contradictory_disposition
CASE-0000287,SANCTIONS_REFERRAL,1,1,160,4,4,8,negative_news_search|internal_referral|correspondence|transaction_records,0,CLOSED_NO_FINDING,5,5,0,0,4,19,1,,,0,minor_findings,
CASE-0000288,FRAUD_REFERRAL,1,1,104,8,8,10,correspondence|account_statements|transaction_records,0,CLOSED_NO_FINDING,5,5,0,0,5,7,1,,,0,clean,
CASE-0000289,FUNNEL_ACCOUNT,1,1,234,8,8,6,open_source|correspondence,0,CLOSED_NO_FINDING,6,6,0,0,5,18,1,,,0,clean,
CASE-0000290,FRAUD_REFERRAL,1,1,91,8,8,4,open_source|transaction_records|negative_news_search,0,CLOSED_NO_FINDING,6,6,0,0,1,27,1,,,0,clean,
CASE-0000291,STRUCTURING,1,1,130,7,7,10,kyc_file|transaction_records|account_statements,0,CLOSED_NO_FINDING,5,5,0,0,5,17,1,,,0,clean,
CASE-0000292,SANCTIONS_REFERRAL,1,1,97,3,3,6,kyc_file|correspondence,0,CLOSED_NO_FINDING,4,4,0,0,3,12,1,,,0,clean,
CASE-0000293,FUNNEL_ACCOUNT,1,1,286,8,8,9,kyc_file|negative_news_search,1,ESCALATED_WITH_FINDING,3,3,2,1,2,28,1,,,0,clean,
CASE-0000294,FRAUD_REFERRAL,1,1,62,6,6,4,open_source|internal_referral|negative_news_search,0,CLOSED_NO_FINDING,6,6,0,0,3,10,1,,,0,clean,
CASE-0000295,FUNNEL_ACCOUNT,1,1,300,6,6,10,correspondence|account_statements|negative_news_search|internal_referral,0,CLOSED_NO_FINDING,3,3,0,0,1,30,1,,,0,clean,
CASE-0000296,SANCTIONS_REFERRAL,1,1,120,6,6,6,open_source|kyc_file|internal_referral,0,CLOSED_NO_FINDING,5,5,0,0,3,10,1,,,0,clean,
CASE-0000297,STRUCTURING,1,1,126,8,8,8,internal_referral|negative_news_search|account_statements|correspondence,0,CLOSED_NO_FINDING,3,3,0,0,3,61,1,why,,0,major_findings,
CASE-0000298,SANCTIONS_REFERRAL,1,1,45,7,7,9,internal_referral|negative_news_search|kyc_file|open_source,0,CLOSED_NO_FINDING,2,2,0,0,5,8,1,,,0,major_findings,
CASE-0000299,STRUCTURING,1,1,108,8,8,3,correspondence|kyc_file|account_statements|transaction_records,0,CLOSED_NO_FINDING,4,4,0,0,2,26,1,,,0,clean,
CASE-0000300,STRUCTURING,1,1,136,8,8,9,negative_news_search|internal_referral,0,CLOSED_NO_FINDING,4,4,0,0,5,21,0,,,0,major_findings,
CASE-0000301,FRAUD_REFERRAL,1,1,60,3,3,7,negative_news_search|open_source,0,CLOSED_NO_FINDING,3,3,0,0,3,24,1,,,0,clean,
CASE-0000302,SANCTIONS_REFERRAL,1,1,143,7,7,6,account_statements|kyc_file|open_source|correspondence,0,CLOSED_NO_FINDING,2,2,1,0,3,13,1,,,1,plant_missed_escalation,missed_escalation
CASE-0000303,STRUCTURING,1,1,34,7,7,5,correspondence|kyc_file|transaction_records|internal_referral,0,CLOSED_NO_FINDING,5,5,0,0,1,18,1,,,0,major_findings,
CASE-0000304,STRUCTURING,1,1,125,5,5,8,correspondence|internal_referral,0,CLOSED_NO_FINDING,4,4,0,0,5,20,1,,,0,clean,
CASE-0000305,FRAUD_REFERRAL,1,1,85,7,7,4,account_statements|correspondence|kyc_file,0,CLOSED_NO_FINDING,4,4,0,0,5,9,1,,,0,clean,
CASE-0000306,STRUCTURING,1,1,149,7,7,3,internal_referral|kyc_file,0,CLOSED_NO_FINDING,5,5,0,0,5,14,1,,,0,clean,
CASE-0000307,LAYERING_PASSTHROUGH,1,1,307,8,8,9,open_source|kyc_file,0,CLOSED_NO_FINDING,6,6,0,0,2,39,1,,,0,clean,
CASE-0000308,STRUCTURING,1,1,35,5,5,10,transaction_records|kyc_file|account_statements,0,CLOSED_NO_FINDING,4,4,0,0,5,20,1,,,0,major_findings,
CASE-0000309,LAYERING_PASSTHROUGH,1,0,276,4,4,6,internal_referral,0,CLOSED_NO_FINDING,2,2,0,0,1,32,1,,,1,plant_missing_mandatory,missing_mandatory_element
CASE-0000310,STRUCTURING,1,1,149,7,7,7,open_source|correspondence|internal_referral,1,ESCALATED_WITH_FINDING,5,5,2,1,3,18,1,,,0,clean,
CASE-0000311,LAYERING_PASSTHROUGH,1,1,264,8,8,4,negative_news_search|transaction_records|kyc_file,0,CLOSED_NO_FINDING,4,4,0,0,4,57,1,,,0,minor_findings,
CASE-0000312,FRAUD_REFERRAL,1,1,95,4,4,7,account_statements|kyc_file|internal_referral|transaction_records,0,ESCALATED_WITH_FINDING,6,6,1,1,2,18,1,,,0,clean,
CASE-0000313,STRUCTURING,1,1,111,3,3,8,open_source|internal_referral,0,CLOSED_NO_FINDING,6,6,0,0,5,16,1,,,0,clean,
CASE-0000314,STRUCTURING,1,1,138,4,4,3,open_source|internal_referral|negative_news_search|transaction_records,0,CLOSED_NO_FINDING,4,4,0,0,3,12,1,,,0,clean,
CASE-0000315,STRUCTURING,1,1,158,6,6,8,internal_referral|correspondence,0,CLOSED_NO_FINDING,3,3,0,0,2,36,1,,,0,minor_findings,
CASE-0000316,FUNNEL_ACCOUNT,1,1,261,4,4,8,open_source|account_statements|transaction_records,0,CLOSED_NO_FINDING,4,4,0,0,3,32,1,,,0,clean,
CASE-0000317,STRUCTURING,1,1,99,5,5,8,open_source|correspondence|kyc_file,0,CLOSED_NO_FINDING,4,4,0,0,4,12,1,,,0,clean,
CASE-0000318,STRUCTURING,1,1,154,4,4,6,internal_referral|correspondence|transaction_records,0,CLOSED_NO_FINDING,2,2,0,0,1,24,1,,,0,clean,
CASE-0000319,FRAUD_REFERRAL,1,1,79,7,7,6,negative_news_search|kyc_file,0,CLOSED_NO_FINDING,6,6,3,0,1,24,1,,,1,plant_missed_escalation,missed_escalation
CASE-0000320,FUNNEL_ACCOUNT,1,1,285,7,7,7,open_source|negative_news_search,0,CLOSED_NO_FINDING,6,6,0,0,2,38,0,,,0,major_findings,
CASE-0000321,STRUCTURING,1,1,100,7,7,5,negative_news_search|correspondence,0,CLOSED_NO_FINDING,3,3,0,0,5,18,1,,,0,clean,
CASE-0000322,FUNNEL_ACCOUNT,1,1,213,6,6,7,account_statements|transaction_records|correspondence,0,CLOSED_NO_FINDING,6,6,0,0,3,16,0,,case_background|conclusion,0,major_findings,
CASE-0000323,FUNNEL_ACCOUNT,1,1,300,5,3,7,negative_news_search|correspondence|account_statements|open_source,0,CLOSED_NO_FINDING,5,5,0,0,5,28,1,,,1,plant_unreviewed_scope,cleared_with_unreviewed_scope
CASE-0000324,STRUCTURING,1,1,127,4,4,8,open_source|correspondence|negative_news_search,0,CLOSED_NO_FINDING,2,2,3,0,3,15,1,,,1,plant_missed_escalation,missed_escalation
CASE-0000325,STRUCTURING,1,1,101,4,4,4,account_statements|open_source|kyc_file|transaction_records,0,CLOSED_NO_FINDING,5,5,0,0,3,12,1,,,0,clean,
CASE-0000326,FUNNEL_ACCOUNT,1,1,183,6,6,3,negative_news_search|correspondence,0,CLOSED_NO_FINDING,3,3,0,1,5,16,1,,,0,minor_findings,
CASE-0000327,FRAUD_REFERRAL,1,1,84,4,4,9,negative_news_search|internal_referral|transaction_records|kyc_file,1,ESCALATED_WITH_FINDING,2,2,3,1,2,14,1,,,0,clean,
CASE-0000328,FRAUD_REFERRAL,1,1,88,6,4,5,internal_referral|negative_news_search|kyc_file|account_statements,0,CLOSED_NO_FINDING,4,4,0,0,2,13,1,,,1,plant_unreviewed_scope,cleared_with_unreviewed_scope
CASE-0000329,FUNNEL_ACCOUNT,1,1,278,7,7,5,transaction_records|account_statements|open_source|correspondence,1,ESCALATED_WITH_FINDING,6,6,1,1,1,22,1,,,0,clean,
CASE-0000330,SANCTIONS_REFERRAL,1,1,136,8,8,9,correspondence|transaction_records|negative_news_search,0,CLOSED_NO_FINDING,5,5,0,0,5,12,1,,,0,clean,
CASE-0000331,FRAUD_REFERRAL,1,1,103,8,8,4,account_statements|kyc_file|open_source,0,CLOSED_NO_FINDING,3,3,0,0,4,13,1,,,0,clean,
CASE-0000332,STRUCTURING,1,1,108,6,6,3,internal_referral|transaction_records|negative_news_search|correspondence,0,CLOSED_NO_FINDING,6,6,1,0,5,21,1,,,1,plant_missed_escalation,missed_escalation
CASE-0000333,FRAUD_REFERRAL,1,1,88,8,8,7,open_source|negative_news_search|kyc_file|internal_referral,0,CLOSED_NO_FINDING,5,5,0,0,1,13,1,,,0,clean,
CASE-0000334,FUNNEL_ACCOUNT,1,1,128,5,5,10,kyc_file|negative_news_search|correspondence,0,CLOSED_NO_FINDING,5,5,0,0,5,24,1,,,0,major_findings,
CASE-0000335,SANCTIONS_REFERRAL,1,1,147,5,5,3,open_source|internal_referral,0,CLOSED_NO_FINDING,2,2,0,0,2,11,1,,,0,clean,
CASE-0000336,FRAUD_REFERRAL,1,1,64,6,6,7,kyc_file|transaction_records,0,CLOSED_NO_FINDING,6,6,0,0,4,23,0,,,0,major_findings,
CASE-0000337,FUNNEL_ACCOUNT,1,1,0,7,7,5,correspondence,0,CLOSED_NO_FINDING,6,6,0,0,5,20,1,,,1,plant_missing_mandatory,missing_mandatory_element
CASE-0000338,LAYERING_PASSTHROUGH,1,1,185,8,8,6,transaction_records|account_statements|correspondence|kyc_file,0,CLOSED_NO_FINDING,5,5,0,1,2,52,1,,,0,minor_findings,
CASE-0000339,SANCTIONS_REFERRAL,1,1,149,8,8,8,correspondence|kyc_file|account_statements,0,ESCALATED_WITH_FINDING,6,6,2,1,1,13,1,,,0,clean,
CASE-0000340,LAYERING_PASSTHROUGH,1,1,0,7,7,4,kyc_file|correspondence|transaction_records|internal_referral,0,CLOSED_NO_FINDING,6,6,0,0,3,19,1,,,1,plant_missing_mandatory,missing_mandatory_element
CASE-0000341,LAYERING_PASSTHROUGH,1,1,278,6,3,3,transaction_records|kyc_file|correspondence,0,CLOSED_NO_FINDING,5,5,0,0,2,34,1,,,1,plant_unreviewed_scope,cleared_with_unreviewed_scope
CASE-0000342,SANCTIONS_REFERRAL,1,1,128,7,7,7,kyc_file|transaction_records,0,CLOSED_NO_FINDING,5,5,0,0,4,14,1,,,0,clean,
CASE-0000343,FRAUD_REFERRAL,1,1,82,4,4,8,negative_news_search|kyc_file,0,CLOSED_NO_FINDING,3,3,0,0,2,38,1,,,0,minor_findings,
CASE-0000344,FRAUD_REFERRAL,1,1,100,4,4,8,correspondence|transaction_records,0,CLOSED_NO_FINDING,2,2,0,0,2,13,0,,,0,major_findings,
CASE-0000345,SANCTIONS_REFERRAL,1,1,116,6,6,8,transaction_records,0,CLOSED_NO_FINDING,3,3,0,0,2,25,1,,,0,minor_findings,
CASE-0000346,FUNNEL_ACCOUNT,1,1,303,6,6,5,transaction_records|internal_referral|negative_news_search,0,CLOSED_NO_FINDING,5,5,0,0,1,29,1,,,0,clean,
CASE-0000347,STRUCTURING,1,1,116,5,5,7,negative_news_search|kyc_file,0,CLOSED_NO_FINDING,3,3,0,0,4,17,1,,,0,clean,
CASE-0000348,FRAUD_REFERRAL,1,1,80,4,4,8,correspondence|open_source|kyc_file,0,CLOSED_NO_FINDING,5,5,0,0,2,18,1,,,0,clean,
CASE-0000349,STRUCTURING,1,1,109,8,8,6,open_source|correspondence|account_statements|negative_news_search,0,CLOSED_NO_FINDING,3,3,0,0,2,23,1,,,0,clean,
CASE-0000350,STRUCTURING,1,1,127,8,8,8,kyc_file|correspondence|negative_news_search,0,CLOSED_NO_FINDING,6,6,0,0,2,26,1,,,0,clean,
CASE-0000351,STRUCTURING,1,1,150,6,6,4,internal_referral|kyc_file|correspondence,0,CLOSED_NO_FINDING,4,4,0,0,2,23,1,,,0,clean,
CASE-0000352,LAYERING_PASSTHROUGH,1,1,230,3,3,6,negative_news_search|internal_referral|correspondence|account_statements,0,CLOSED_NO_FINDING,4,4,0,0,3,15,1,,,0,clean,
CASE-0000353,SANCTIONS_REFERRAL,1,1,134,6,6,10,account_statements|correspondence|kyc_file|open_source,0,CLOSED_NO_FINDING,6,6,0,0,4,13,1,,,0,clean,
CASE-0000354,FRAUD_REFERRAL,1,1,70,5,5,8,kyc_file|internal_referral|correspondence|open_source,0,CLOSED_NO_FINDING,4,4,0,1,2,34,1,,,0,minor_findings,
CASE-0000355,STRUCTURING,1,1,140,8,8,4,account_statements|open_source,0,CLOSED_NO_FINDING,2,0,0,0,2,20,1,,,1,plant_uncited_disposition,unsupported_disposition
CASE-0000356,STRUCTURING,1,1,97,3,3,5,internal_referral|open_source,0,CLOSED_NO_FINDING,4,4,0,0,5,19,1,,,0,clean,
CASE-0000357,SANCTIONS_REFERRAL,1,1,92,4,4,8,correspondence|open_source|internal_referral,0,CLOSED_NO_FINDING,6,6,0,0,2,7,1,,,0,clean,
CASE-0000358,LAYERING_PASSTHROUGH,1,1,0,8,8,10,internal_referral|correspondence|negative_news_search|open_source,0,CLOSED_NO_FINDING,6,6,0,0,2,39,1,,,1,plant_missing_mandatory,missing_mandatory_element
CASE-0000359,STRUCTURING,1,1,101,5,5,3,negative_news_search|account_statements,1,ESCALATED_WITH_FINDING,4,4,3,1,3,15,1,,,0,clean,
CASE-0000360,FRAUD_REFERRAL,1,1,98,6,6,6,negative_news_search|kyc_file,0,CLOSED_NO_FINDING,3,3,0,0,4,12,1,,,0,clean,
CASE-0000361,LAYERING_PASSTHROUGH,1,1,236,8,8,9,kyc_file|transaction_records,0,CLOSED_NO_FINDING,5,5,0,0,2,33,1,,,0,clean,
CASE-0000362,LAYERING_PASSTHROUGH,1,1,219,8,8,7,negative_news_search,0,CLOSED_NO_FINDING,3,3,0,0,5,50,1,,,0,minor_findings,
CASE-0000363,FUNNEL_ACCOUNT,1,1,220,3,3,5,open_source|internal_referral|transaction_records|account_statements,0,CLOSED_NO_FINDING,2,2,0,0,5,13,1,,,0,clean,
CASE-0000364,FUNNEL_ACCOUNT,1,1,323,6,6,10,correspondence|transaction_records|kyc_file|internal_referral,0,CLOSED_NO_FINDING,3,3,0,0,3,34,1,,,0,clean,
CASE-0000365,SANCTIONS_REFERRAL,1,1,148,5,5,3,correspondence|internal_referral,1,ESCALATED_WITH_FINDING,3,3,2,1,4,5,1,,,0,clean,
CASE-0000366,FRAUD_REFERRAL,1,1,82,4,4,7,account_statements|internal_referral|transaction_records,0,CLOSED_NO_FINDING,6,6,0,0,1,19,1,,,0,clean,
CASE-0000367,STRUCTURING,1,1,152,3,3,6,account_statements|internal_referral,0,CLOSED_NO_FINDING,5,5,0,0,2,15,1,,,0,clean,
CASE-0000368,STRUCTURING,1,1,90,4,4,3,correspondence|internal_referral|open_source|account_statements,0,CLOSED_NO_FINDING,4,4,0,0,1,17,1,,,0,clean,
CASE-0000369,STRUCTURING,1,1,114,7,7,3,kyc_file|internal_referral,0,CLOSED_NO_FINDING,3,3,0,0,3,59,1,,,0,major_findings,
CASE-0000370,SANCTIONS_REFERRAL,1,1,142,6,4,3,open_source|kyc_file|account_statements|internal_referral,0,CLOSED_NO_FINDING,2,2,0,0,3,13,1,,,1,plant_unreviewed_scope,cleared_with_unreviewed_scope
CASE-0000371,LAYERING_PASSTHROUGH,1,1,258,4,4,8,open_source|kyc_file|negative_news_search|account_statements,0,CLOSED_NO_FINDING,2,2,0,0,3,49,1,,,0,minor_findings,
CASE-0000372,FUNNEL_ACCOUNT,1,1,307,4,4,8,account_statements|kyc_file|transaction_records|open_source,0,CLOSED_NO_FINDING,3,3,0,0,5,22,1,,,0,clean,
CASE-0000373,FUNNEL_ACCOUNT,1,1,272,6,6,4,negative_news_search|internal_referral,0,CLOSED_NO_FINDING,2,2,0,0,5,20,1,,,0,clean,
CASE-0000374,FRAUD_REFERRAL,1,1,69,6,6,3,internal_referral|open_source|correspondence|kyc_file,0,CLOSED_NO_FINDING,2,2,0,0,1,14,1,,,0,clean,
CASE-0000375,LAYERING_PASSTHROUGH,1,1,247,3,3,3,negative_news_search|internal_referral|open_source,0,ESCALATED_WITH_FINDING,4,4,1,1,2,32,1,,,0,clean,
CASE-0000376,STRUCTURING,1,1,95,5,5,6,transaction_records|correspondence|account_statements|open_source,0,CLOSED_NO_FINDING,3,0,0,0,1,23,1,,,1,plant_uncited_disposition,unsupported_disposition
CASE-0000377,FRAUD_REFERRAL,1,1,95,6,6,8,open_source|internal_referral|correspondence|transaction_records,0,CLOSED_NO_FINDING,3,3,0,1,5,19,1,,,0,minor_findings,
CASE-0000378,FUNNEL_ACCOUNT,1,1,309,5,5,8,open_source|internal_referral|correspondence,0,CLOSED_NO_FINDING,4,4,0,0,5,23,1,,,0,clean,
CASE-0000379,LAYERING_PASSTHROUGH,1,1,313,7,7,7,open_source|correspondence|internal_referral,0,CLOSED_NO_FINDING,2,2,0,0,5,52,1,,,0,minor_findings,
CASE-0000380,FRAUD_REFERRAL,1,1,61,5,5,7,negative_news_search|correspondence|internal_referral|account_statements,1,ESCALATED_WITH_FINDING,2,2,2,1,2,13,1,,,0,clean,
CASE-0000381,STRUCTURING,1,1,96,5,5,9,account_statements|internal_referral|transaction_records|kyc_file,0,CLOSED_NO_FINDING,5,5,0,0,2,13,1,,,0,clean,
CASE-0000382,FRAUD_REFERRAL,1,1,88,3,3,7,internal_referral|negative_news_search,0,CLOSED_NO_FINDING,5,5,0,0,5,20,1,,,0,clean,
CASE-0000383,STRUCTURING,1,1,119,6,6,4,internal_referral|correspondence,0,CLOSED_NO_FINDING,6,6,0,0,3,23,1,,,0,clean,
CASE-0000384,LAYERING_PASSTHROUGH,0,1,185,7,7,5,negative_news_search|internal_referral|account_statements,0,CLOSED_NO_FINDING,3,3,0,0,4,15,1,,,1,plant_missing_mandatory,missing_mandatory_element
CASE-0000385,FRAUD_REFERRAL,1,1,70,3,1,7,account_statements|correspondence|kyc_file,0,CLOSED_NO_FINDING,2,2,0,0,5,16,1,,,1,plant_unreviewed_scope,cleared_with_unreviewed_scope
CASE-0000386,FUNNEL_ACCOUNT,1,1,198,8,8,5,negative_news_search|account_statements|open_source,1,ESCALATED_WITH_FINDING,5,5,1,1,5,23,1,,,0,clean,
CASE-0000387,FRAUD_REFERRAL,1,1,72,3,3,9,internal_referral|negative_news_search|transaction_records,0,CLOSED_NO_FINDING,2,2,0,1,3,32,1,,,0,minor_findings,
CASE-0000388,SANCTIONS_REFERRAL,1,1,149,7,7,10,account_statements|open_source|transaction_records|correspondence,0,CLOSED_NO_FINDING,3,3,0,0,2,16,1,,,0,clean,
CASE-0000389,STRUCTURING,1,1,107,3,3,5,account_statements,0,CLOSED_NO_FINDING,4,4,0,0,5,30,1,,,0,minor_findings,
CASE-0000390,LAYERING_PASSTHROUGH,1,1,280,4,4,3,negative_news_search|internal_referral|correspondence,0,CLOSED_NO_FINDING,2,2,0,0,4,29,1,,,0,clean,
CASE-0000391,STRUCTURING,1,1,137,6,6,3,open_source|internal_referral,0,CLOSED_NO_FINDING,4,4,0,0,5,11,1,,,0,clean,
CASE-0000392,FRAUD_REFERRAL,1,1,74,3,3,9,open_source,0,CLOSED_NO_FINDING,2,2,0,0,5,28,1,,,0,minor_findings,
CASE-0000393,SANCTIONS_REFERRAL,1,1,111,7,7,10,internal_referral|account_statements|transaction_records,0,CLOSED_NO_FINDING,4,4,0,1,5,17,1,,,0,minor_findings,
CASE-0000394,STRUCTURING,1,1,157,3,3,7,account_statements|kyc_file,0,CLOSED_NO_FINDING,5,5,0,0,4,22,1,,,0,clean,
CASE-0000395,STRUCTURING,1,1,134,8,8,6,account_statements|negative_news_search|correspondence,0,CLOSED_NO_FINDING,5,5,0,1,2,34,1,,,0,minor_findings,
CASE-0000396,STRUCTURING,1,1,139,5,5,5,correspondence|account_statements|negative_news_search,0,CLOSED_NO_FINDING,3,3,0,0,2,24,1,,,0,clean,
CASE-0000397,LAYERING_PASSTHROUGH,1,1,284,4,4,8,open_source|kyc_file|correspondence,0,CLOSED_NO_FINDING,4,4,0,0,1,21,1,,,0,clean,
CASE-0000398,STRUCTURING,1,1,134,7,7,6,account_statements|correspondence|transaction_records|kyc_file,1,ESCALATED_WITH_FINDING,2,2,2,1,1,23,1,,,0,clean,
CASE-0000399,FRAUD_REFERRAL,1,1,83,6,6,5,account_statements|correspondence,0,CLOSED_NO_FINDING,2,2,0,0,3,12,1,,,0,clean,
CASE-0000400,FRAUD_REFERRAL,1,1,107,8,8,6,account_statements|open_source,0,CLOSED_NO_FINDING,6,6,0,0,4,11,1,,,0,clean,
CASE-0000401,FUNNEL_ACCOUNT,1,1,267,3,3,9,kyc_file|open_source|negative_news_search|transaction_records,0,CLOSED_NO_FINDING,6,6,0,0,2,26,1,,,0,clean,
CASE-0000402,FUNNEL_ACCOUNT,1,1,321,6,6,3,open_source|negative_news_search|transaction_records|account_statements,0,CLOSED_NO_FINDING,4,4,0,0,2,28,1,,,0,clean,
CASE-0000403,FRAUD_REFERRAL,1,1,74,6,6,3,negative_news_search|account_statements|open_source|correspondence,0,CLOSED_NO_FINDING,2,2,0,0,3,16,1,,,0,clean,
CASE-0000404,STRUCTURING,1,1,129,8,8,9,kyc_file|open_source|transaction_records,0,CLOSED_NO_FINDING,3,3,0,0,2,55,1,,case_background|activity_reviewed,0,major_findings,
CASE-0000405,STRUCTURING,1,1,72,8,8,9,correspondence|negative_news_search|internal_referral|account_statements,0,CLOSED_NO_FINDING,5,5,0,0,2,62,1,,,0,major_findings,
CASE-0000406,STRUCTURING,1,1,142,5,5,10,internal_referral|account_statements|transaction_records,0,CLOSED_NO_FINDING,3,3,0,0,1,17,1,,,0,clean,
CASE-0000407,STRUCTURING,1,1,151,6,6,3,open_source|account_statements|internal_referral|correspondence,0,CLOSED_NO_FINDING,0,0,0,0,3,9,1,,,1,plant_missing_mandatory,missing_mandatory_element
CASE-0000408,STRUCTURING,1,1,130,8,8,6,correspondence,0,CLOSED_NO_FINDING,2,2,0,1,5,11,1,,,0,minor_findings,
CASE-0000409,LAYERING_PASSTHROUGH,1,1,195,3,3,5,internal_referral|kyc_file,0,CLOSED_NO_FINDING,6,6,0,0,3,37,1,,,0,clean,
CASE-0000410,SANCTIONS_REFERRAL,1,1,159,4,4,8,transaction_records,0,CLOSED_NO_FINDING,4,4,0,0,5,22,1,,,0,minor_findings,
CASE-0000411,STRUCTURING,1,1,127,6,6,6,transaction_records|correspondence|negative_news_search|internal_referral,0,CLOSED_NO_FINDING,5,5,0,0,3,14,1,,,0,clean,
CASE-0000412,LAYERING_PASSTHROUGH,1,1,217,5,5,8,negative_news_search|correspondence,0,CLOSED_NO_FINDING,5,5,0,0,2,109,0,,,0,major_findings,
CASE-0000413,FRAUD_REFERRAL,1,1,90,6,6,4,correspondence|account_statements|negative_news_search|open_source,0,CLOSED_NO_FINDING,5,5,0,0,1,12,1,why|what,,0,major_findings,
CASE-0000414,STRUCTURING,1,1,129,7,7,3,internal_referral|kyc_file,0,CLOSED_NO_FINDING,4,4,0,0,1,16,1,,,0,clean,
CASE-0000415,LAYERING_PASSTHROUGH,1,1,312,5,5,10,correspondence|transaction_records|account_statements,0,CLOSED_NO_FINDING,5,5,0,0,2,20,1,,,0,clean,
CASE-0000416,FUNNEL_ACCOUNT,1,1,313,6,6,3,kyc_file|negative_news_search|correspondence|transaction_records,0,CLOSED_NO_FINDING,3,3,0,0,3,26,1,,,0,clean,
CASE-0000417,FUNNEL_ACCOUNT,1,1,220,4,4,3,correspondence,0,CLOSED_NO_FINDING,3,3,0,1,3,16,1,,,0,minor_findings,
CASE-0000418,FUNNEL_ACCOUNT,1,1,239,5,5,10,kyc_file|open_source,0,CLOSED_NO_FINDING,4,4,0,0,3,32,1,,case_background|conclusion,0,major_findings,
CASE-0000419,STRUCTURING,1,1,147,3,3,5,kyc_file|open_source,0,CLOSED_NO_FINDING,6,6,0,0,1,18,1,,,0,clean,
CASE-0000420,FUNNEL_ACCOUNT,1,1,277,7,7,5,internal_referral|transaction_records,0,CLOSED_NO_FINDING,5,5,0,0,1,37,1,,,0,clean,
CASE-0000421,FRAUD_REFERRAL,1,1,100,8,8,4,open_source|transaction_records|internal_referral,0,ESCALATED_WITH_FINDING,6,6,3,1,3,24,1,,,0,clean,
CASE-0000422,LAYERING_PASSTHROUGH,1,1,221,4,4,8,internal_referral|transaction_records|kyc_file,0,CLOSED_NO_FINDING,3,3,0,0,2,23,1,,,0,clean,
CASE-0000423,STRUCTURING,1,1,129,4,4,8,account_statements|internal_referral|kyc_file,0,CLOSED_NO_FINDING,6,6,0,0,5,15,1,,,0,clean,
CASE-0000424,STRUCTURING,1,1,99,3,3,10,transaction_records|correspondence|open_source|internal_referral,0,CLOSED_NO_FINDING,2,2,0,0,3,17,1,,,0,clean,
CASE-0000425,STRUCTURING,1,1,140,8,8,8,kyc_file|account_statements|negative_news_search,0,CLOSED_NO_FINDING,2,2,0,0,5,17,1,,,0,clean,
CASE-0000426,SANCTIONS_REFERRAL,1,1,148,3,1,10,account_statements,0,CLOSED_NO_FINDING,5,5,0,0,4,10,1,,,1,plant_unreviewed_scope,cleared_with_unreviewed_scope
CASE-0000427,FRAUD_REFERRAL,1,1,104,8,8,8,open_source|correspondence|transaction_records,0,CLOSED_NO_FINDING,2,2,0,0,3,15,1,,,0,clean,
CASE-0000428,FUNNEL_ACCOUNT,1,1,267,5,5,5,transaction_records|open_source|correspondence|kyc_file,0,CLOSED_NO_FINDING,6,6,0,0,2,22,1,,,0,clean,
CASE-0000429,SANCTIONS_REFERRAL,1,1,119,7,7,6,account_statements|open_source|internal_referral|transaction_records,0,CLOSED_NO_FINDING,4,4,0,1,5,8,1,,,0,minor_findings,
CASE-0000430,SANCTIONS_REFERRAL,1,1,129,5,5,6,kyc_file,0,CLOSED_NO_FINDING,2,2,0,0,4,21,1,,,0,minor_findings,
CASE-0000431,FRAUD_REFERRAL,1,1,97,7,7,9,open_source|internal_referral|transaction_records,1,ESCALATED_WITH_FINDING,2,2,1,1,1,22,1,,,0,clean,
CASE-0000432,FRAUD_REFERRAL,1,1,67,8,8,7,kyc_file,1,CLOSED_NO_FINDING,3,3,0,0,1,23,1,,,1,plant_hidden_contradiction,contradictory_disposition
CASE-0000433,SANCTIONS_REFERRAL,1,1,161,5,5,3,negative_news_search|open_source|account_statements|kyc_file,0,CLOSED_NO_FINDING,2,2,0,0,4,11,1,,,0,clean,
CASE-0000434,LAYERING_PASSTHROUGH,1,1,195,5,5,7,account_statements|open_source,1,ESCALATED_WITH_FINDING,6,6,2,1,5,33,1,,,0,clean,
CASE-0000435,FUNNEL_ACCOUNT,1,1,204,8,8,5,negative_news_search|open_source,0,CLOSED_NO_FINDING,4,4,0,0,2,114,1,who,,0,major_findings,
CASE-0000436,STRUCTURING,1,1,96,4,4,9,correspondence|internal_referral|negative_news_search,0,CLOSED_NO_FINDING,5,5,0,0,4,18,1,,,0,clean,
CASE-0000437,FUNNEL_ACCOUNT,1,1,235,6,6,6,internal_referral,0,CLOSED_NO_FINDING,2,2,0,1,4,27,1,,,0,minor_findings,
CASE-0000438,FUNNEL_ACCOUNT,1,1,261,3,3,8,negative_news_search|open_source,0,CLOSED_NO_FINDING,2,2,0,0,3,15,1,,,0,clean,
CASE-0000439,SANCTIONS_REFERRAL,1,1,127,3,3,4,open_source|internal_referral,0,CLOSED_NO_FINDING,2,2,0,0,3,10,1,,,0,clean,
CASE-0000440,LAYERING_PASSTHROUGH,1,1,310,3,3,3,open_source|negative_news_search|correspondence,0,CLOSED_NO_FINDING,6,6,0,1,3,61,1,,,0,minor_findings,
CASE-0000441,STRUCTURING,1,1,108,7,7,10,account_statements|negative_news_search|transaction_records|kyc_file,0,CLOSED_NO_FINDING,6,6,0,0,3,20,1,,,0,clean,
CASE-0000442,FUNNEL_ACCOUNT,1,1,216,5,5,7,correspondence|kyc_file|transaction_records,1,ESCALATED_WITH_FINDING,2,2,3,1,1,38,1,,,0,clean,
CASE-0000443,SANCTIONS_REFERRAL,1,1,146,5,5,6,account_statements|negative_news_search|transaction_records,0,CLOSED_NO_FINDING,4,4,0,0,2,41,1,,,0,major_findings,
CASE-0000444,SANCTIONS_REFERRAL,1,1,137,4,4,5,negative_news_search|internal_referral,0,CLOSED_NO_FINDING,4,0,0,0,4,12,1,,,1,plant_uncited_disposition,unsupported_disposition
CASE-0000445,STRUCTURING,1,1,124,5,5,6,internal_referral|correspondence|open_source,0,CLOSED_NO_FINDING,5,5,0,0,4,44,0,,,0,major_findings,
CASE-0000446,FUNNEL_ACCOUNT,1,1,271,7,7,9,internal_referral|kyc_file|correspondence|negative_news_search,0,CLOSED_NO_FINDING,4,4,0,0,1,19,1,,,0,clean,
CASE-0000447,STRUCTURING,1,1,68,8,8,6,kyc_file|internal_referral|account_statements|correspondence,0,CLOSED_NO_FINDING,6,6,0,0,5,13,1,,,0,major_findings,
CASE-0000448,STRUCTURING,1,1,110,8,8,6,transaction_records|negative_news_search,1,ESCALATED_WITH_FINDING,2,2,3,1,4,13,1,,,0,clean,
CASE-0000449,FRAUD_REFERRAL,1,1,105,8,8,4,account_statements|open_source|negative_news_search|correspondence,0,CLOSED_NO_FINDING,2,2,0,0,1,34,1,,,0,minor_findings,
CASE-0000450,FRAUD_REFERRAL,1,1,103,8,8,8,account_statements|transaction_records|kyc_file,0,CLOSED_NO_FINDING,2,2,0,1,3,40,1,,,0,minor_findings,
CASE-0000451,STRUCTURING,0,1,133,4,4,5,open_source|transaction_records|account_statements|correspondence,0,CLOSED_NO_FINDING,3,3,0,0,4,9,1,,,1,plant_missing_mandatory,missing_mandatory_element
CASE-0000452,STRUCTURING,1,1,108,8,8,10,open_source|account_statements,0,CLOSED_NO_FINDING,2,2,0,0,1,12,0,,,0,major_findings,
CASE-0000453,SANCTIONS_REFERRAL,1,1,157,8,8,10,open_source|correspondence|transaction_records,0,CLOSED_NO_FINDING,6,6,0,0,5,3,1,,,0,clean,
CASE-0000454,FUNNEL_ACCOUNT,1,1,314,7,7,8,internal_referral|kyc_file|open_source,0,CLOSED_NO_FINDING,2,2,0,0,4,16,1,,,0,clean,
CASE-0000455,FRAUD_REFERRAL,1,1,63,5,5,10,internal_referral|account_statements|correspondence,0,CLOSED_NO_FINDING,6,6,0,0,3,36,1,,,0,minor_findings,
CASE-0000456,FRAUD_REFERRAL,1,1,81,8,8,6,transaction_records|account_statements,0,CLOSED_NO_FINDING,2,2,0,0,5,31,1,,,0,minor_findings,
CASE-0000457,FUNNEL_ACCOUNT,1,1,185,3,3,3,correspondence,0,CLOSED_NO_FINDING,5,5,0,0,4,37,1,,,0,minor_findings,
CASE-0000458,LAYERING_PASSTHROUGH,1,1,213,7,7,4,internal_referral|account_statements,0,CLOSED_NO_FINDING,5,5,0,0,5,58,1,,,0,minor_findings,
CASE-0000459,SANCTIONS_REFERRAL,1,1,149,5,5,4,negative_news_search|account_statements|correspondence,0,ESCALATED_WITH_FINDING,2,2,1,1,2,12,1,,,0,clean,
CASE-0000460,LAYERING_PASSTHROUGH,1,1,228,6,6,9,transaction_records|internal_referral|negative_news_search,0,CLOSED_NO_FINDING,6,6,0,0,1,36,1,,,0,clean,
CASE-0000461,FRAUD_REFERRAL,1,1,63,5,5,7,correspondence|open_source,0,CLOSED_NO_FINDING,3,3,0,0,1,20,1,,,0,clean,
CASE-0000462,LAYERING_PASSTHROUGH,1,1,185,7,7,4,transaction_records,0,CLOSED_NO_FINDING,5,5,0,0,4,20,1,,,0,minor_findings,
CASE-0000463,STRUCTURING,1,1,139,6,6,6,internal_referral|kyc_file,0,CLOSED_NO_FINDING,6,6,0,0,3,15,1,,,0,clean,
CASE-0000464,STRUCTURING,1,1,125,8,8,4,correspondence|kyc_file|internal_referral|open_source,0,CLOSED_NO_FINDING,2,2,0,0,1,20,1,,,0,clean,
CASE-0000465,STRUCTURING,1,1,116,7,7,6,transaction_records,0,CLOSED_NO_FINDING,4,4,0,0,5,23,1,,,0,minor_findings,
CASE-0000466,SANCTIONS_REFERRAL,1,1,138,4,4,3,internal_referral|kyc_file,0,CLOSED_NO_FINDING,4,4,0,0,4,9,0,,,0,major_findings,
CASE-0000467,LAYERING_PASSTHROUGH,1,1,187,8,8,5,correspondence|transaction_records,0,CLOSED_NO_FINDING,5,5,0,0,4,15,1,,,0,clean,
CASE-0000468,STRUCTURING,1,1,120,5,5,8,correspondence|transaction_records,0,CLOSED_NO_FINDING,4,4,0,0,4,17,1,,,0,clean,
CASE-0000469,STRUCTURING,1,1,95,4,4,10,open_source|account_statements,0,CLOSED_NO_FINDING,3,3,0,0,2,16,1,,,0,clean,
CASE-0000470,FUNNEL_ACCOUNT,1,1,283,6,6,8,account_statements|kyc_file|correspondence,0,CLOSED_NO_FINDING,2,2,3,0,4,23,1,,,1,plant_missed_escalation,missed_escalation
CASE-0000471,STRUCTURING,1,1,105,5,5,7,account_statements|internal_referral|negative_news_search|correspondence,0,CLOSED_NO_FINDING,6,6,0,0,4,10,1,,,0,clean,
CASE-0000472,FRAUD_REFERRAL,1,1,83,7,4,6,open_source|correspondence|kyc_file|transaction_records,0,CLOSED_NO_FINDING,5,5,0,0,1,17,1,,,1,plant_unreviewed_scope,cleared_with_unreviewed_scope
CASE-0000473,FUNNEL_ACCOUNT,1,1,309,7,7,9,transaction_records|open_source,0,CLOSED_NO_FINDING,6,6,0,0,5,36,1,,,0,clean,
CASE-0000474,LAYERING_PASSTHROUGH,1,1,191,4,4,3,internal_referral|open_source|account_statements|negative_news_search,0,CLOSED_NO_FINDING,4,4,0,0,1,28,1,,,0,clean,
CASE-0000475,LAYERING_PASSTHROUGH,1,1,281,4,4,3,open_source|account_statements|correspondence,0,ESCALATED_WITH_FINDING,3,3,2,1,4,30,1,,,0,clean,
CASE-0000476,SANCTIONS_REFERRAL,1,1,117,3,3,8,transaction_records|kyc_file|open_source|internal_referral,0,CLOSED_NO_FINDING,6,6,0,1,1,16,1,,,0,minor_findings,
CASE-0000477,FRAUD_REFERRAL,1,1,77,8,8,3,open_source|kyc_file,0,CLOSED_NO_FINDING,5,5,0,0,1,19,1,,,0,clean,
CASE-0000478,FUNNEL_ACCOUNT,1,1,189,8,8,6,kyc_file|account_statements,0,CLOSED_NO_FINDING,6,6,0,1,2,32,1,,,0,minor_findings,
CASE-0000479,FRAUD_REFERRAL,1,1,75,4,4,7,internal_referral|open_source|kyc_file|transaction_records,0,CLOSED_NO_FINDING,2,2,0,0,2,22,1,,,0,clean,
CASE-0000480,FUNNEL_ACCOUNT,1,1,277,7,7,7,negative_news_search|kyc_file|transaction_records,0,CLOSED_NO_FINDING,3,3,0,0,1,28,1,,,0,clean,
CASE-0000481,FUNNEL_ACCOUNT,1,1,221,4,4,4,account_statements|kyc_file,1,CLOSED_NO_FINDING,2,2,0,0,1,26,1,,,1,plant_hidden_contradiction,contradictory_disposition
CASE-0000482,FRAUD_REFERRAL,1,1,85,8,8,5,kyc_file|open_source|internal_referral,0,CLOSED_NO_FINDING,2,2,0,0,1,15,1,,,0,clean,
CASE-0000483,STRUCTURING,1,1,136,7,7,9,kyc_file|internal_referral|correspondence|open_source,0,CLOSED_NO_FINDING,6,6,0,0,2,23,1,,,0,clean,
CASE-0000484,LAYERING_PASSTHROUGH,1,1,261,5,5,7,correspondence|kyc_file,0,CLOSED_NO_FINDING,3,3,0,1,1,60,1,,,0,minor_findings,
CASE-0000485,STRUCTURING,1,1,128,8,8,5,correspondence|internal_referral,0,CLOSED_NO_FINDING,3,3,0,0,5,22,1,,,0,clean,
CASE-0000486,STRUCTURING,1,1,116,5,5,6,internal_referral|transaction_records|kyc_file|negative_news_search,0,CLOSED_NO_FINDING,3,3,0,0,5,9,1,,,0,clean,
CASE-0000487,LAYERING_PASSTHROUGH,1,1,238,3,3,10,open_source|kyc_file,0,CLOSED_NO_FINDING,3,3,0,0,3,18,1,,,0,clean,
CASE-0000488,SANCTIONS_REFERRAL,1,1,124,5,5,7,internal_referral|account_statements|negative_news_search|open_source,0,CLOSED_NO_FINDING,4,4,0,0,3,12,1,,,0,clean,
CASE-0000489,SANCTIONS_REFERRAL,1,1,98,7,7,3,negative_news_search|account_statements|open_source,0,CLOSED_NO_FINDING,4,4,0,0,2,19,1,,,0,minor_findings,
CASE-0000490,STRUCTURING,1,1,128,3,3,10,open_source,0,CLOSED_NO_FINDING,3,3,0,0,3,39,1,,,0,minor_findings,
CASE-0000491,FRAUD_REFERRAL,1,1,76,5,5,10,transaction_records|account_statements|open_source|negative_news_search,0,CLOSED_NO_FINDING,5,5,0,0,3,9,1,,,0,clean,
CASE-0000492,FRAUD_REFERRAL,1,1,66,6,6,4,account_statements|kyc_file,0,CLOSED_NO_FINDING,5,5,0,0,4,20,1,,,0,clean,
CASE-0000493,LAYERING_PASSTHROUGH,1,1,288,7,5,4,open_source,0,CLOSED_NO_FINDING,4,4,0,0,3,16,1,,,1,plant_unreviewed_scope,cleared_with_unreviewed_scope
CASE-0000494,SANCTIONS_REFERRAL,1,1,110,6,6,10,correspondence|kyc_file,0,CLOSED_NO_FINDING,6,6,0,0,2,8,0,,case_background,0,major_findings,
CASE-0000495,STRUCTURING,1,1,124,8,8,7,account_statements|open_source|correspondence,0,CLOSED_NO_FINDING,2,2,0,0,3,24,1,who|when,,0,major_findings,
CASE-0000496,LAYERING_PASSTHROUGH,1,1,320,6,6,4,account_statements,0,CLOSED_NO_FINDING,2,2,0,1,3,30,1,,,0,minor_findings,
CASE-0000497,FRAUD_REFERRAL,1,1,80,5,5,8,kyc_file|correspondence,1,ESCALATED_WITH_FINDING,6,6,1,1,2,10,1,,,0,clean,
CASE-0000498,SANCTIONS_REFERRAL,1,1,129,4,4,8,correspondence|kyc_file|internal_referral|negative_news_search,0,CLOSED_NO_FINDING,2,2,0,0,1,13,1,,,0,clean,
CASE-0000499,FUNNEL_ACCOUNT,1,1,292,5,5,9,account_statements|transaction_records|correspondence,1,ESCALATED_WITH_FINDING,3,3,1,1,2,28,1,,,0,clean,
CASE-0000500,LAYERING_PASSTHROUGH,1,1,259,8,8,4,open_source|transaction_records|internal_referral,0,CLOSED_NO_FINDING,3,3,0,0,5,33,0,,,0,major_findings,
CASE-0000501,SANCTIONS_REFERRAL,1,1,127,7,7,8,internal_referral|kyc_file,0,ESCALATED_WITH_FINDING,2,2,1,1,4,13,1,,,0,clean,
CASE-0000502,FRAUD_REFERRAL,1,1,66,4,4,4,internal_referral|transaction_records|correspondence,0,ESCALATED_WITH_FINDING,2,2,2,1,2,15,1,,,0,clean,
CASE-0000503,STRUCTURING,1,1,98,6,6,7,transaction_records|kyc_file,0,CLOSED_NO_FINDING,2,2,0,0,5,16,1,,,0,clean,
CASE-0000504,SANCTIONS_REFERRAL,1,1,103,4,4,8,transaction_records|account_statements,0,CLOSED_NO_FINDING,4,4,0,0,1,42,1,why,,0,major_findings,
CASE-0000505,SANCTIONS_REFERRAL,1,1,159,4,4,5,transaction_records|internal_referral|correspondence|account_statements,0,CLOSED_NO_FINDING,6,6,0,0,4,44,1,who|what,,0,major_findings,
CASE-0000506,LAYERING_PASSTHROUGH,1,1,254,3,3,10,internal_referral|kyc_file|negative_news_search,0,CLOSED_NO_FINDING,2,2,0,0,3,18,1,,,0,clean,
CASE-0000507,FUNNEL_ACCOUNT,1,1,278,5,5,10,negative_news_search|open_source,0,CLOSED_NO_FINDING,4,4,0,0,4,28,1,,,0,clean,
CASE-0000508,FUNNEL_ACCOUNT,1,1,315,6,3,8,open_source,0,CLOSED_NO_FINDING,5,5,0,0,1,39,1,,,1,plant_unreviewed_scope,cleared_with_unreviewed_scope
CASE-0000509,SANCTIONS_REFERRAL,1,1,160,7,7,5,kyc_file|account_statements,1,ESCALATED_WITH_FINDING,4,4,2,1,4,8,1,,,0,clean,
CASE-0000510,FRAUD_REFERRAL,1,1,88,7,7,9,open_source|internal_referral|negative_news_search,0,CLOSED_NO_FINDING,5,5,0,0,3,21,1,,,0,clean,
CASE-0000511,LAYERING_PASSTHROUGH,1,1,197,3,2,10,account_statements|internal_referral|correspondence,0,CLOSED_NO_FINDING,2,2,0,0,2,35,1,,,1,plant_unreviewed_scope,cleared_with_unreviewed_scope
CASE-0000512,FUNNEL_ACCOUNT,1,1,267,6,6,8,correspondence,0,CLOSED_NO_FINDING,6,0,0,0,1,41,1,,,1,plant_uncited_disposition,unsupported_disposition
CASE-0000513,FUNNEL_ACCOUNT,1,1,252,6,6,8,negative_news_search|transaction_records|internal_referral|open_source,0,CLOSED_NO_FINDING,2,2,0,0,3,31,1,,,0,clean,
CASE-0000514,FUNNEL_ACCOUNT,1,1,260,4,4,7,account_statements|open_source|internal_referral|correspondence,0,CLOSED_NO_FINDING,4,4,0,0,4,14,1,,,0,clean,
CASE-0000515,FUNNEL_ACCOUNT,1,1,275,6,6,10,negative_news_search|account_statements|correspondence,0,CLOSED_NO_FINDING,2,2,0,0,1,31,0,why|when,,0,major_findings,
CASE-0000516,STRUCTURING,1,1,48,3,3,8,correspondence|internal_referral|negative_news_search,0,CLOSED_NO_FINDING,2,2,0,0,1,11,0,,,0,major_findings,
CASE-0000517,FUNNEL_ACCOUNT,1,1,213,4,2,7,negative_news_search,0,CLOSED_NO_FINDING,2,2,0,0,1,33,1,,,1,plant_unreviewed_scope,cleared_with_unreviewed_scope
CASE-0000518,FUNNEL_ACCOUNT,1,1,218,6,6,10,transaction_records|kyc_file|open_source|negative_news_search,0,CLOSED_NO_FINDING,4,4,0,0,5,25,1,,,0,clean,
CASE-0000519,FRAUD_REFERRAL,1,1,76,4,4,8,internal_referral,0,CLOSED_NO_FINDING,4,4,0,0,1,40,1,,,0,minor_findings,
CASE-0000520,LAYERING_PASSTHROUGH,1,1,323,5,5,9,negative_news_search|internal_referral,0,CLOSED_NO_FINDING,2,1,0,0,3,21,1,,,1,plant_uncited_disposition,unsupported_disposition
CASE-0000521,LAYERING_PASSTHROUGH,1,1,273,3,3,7,correspondence|kyc_file|open_source|internal_referral,0,CLOSED_NO_FINDING,3,3,0,0,4,19,1,,,0,clean,
CASE-0000522,STRUCTURING,1,1,135,3,3,5,open_source|account_statements|correspondence|kyc_file,0,CLOSED_NO_FINDING,6,6,0,0,5,9,1,,,0,clean,
CASE-0000523,FRAUD_REFERRAL,1,1,90,8,8,6,open_source|account_statements|internal_referral,0,CLOSED_NO_FINDING,3,3,0,0,4,23,0,,case_background|conclusion,0,major_findings,
CASE-0000524,STRUCTURING,1,1,139,5,5,6,account_statements|transaction_records|correspondence,0,CLOSED_NO_FINDING,3,0,0,0,3,19,1,,,1,plant_uncited_disposition,unsupported_disposition
CASE-0000525,FUNNEL_ACCOUNT,1,1,209,3,3,7,transaction_records|kyc_file,0,CLOSED_NO_FINDING,4,4,0,0,4,30,1,,,0,clean,
CASE-0000526,STRUCTURING,1,1,146,6,6,3,kyc_file|negative_news_search,0,CLOSED_NO_FINDING,4,4,0,0,1,41,1,,,0,minor_findings,
CASE-0000527,FRAUD_REFERRAL,1,1,84,8,8,4,internal_referral|negative_news_search|correspondence|kyc_file,0,CLOSED_NO_FINDING,5,5,0,0,2,11,1,,,0,clean,
CASE-0000528,STRUCTURING,1,1,113,5,5,9,account_statements,1,CLOSED_NO_FINDING,3,3,0,0,1,23,1,,,1,plant_hidden_contradiction,contradictory_disposition
CASE-0000529,FUNNEL_ACCOUNT,1,1,250,3,2,8,transaction_records|kyc_file|negative_news_search|open_source,0,CLOSED_NO_FINDING,5,5,0,0,3,36,1,,,1,plant_unreviewed_scope,cleared_with_unreviewed_scope
CASE-0000530,FRAUD_REFERRAL,1,1,99,5,5,3,negative_news_search|transaction_records|internal_referral|account_statements,1,CLOSED_NO_FINDING,4,4,0,0,3,16,1,,,1,plant_hidden_contradiction,contradictory_disposition
CASE-0000531,FRAUD_REFERRAL,1,1,101,4,4,9,open_source|kyc_file,0,CLOSED_NO_FINDING,4,4,0,0,1,19,1,,,0,clean,
CASE-0000532,FRAUD_REFERRAL,1,1,103,4,4,8,open_source|transaction_records|kyc_file|internal_referral,0,CLOSED_NO_FINDING,5,5,0,0,2,24,1,,,0,clean,
CASE-0000533,FUNNEL_ACCOUNT,1,1,298,3,3,7,transaction_records|kyc_file|open_source|internal_referral,0,CLOSED_NO_FINDING,5,5,0,0,4,35,1,,,0,clean,
CASE-0000534,SANCTIONS_REFERRAL,1,1,99,8,8,9,account_statements,0,CLOSED_NO_FINDING,4,4,0,0,2,12,1,,,0,minor_findings,
CASE-0000535,SANCTIONS_REFERRAL,1,1,119,8,8,8,open_source|internal_referral|account_statements,0,CLOSED_NO_FINDING,4,4,0,0,2,15,1,,,0,clean,
CASE-0000536,LAYERING_PASSTHROUGH,1,1,232,6,6,9,correspondence|negative_news_search|account_statements,0,CLOSED_NO_FINDING,2,2,0,0,3,19,1,,,0,clean,
CASE-0000537,FRAUD_REFERRAL,1,1,106,3,3,6,internal_referral|account_statements|transaction_records,0,CLOSED_NO_FINDING,0,0,0,0,5,17,1,,,1,plant_missing_mandatory,missing_mandatory_element
CASE-0000538,FRAUD_REFERRAL,1,1,85,8,8,10,open_source|transaction_records|account_statements|negative_news_search,0,CLOSED_NO_FINDING,3,3,0,0,5,8,1,,,0,clean,
CASE-0000539,FRAUD_REFERRAL,1,0,78,6,6,9,negative_news_search|account_statements,0,CLOSED_NO_FINDING,4,4,0,0,3,13,1,,,1,plant_missing_mandatory,missing_mandatory_element
CASE-0000540,STRUCTURING,1,1,155,6,6,8,internal_referral|correspondence|open_source|transaction_records,0,CLOSED_NO_FINDING,2,2,0,0,3,12,1,,,0,clean,
CASE-0000541,FRAUD_REFERRAL,1,1,78,8,8,9,negative_news_search|kyc_file|transaction_records|correspondence,0,CLOSED_NO_FINDING,6,6,0,0,4,19,1,,,0,clean,
CASE-0000542,FUNNEL_ACCOUNT,1,1,319,8,8,3,kyc_file|negative_news_search,0,CLOSED_NO_FINDING,6,6,0,0,3,39,1,,,0,clean,
CASE-0000543,FRAUD_REFERRAL,1,1,61,7,7,5,account_statements|negative_news_search|open_source,0,CLOSED_NO_FINDING,4,4,0,0,2,25,1,,,0,clean,
CASE-0000544,STRUCTURING,1,1,100,6,6,4,transaction_records|account_statements|open_source,1,CLOSED_NO_FINDING,4,4,0,0,3,20,1,,,1,plant_hidden_contradiction,contradictory_disposition
CASE-0000545,STRUCTURING,1,1,127,5,5,9,kyc_file|internal_referral,0,CLOSED_NO_FINDING,5,5,1,0,3,19,1,,,1,plant_missed_escalation,missed_escalation
CASE-0000546,LAYERING_PASSTHROUGH,1,1,187,4,4,5,open_source|kyc_file,0,CLOSED_NO_FINDING,3,3,3,0,4,15,1,,,1,plant_missed_escalation,missed_escalation
CASE-0000547,FRAUD_REFERRAL,1,1,86,8,8,10,transaction_records|internal_referral|account_statements,0,CLOSED_NO_FINDING,2,2,0,0,4,13,1,,,0,clean,
CASE-0000548,STRUCTURING,1,1,130,5,5,6,transaction_records|negative_news_search|internal_referral|account_statements,0,CLOSED_NO_FINDING,5,5,0,0,2,22,1,,,0,clean,
CASE-0000549,STRUCTURING,1,1,91,5,5,4,open_source,0,CLOSED_NO_FINDING,4,4,1,0,4,19,1,,,1,plant_missed_escalation,missed_escalation
CASE-0000550,SANCTIONS_REFERRAL,1,1,132,5,5,3,transaction_records|internal_referral|negative_news_search,0,CLOSED_NO_FINDING,5,0,0,0,4,10,1,,,1,plant_uncited_disposition,unsupported_disposition
CASE-0000551,FRAUD_REFERRAL,1,1,26,3,3,7,correspondence|transaction_records|internal_referral,0,CLOSED_NO_FINDING,6,6,0,0,5,9,0,,,0,major_findings,
CASE-0000552,SANCTIONS_REFERRAL,1,1,117,4,4,9,internal_referral|correspondence|account_statements,0,CLOSED_NO_FINDING,2,2,0,0,1,16,1,,,0,clean,
CASE-0000553,FRAUD_REFERRAL,1,1,66,7,7,4,negative_news_search|account_statements|open_source,0,CLOSED_NO_FINDING,5,5,0,0,3,23,1,,,0,clean,
CASE-0000554,FUNNEL_ACCOUNT,1,1,288,3,3,8,account_statements|open_source|internal_referral|transaction_records,1,CLOSED_NO_FINDING,2,2,0,0,5,27,1,,,1,plant_hidden_contradiction,contradictory_disposition
CASE-0000555,SANCTIONS_REFERRAL,1,1,135,7,5,4,account_statements,0,CLOSED_NO_FINDING,5,5,0,0,2,16,1,,,1,plant_unreviewed_scope,cleared_with_unreviewed_scope
CASE-0000556,FUNNEL_ACCOUNT,1,1,261,5,5,4,correspondence,0,CLOSED_NO_FINDING,6,6,0,0,5,50,1,,,0,minor_findings,
CASE-0000557,STRUCTURING,1,1,137,8,8,5,correspondence|open_source,1,ESCALATED_WITH_FINDING,2,2,3,1,5,7,1,,,0,clean,
CASE-0000558,LAYERING_PASSTHROUGH,1,1,229,5,5,5,account_statements|transaction_records,0,CLOSED_NO_FINDING,6,6,0,0,4,29,1,,,0,clean,
CASE-0000559,SANCTIONS_REFERRAL,1,1,90,3,3,10,internal_referral|open_source|negative_news_search,0,CLOSED_NO_FINDING,5,5,0,0,1,7,1,,,0,clean,
CASE-0000560,FRAUD_REFERRAL,1,1,66,3,3,3,transaction_records|correspondence,0,CLOSED_NO_FINDING,3,3,0,0,4,21,1,,,0,clean,
CASE-0000561,STRUCTURING,1,1,150,6,6,6,kyc_file|open_source,1,CLOSED_NO_FINDING,3,3,0,0,2,20,1,,,1,plant_hidden_contradiction,contradictory_disposition
CASE-0000562,STRUCTURING,1,1,91,6,6,10,account_statements|correspondence|kyc_file|open_source,0,CLOSED_NO_FINDING,2,2,0,0,4,23,1,,,0,clean,
CASE-0000563,STRUCTURING,1,1,143,6,6,7,open_source|correspondence,0,CLOSED_NO_FINDING,5,5,0,0,4,24,1,,,0,clean,
CASE-0000564,SANCTIONS_REFERRAL,1,1,128,3,3,9,kyc_file|negative_news_search|transaction_records|correspondence,0,CLOSED_NO_FINDING,5,5,0,0,4,6,1,,,0,clean,
CASE-0000565,STRUCTURING,1,1,122,5,5,9,account_statements|kyc_file,1,CLOSED_NO_FINDING,3,3,0,0,5,22,1,,,1,plant_hidden_contradiction,contradictory_disposition
CASE-0000566,LAYERING_PASSTHROUGH,1,1,274,8,8,5,internal_referral|correspondence|open_source,0,CLOSED_NO_FINDING,5,5,0,0,3,37,1,,,0,clean,
CASE-0000567,SANCTIONS_REFERRAL,1,1,134,4,4,7,internal_referral|transaction_records|open_source|account_statements,0,CLOSED_NO_FINDING,3,0,0,0,3,13,1,,,1,plant_uncited_disposition,unsupported_disposition
CASE-0000568,FUNNEL_ACCOUNT,1,1,186,7,7,3,kyc_file|correspondence|account_statements,0,CLOSED_NO_FINDING,3,3,0,0,3,20,1,,,0,clean,
CASE-0000569,FRAUD_REFERRAL,1,1,80,5,5,6,negative_news_search|account_statements,0,CLOSED_NO_FINDING,5,0,0,0,1,24,1,,,1,plant_uncited_disposition,unsupported_disposition
CASE-0000570,STRUCTURING,1,1,152,8,8,4,transaction_records|open_source|internal_referral|correspondence,0,CLOSED_NO_FINDING,2,2,0,0,3,23,1,,,0,clean,
CASE-0000571,LAYERING_PASSTHROUGH,1,1,253,3,3,5,transaction_records|account_statements|kyc_file|internal_referral,0,CLOSED_NO_FINDING,4,4,0,0,1,37,0,,case_background,0,major_findings,
CASE-0000572,FUNNEL_ACCOUNT,1,1,243,4,4,9,transaction_records,0,CLOSED_NO_FINDING,4,4,0,1,2,19,1,,,0,minor_findings,
CASE-0000573,SANCTIONS_REFERRAL,1,1,120,7,7,6,correspondence|open_source,0,CLOSED_NO_FINDING,5,5,0,0,2,7,1,,,0,clean,
CASE-0000574,FRAUD_REFERRAL,1,1,105,5,5,10,kyc_file,0,CLOSED_NO_FINDING,6,6,1,0,5,20,1,,,1,plant_missed_escalation,missed_escalation
CASE-0000575,SANCTIONS_REFERRAL,1,1,156,8,8,5,transaction_records|internal_referral|negative_news_search|kyc_file,0,CLOSED_NO_FINDING,5,5,0,0,4,12,1,,,0,clean,
CASE-0000576,SANCTIONS_REFERRAL,1,1,155,5,5,3,negative_news_search|correspondence|account_statements,0,CLOSED_NO_FINDING,5,5,0,0,3,12,1,,,0,clean,
CASE-0000577,STRUCTURING,1,1,114,8,8,9,kyc_file|transaction_records,0,CLOSED_NO_FINDING,2,2,0,0,5,17,1,,,0,clean,
CASE-0000578,FUNNEL_ACCOUNT,1,1,220,7,7,4,negative_news_search|kyc_file|correspondence|internal_referral,0,CLOSED_NO_FINDING,3,3,0,0,2,28,1,,,0,clean,
CASE-0000579,FRAUD_REFERRAL,1,1,94,5,5,4,transaction_records|kyc_file|internal_referral|negative_news_search,0,CLOSED_NO_FINDING,2,2,0,0,3,12,1,,,0,clean,
CASE-0000580,SANCTIONS_REFERRAL,1,1,122,3,3,6,negative_news_search|correspondence|internal_referral|account_statements,1,ESCALATED_WITH_FINDING,4,4,3,1,3,11,1,,,0,clean,
CASE-0000581,SANCTIONS_REFERRAL,1,1,62,7,7,4,negative_news_search|correspondence|account_statements,0,CLOSED_NO_FINDING,4,4,0,0,1,47,1,,,0,major_findings,
CASE-0000582,FUNNEL_ACCOUNT,1,1,277,5,5,9,negative_news_search|correspondence|open_source|kyc_file,1,ESCALATED_WITH_FINDING,6,6,2,1,2,27,1,,,0,clean,
CASE-0000583,SANCTIONS_REFERRAL,1,1,149,6,3,5,account_statements,0,CLOSED_NO_FINDING,6,6,0,0,4,12,1,,,1,plant_unreviewed_scope,cleared_with_unreviewed_scope
CASE-0000584,STRUCTURING,1,1,133,3,3,9,transaction_records|kyc_file,0,CLOSED_NO_FINDING,6,6,0,0,5,13,1,,,0,clean,
CASE-0000585,LAYERING_PASSTHROUGH,1,1,222,5,5,3,account_statements|negative_news_search,1,ESCALATED_WITH_FINDING,5,5,2,1,3,39,1,,,0,clean,
CASE-0000586,STRUCTURING,1,1,115,7,7,3,open_source|negative_news_search|kyc_file,1,CLOSED_NO_FINDING,6,6,0,0,4,8,1,,,1,plant_hidden_contradiction,contradictory_disposition
CASE-0000587,FUNNEL_ACCOUNT,1,1,252,4,4,10,internal_referral|open_source|account_statements,0,CLOSED_NO_FINDING,4,4,0,0,5,16,1,,,0,clean,
CASE-0000588,LAYERING_PASSTHROUGH,1,1,228,6,6,3,open_source|internal_referral|kyc_file|transaction_records,0,CLOSED_NO_FINDING,3,3,0,0,4,19,1,,,0,clean,
CASE-0000589,LAYERING_PASSTHROUGH,1,1,272,3,3,4,negative_news_search|correspondence,0,CLOSED_NO_FINDING,6,6,0,0,3,28,1,,activity_reviewed,0,major_findings,
CASE-0000590,STRUCTURING,1,1,109,3,3,6,correspondence|internal_referral,0,CLOSED_NO_FINDING,6,6,0,0,5,9,1,,,0,clean,
CASE-0000591,FRAUD_REFERRAL,1,1,101,6,6,3,open_source|account_statements|correspondence,0,CLOSED_NO_FINDING,2,2,0,0,4,17,1,,,0,clean,
CASE-0000592,FUNNEL_ACCOUNT,1,1,258,3,3,7,open_source,1,CLOSED_NO_FINDING,2,2,0,0,3,17,1,,,1,plant_hidden_contradiction,contradictory_disposition
CASE-0000593,STRUCTURING,1,1,94,8,8,9,kyc_file|account_statements,0,CLOSED_NO_FINDING,5,5,0,1,1,41,1,,,0,minor_findings,
CASE-0000594,STRUCTURING,1,1,117,7,7,4,transaction_records|kyc_file|open_source,0,CLOSED_NO_FINDING,6,6,0,0,2,18,1,,,0,clean,
CASE-0000595,FUNNEL_ACCOUNT,1,1,218,3,3,4,correspondence|negative_news_search,0,CLOSED_NO_FINDING,3,3,0,0,2,38,1,,,0,clean,
CASE-0000596,FUNNEL_ACCOUNT,1,1,233,4,4,5,negative_news_search|open_source,1,ESCALATED_WITH_FINDING,6,6,1,1,5,18,1,,,0,clean,
CASE-0000597,FRAUD_REFERRAL,1,1,60,4,4,10,negative_news_search|kyc_file|open_source,0,CLOSED_NO_FINDING,4,4,0,0,5,11,1,,case_background|conclusion,0,major_findings,
CASE-0000598,LAYERING_PASSTHROUGH,1,1,197,8,8,5,negative_news_search|kyc_file|open_source|account_statements,0,CLOSED_NO_FINDING,6,6,0,0,3,17,1,when|what,activity_reviewed|case_background,0,major_findings,
CASE-0000599,LAYERING_PASSTHROUGH,1,1,267,3,3,3,internal_referral|account_statements,1,ESCALATED_WITH_FINDING,5,5,3,1,2,31,1,,,0,clean,
CASE-0000600,SANCTIONS_REFERRAL,1,1,136,8,8,3,open_source|internal_referral|transaction_records|kyc_file,0,CLOSED_NO_FINDING,5,5,0,0,1,47,0,,,0,major_findings,
CASE-0000601,FUNNEL_ACCOUNT,1,1,289,3,3,8,transaction_records|negative_news_search,0,CLOSED_NO_FINDING,4,4,0,0,1,22,1,,,0,clean,
CASE-0000602,STRUCTURING,1,1,110,3,3,6,account_statements|internal_referral,0,CLOSED_NO_FINDING,5,5,0,0,4,23,1,what|why,,0,major_findings,
CASE-0000603,LAYERING_PASSTHROUGH,1,1,264,3,3,4,internal_referral,0,CLOSED_NO_FINDING,3,3,0,1,5,26,1,,,0,minor_findings,
CASE-0000604,LAYERING_PASSTHROUGH,1,1,315,3,3,3,open_source|correspondence|kyc_file,0,CLOSED_NO_FINDING,2,2,0,1,1,55,1,,,0,minor_findings,
CASE-0000605,STRUCTURING,1,1,122,7,7,3,account_statements|kyc_file|transaction_records,1,CLOSED_NO_FINDING,6,6,0,0,3,24,1,,,1,plant_hidden_contradiction,contradictory_disposition
CASE-0000606,STRUCTURING,1,1,104,4,2,8,transaction_records|internal_referral|correspondence,0,CLOSED_NO_FINDING,2,2,0,0,4,23,1,,,1,plant_unreviewed_scope,cleared_with_unreviewed_scope
CASE-0000607,SANCTIONS_REFERRAL,1,1,107,6,6,8,correspondence|kyc_file,0,CLOSED_NO_FINDING,6,6,0,0,3,7,1,,,0,clean,
CASE-0000608,FRAUD_REFERRAL,1,1,20,3,3,4,transaction_records|correspondence,0,CLOSED_NO_FINDING,5,5,0,0,1,71,1,,,0,major_findings,
CASE-0000609,LAYERING_PASSTHROUGH,1,1,302,5,5,9,negative_news_search|open_source,0,ESCALATED_WITH_FINDING,3,3,3,1,1,30,1,,,0,clean,
CASE-0000610,FUNNEL_ACCOUNT,1,1,269,7,7,8,transaction_records,0,CLOSED_NO_FINDING,6,6,0,0,4,33,1,,,0,minor_findings,
CASE-0000611,SANCTIONS_REFERRAL,1,1,135,4,4,7,open_source|correspondence|negative_news_search,0,CLOSED_NO_FINDING,5,5,0,0,2,15,1,,,0,clean,
CASE-0000612,STRUCTURING,1,1,126,6,6,8,negative_news_search|correspondence|account_statements,1,ESCALATED_WITH_FINDING,3,3,3,1,2,15,1,,,0,clean,
CASE-0000613,FUNNEL_ACCOUNT,1,1,188,4,4,3,kyc_file|account_statements|internal_referral,0,ESCALATED_WITH_FINDING,3,3,2,1,5,29,1,,,0,clean,
CASE-0000614,FUNNEL_ACCOUNT,1,1,302,5,5,8,kyc_file|open_source|correspondence|account_statements,0,CLOSED_NO_FINDING,2,2,0,0,4,28,1,,,0,clean,
CASE-0000615,SANCTIONS_REFERRAL,1,1,106,8,8,6,negative_news_search|account_statements|internal_referral,0,ESCALATED_WITH_FINDING,5,5,2,1,2,16,1,,,0,clean,
CASE-0000616,FUNNEL_ACCOUNT,1,1,232,3,3,4,transaction_records|negative_news_search|correspondence,0,CLOSED_NO_FINDING,3,3,0,0,3,97,0,,,0,major_findings,
CASE-0000617,STRUCTURING,1,1,141,5,5,8,account_statements|correspondence|internal_referral|transaction_records,0,CLOSED_NO_FINDING,3,3,0,0,2,13,1,,,0,clean,
CASE-0000618,FRAUD_REFERRAL,1,1,78,4,4,4,account_statements|kyc_file|open_source,0,CLOSED_NO_FINDING,3,0,0,0,1,24,1,,,1,plant_uncited_disposition,unsupported_disposition
CASE-0000619,LAYERING_PASSTHROUGH,1,1,189,8,8,5,correspondence|account_statements,0,CLOSED_NO_FINDING,3,3,0,0,5,34,1,,,0,clean,
CASE-0000620,SANCTIONS_REFERRAL,1,1,156,4,4,6,kyc_file|account_statements|correspondence|internal_referral,0,CLOSED_NO_FINDING,2,2,0,0,4,14,1,,,0,clean,
CASE-0000621,STRUCTURING,1,1,153,7,7,6,transaction_records|open_source|negative_news_search|correspondence,0,CLOSED_NO_FINDING,3,3,0,1,4,33,1,,,0,minor_findings,
CASE-0000622,SANCTIONS_REFERRAL,1,1,124,6,6,9,correspondence|negative_news_search|transaction_records|account_statements,0,CLOSED_NO_FINDING,3,3,0,0,4,11,1,,,0,clean,
CASE-0000623,FUNNEL_ACCOUNT,1,1,241,5,5,9,account_statements|kyc_file|internal_referral|transaction_records,0,CLOSED_NO_FINDING,3,3,1,0,2,25,1,,,1,plant_missed_escalation,missed_escalation
CASE-0000624,STRUCTURING,1,1,122,6,6,9,kyc_file|open_source|correspondence,1,ESCALATED_WITH_FINDING,4,4,1,1,5,17,1,,,0,clean,
CASE-0000625,STRUCTURING,1,1,126,7,7,4,account_statements|transaction_records|internal_referral,1,ESCALATED_WITH_FINDING,2,2,3,1,1,15,1,,,0,clean,
CASE-0000626,STRUCTURING,1,1,150,8,8,6,negative_news_search|account_statements|correspondence|kyc_file,0,CLOSED_NO_FINDING,2,2,0,0,3,21,1,,,0,clean,
CASE-0000627,STRUCTURING,1,1,158,6,6,3,internal_referral|negative_news_search|account_statements,0,CLOSED_NO_FINDING,5,5,0,0,2,67,1,,,0,major_findings,
CASE-0000628,LAYERING_PASSTHROUGH,1,1,229,6,6,4,correspondence|account_statements|open_source,0,CLOSED_NO_FINDING,5,5,0,0,4,31,1,,,0,clean,
CASE-0000629,FUNNEL_ACCOUNT,1,1,224,4,4,3,correspondence|internal_referral|kyc_file,0,CLOSED_NO_FINDING,4,4,0,0,3,18,1,,,0,clean,
CASE-0000630,FUNNEL_ACCOUNT,1,1,183,7,7,3,account_statements|kyc_file,0,CLOSED_NO_FINDING,6,6,0,0,5,20,1,,,0,clean,
CASE-0000631,LAYERING_PASSTHROUGH,1,1,321,6,6,6,negative_news_search,0,CLOSED_NO_FINDING,3,3,0,0,3,61,1,,,0,minor_findings,
CASE-0000632,STRUCTURING,1,1,125,7,7,5,transaction_records|open_source,0,CLOSED_NO_FINDING,4,4,0,0,1,24,1,,,0,clean,
CASE-0000633,STRUCTURING,1,1,90,7,7,8,open_source|account_statements|transaction_records,0,CLOSED_NO_FINDING,3,3,0,0,4,8,1,,,0,clean,
CASE-0000634,FUNNEL_ACCOUNT,1,1,224,4,4,10,negative_news_search|correspondence,1,ESCALATED_WITH_FINDING,4,4,3,1,2,19,1,,,0,clean,
CASE-0000635,FUNNEL_ACCOUNT,1,1,244,4,4,9,correspondence|account_statements|negative_news_search|kyc_file,0,CLOSED_NO_FINDING,6,6,0,0,2,16,0,,conclusion,0,major_findings,
CASE-0000636,LAYERING_PASSTHROUGH,1,1,294,8,8,9,correspondence|account_statements|open_source|internal_referral,0,CLOSED_NO_FINDING,3,3,0,0,3,32,1,,,0,clean,
CASE-0000637,SANCTIONS_REFERRAL,1,1,103,8,8,4,internal_referral|transaction_records|account_statements,0,CLOSED_NO_FINDING,3,3,2,0,4,8,1,,,1,plant_missed_escalation,missed_escalation
CASE-0000638,SANCTIONS_REFERRAL,1,1,161,6,6,4,transaction_records|correspondence|negative_news_search,1,ESCALATED_WITH_FINDING,4,4,1,1,2,15,1,,,0,clean,
CASE-0000639,LAYERING_PASSTHROUGH,1,1,287,8,8,9,internal_referral|open_source|account_statements,0,CLOSED_NO_FINDING,5,5,0,0,1,32,1,,,0,clean,
CASE-0000640,STRUCTURING,1,1,123,8,8,10,transaction_records|negative_news_search,0,CLOSED_NO_FINDING,3,3,0,0,2,15,1,,,0,clean,
CASE-0000641,FUNNEL_ACCOUNT,1,1,121,4,4,3,transaction_records|account_statements|kyc_file|correspondence,0,CLOSED_NO_FINDING,6,6,0,0,1,101,1,,,0,major_findings,
CASE-0000642,FUNNEL_ACCOUNT,1,1,211,7,7,3,correspondence|negative_news_search|transaction_records|open_source,0,CLOSED_NO_FINDING,4,4,0,0,1,39,1,,,0,clean,
CASE-0000643,LAYERING_PASSTHROUGH,1,1,233,4,4,6,transaction_records|correspondence,1,ESCALATED_WITH_FINDING,5,5,1,1,4,32,1,,,0,clean,
CASE-0000644,STRUCTURING,1,1,147,3,3,5,account_statements|transaction_records|open_source|internal_referral,0,CLOSED_NO_FINDING,4,4,0,0,2,25,1,,,0,clean,
CASE-0000645,LAYERING_PASSTHROUGH,1,1,197,6,6,6,kyc_file|correspondence,0,CLOSED_NO_FINDING,3,3,0,0,5,22,1,,,0,clean,
CASE-0000646,SANCTIONS_REFERRAL,1,1,137,3,3,7,negative_news_search|kyc_file|transaction_records|correspondence,1,ESCALATED_WITH_FINDING,3,3,3,1,2,11,1,,,0,clean,
CASE-0000647,FRAUD_REFERRAL,1,1,88,3,3,9,correspondence|internal_referral|account_statements|kyc_file,0,CLOSED_NO_FINDING,3,3,0,0,5,9,1,,,0,clean,
CASE-0000648,FRAUD_REFERRAL,1,1,83,8,8,8,negative_news_search,0,CLOSED_NO_FINDING,5,5,0,1,3,25,1,,,0,minor_findings,
CASE-0000649,FRAUD_REFERRAL,1,1,74,3,3,9,negative_news_search|transaction_records,0,CLOSED_NO_FINDING,2,2,0,0,2,35,1,,,0,minor_findings,
CASE-0000650,STRUCTURING,1,1,143,6,6,8,kyc_file|correspondence,1,ESCALATED_WITH_FINDING,2,2,2,1,5,23,1,,,0,clean,
CASE-0000651,STRUCTURING,1,1,113,8,8,6,negative_news_search|transaction_records,0,CLOSED_NO_FINDING,3,3,0,1,1,14,1,,,0,minor_findings,
CASE-0000652,LAYERING_PASSTHROUGH,1,1,189,3,3,10,account_statements|transaction_records,1,CLOSED_NO_FINDING,3,3,0,0,2,26,1,,,1,plant_hidden_contradiction,contradictory_disposition
CASE-0000653,STRUCTURING,1,1,120,3,3,10,account_statements|internal_referral|correspondence,0,CLOSED_NO_FINDING,3,3,0,0,2,13,1,,,0,clean,
CASE-0000654,LAYERING_PASSTHROUGH,1,1,209,8,8,10,kyc_file|open_source,0,CLOSED_NO_FINDING,5,5,0,0,5,24,1,,,0,clean,
CASE-0000655,FUNNEL_ACCOUNT,1,1,182,6,6,9,correspondence|transaction_records|kyc_file,0,CLOSED_NO_FINDING,6,6,0,0,4,32,1,,,0,clean,
CASE-0000656,LAYERING_PASSTHROUGH,1,1,220,6,6,10,kyc_file|account_statements,0,CLOSED_NO_FINDING,5,5,0,0,4,25,1,,,0,clean,
CASE-0000657,FRAUD_REFERRAL,1,1,83,5,5,9,internal_referral|kyc_file|open_source,1,ESCALATED_WITH_FINDING,5,5,3,1,5,19,1,,,0,clean,
CASE-0000658,FRAUD_REFERRAL,1,1,67,7,7,9,correspondence|internal_referral|kyc_file,0,CLOSED_NO_FINDING,6,6,0,0,1,17,1,,,0,clean,
CASE-0000659,LAYERING_PASSTHROUGH,1,1,235,8,8,9,account_statements|correspondence|open_source|transaction_records,0,CLOSED_NO_FINDING,4,4,0,0,4,79,1,,,0,major_findings,
CASE-0000660,STRUCTURING,1,1,150,8,8,3,correspondence|transaction_records,0,CLOSED_NO_FINDING,0,0,0,0,2,19,1,,,1,plant_missing_mandatory,missing_mandatory_element
CASE-0000661,STRUCTURING,1,1,149,4,2,7,kyc_file|negative_news_search|internal_referral|open_source,0,CLOSED_NO_FINDING,6,6,0,0,2,24,1,,,1,plant_unreviewed_scope,cleared_with_unreviewed_scope
CASE-0000662,FRAUD_REFERRAL,1,1,18,7,7,8,kyc_file|internal_referral,0,CLOSED_NO_FINDING,3,3,0,0,1,12,1,where,,0,major_findings,
CASE-0000663,SANCTIONS_REFERRAL,1,1,102,4,4,5,account_statements|correspondence|open_source|internal_referral,0,CLOSED_NO_FINDING,6,6,0,0,3,13,1,,,0,clean,
CASE-0000664,FUNNEL_ACCOUNT,0,1,287,3,3,6,correspondence|open_source|internal_referral,0,CLOSED_NO_FINDING,6,6,0,0,2,20,1,,,1,plant_missing_mandatory,missing_mandatory_element
CASE-0000665,STRUCTURING,1,1,132,3,3,10,internal_referral|transaction_records|correspondence,0,CLOSED_NO_FINDING,2,2,0,0,3,10,1,,,0,clean,
CASE-0000666,FRAUD_REFERRAL,1,1,98,7,7,9,negative_news_search|kyc_file|open_source|correspondence,0,CLOSED_NO_FINDING,4,4,0,0,1,12,1,,,0,clean,
CASE-0000667,FUNNEL_ACCOUNT,1,1,315,4,4,9,open_source,0,CLOSED_NO_FINDING,4,4,0,0,3,39,1,,,0,minor_findings,
CASE-0000668,FUNNEL_ACCOUNT,1,1,305,3,3,7,correspondence|account_statements|kyc_file|open_source,1,CLOSED_NO_FINDING,6,6,0,0,2,16,1,,,1,plant_hidden_contradiction,contradictory_disposition
CASE-0000669,LAYERING_PASSTHROUGH,1,1,317,8,8,8,internal_referral|kyc_file,1,CLOSED_NO_FINDING,2,2,0,0,2,16,1,,,1,plant_hidden_contradiction,contradictory_disposition
CASE-0000670,SANCTIONS_REFERRAL,1,1,143,6,6,4,open_source|correspondence|transaction_records,0,CLOSED_NO_FINDING,5,5,0,0,5,44,1,,conclusion,0,major_findings,
CASE-0000671,FUNNEL_ACCOUNT,1,1,204,6,6,10,open_source|internal_referral,1,ESCALATED_WITH_FINDING,6,6,1,1,5,37,1,,,0,clean,
CASE-0000672,FRAUD_REFERRAL,1,1,61,8,8,8,correspondence|kyc_file|account_statements,0,CLOSED_NO_FINDING,4,4,0,0,1,18,1,,,0,clean,
CASE-0000673,FRAUD_REFERRAL,1,1,90,7,7,10,correspondence|internal_referral,0,CLOSED_NO_FINDING,4,4,0,1,1,21,1,,,0,minor_findings,
CASE-0000674,LAYERING_PASSTHROUGH,1,1,62,8,8,9,internal_referral|negative_news_search|open_source|account_statements,0,CLOSED_NO_FINDING,3,3,0,0,3,24,1,when,,0,major_findings,
CASE-0000675,FRAUD_REFERRAL,1,1,100,4,4,9,internal_referral|transaction_records|kyc_file|correspondence,0,CLOSED_NO_FINDING,6,6,0,0,1,20,0,,,0,major_findings,
CASE-0000676,FUNNEL_ACCOUNT,1,1,254,4,2,6,open_source|transaction_records,0,CLOSED_NO_FINDING,6,6,0,0,3,34,1,,,1,plant_unreviewed_scope,cleared_with_unreviewed_scope
CASE-0000677,STRUCTURING,1,1,58,6,6,7,internal_referral|correspondence,0,CLOSED_NO_FINDING,2,2,0,0,2,18,1,why|where,,0,major_findings,
CASE-0000678,STRUCTURING,1,1,100,5,5,6,correspondence|account_statements|transaction_records|internal_referral,0,CLOSED_NO_FINDING,5,5,0,0,1,27,1,,,0,clean,
CASE-0000679,STRUCTURING,1,1,118,7,7,9,open_source|kyc_file|correspondence|negative_news_search,0,CLOSED_NO_FINDING,2,2,0,0,5,52,1,who|what,,0,major_findings,
CASE-0000680,STRUCTURING,1,1,131,4,4,10,open_source|kyc_file|account_statements|negative_news_search,1,CLOSED_NO_FINDING,3,3,0,0,3,16,1,,,1,plant_hidden_contradiction,contradictory_disposition
CASE-0000681,SANCTIONS_REFERRAL,1,1,117,4,4,9,correspondence|account_statements|transaction_records|negative_news_search,0,CLOSED_NO_FINDING,4,4,0,0,5,4,1,,,0,clean,
CASE-0000682,STRUCTURING,1,1,136,7,6,9,account_statements,0,CLOSED_NO_FINDING,5,5,0,0,1,12,1,,,1,plant_unreviewed_scope,cleared_with_unreviewed_scope
CASE-0000683,FUNNEL_ACCOUNT,1,1,291,6,6,4,correspondence|internal_referral|open_source,0,CLOSED_NO_FINDING,4,4,0,0,2,32,1,,,0,clean,
CASE-0000684,FUNNEL_ACCOUNT,1,1,197,3,3,6,open_source,0,CLOSED_NO_FINDING,6,6,0,0,2,59,1,,,0,minor_findings,
CASE-0000685,LAYERING_PASSTHROUGH,1,1,189,5,5,5,correspondence|internal_referral|transaction_records,0,CLOSED_NO_FINDING,5,5,0,0,5,16,1,,,0,clean,
CASE-0000686,LAYERING_PASSTHROUGH,1,1,300,7,7,4,negative_news_search,0,CLOSED_NO_FINDING,3,3,0,0,5,25,1,,,0,minor_findings,
CASE-0000687,FUNNEL_ACCOUNT,1,1,192,4,4,7,transaction_records|correspondence,1,ESCALATED_WITH_FINDING,6,6,3,1,5,18,1,,,0,clean,
CASE-0000688,FRAUD_REFERRAL,1,1,103,7,7,7,negative_news_search|open_source|account_statements|internal_referral,0,CLOSED_NO_FINDING,4,4,0,0,2,14,1,,,0,clean,
CASE-0000689,FRAUD_REFERRAL,1,1,64,8,8,3,transaction_records|account_statements,0,CLOSED_NO_FINDING,3,3,0,0,5,15,1,,,0,clean,
CASE-0000690,FRAUD_REFERRAL,1,1,77,7,7,5,negative_news_search|open_source|transaction_records|kyc_file,0,CLOSED_NO_FINDING,4,4,0,0,5,16,1,,,0,clean,
CASE-0000691,FRAUD_REFERRAL,1,1,80,8,8,5,account_statements|transaction_records|kyc_file|correspondence,0,CLOSED_NO_FINDING,4,4,0,0,1,26,1,,,0,clean,
CASE-0000692,LAYERING_PASSTHROUGH,1,1,298,6,6,8,open_source|transaction_records|negative_news_search,0,CLOSED_NO_FINDING,3,3,0,0,1,48,1,,,0,minor_findings,
CASE-0000693,FUNNEL_ACCOUNT,1,1,310,5,5,7,open_source,0,CLOSED_NO_FINDING,4,4,0,0,3,30,1,,,0,minor_findings,
CASE-0000694,STRUCTURING,1,1,102,3,1,7,correspondence|open_source|transaction_records|kyc_file,0,CLOSED_NO_FINDING,6,6,0,0,1,23,1,,,1,plant_unreviewed_scope,cleared_with_unreviewed_scope
CASE-0000695,FRAUD_REFERRAL,1,1,68,6,6,9,negative_news_search|account_statements|kyc_file,0,CLOSED_NO_FINDING,2,2,0,1,2,15,1,,,0,minor_findings,
CASE-0000696,FUNNEL_ACCOUNT,1,1,320,8,8,6,negative_news_search|open_source|internal_referral|account_statements,0,CLOSED_NO_FINDING,5,5,0,0,1,39,1,,,0,clean,
CASE-0000697,SANCTIONS_REFERRAL,1,1,127,6,4,6,internal_referral|transaction_records|kyc_file,0,CLOSED_NO_FINDING,5,5,0,0,5,6,1,,,1,plant_unreviewed_scope,cleared_with_unreviewed_scope
CASE-0000698,STRUCTURING,1,1,131,4,4,4,kyc_file|negative_news_search|open_source|transaction_records,0,CLOSED_NO_FINDING,5,5,0,0,5,32,1,,,0,minor_findings,
CASE-0000699,FUNNEL_ACCOUNT,1,1,181,8,8,9,negative_news_search|internal_referral|kyc_file|account_statements,0,CLOSED_NO_FINDING,6,6,0,1,5,17,1,,,0,minor_findings,
