control_id,item_id,stratum,is_deviation
CTRL-000,CTRL-000-I000000,commercial,0
CTRL-000,CTRL-000-I000001,digital-channel,0
CTRL-000,CTRL-000-I000002,commercial,0
CTRL-000,CTRL-000-I000003,commercial,0
CTRL-000,CTRL-000-I000004,private-client,0
CTRL-000,CTRL-000-I000005,digital-channel,0
CTRL-000,CTRL-000-I000006,commercial,0
CTRL-000,CTRL-000-I000007,digital-channel,0
CTRL-000,CTRL-000-I000008,retail-branch,0
CTRL-000,CTRL-000-I000009,commercial,0
CTRL-000,CTRL-000-I000010,retail-branch,0
CTRL-000,CTRL-000-I000011,private-client,0
CTRL-000,CTRL-000-I000012,digital-channel,0
CTRL-000,CTRL-000-I000013,commercial,0
CTRL-000,CTRL-000-I000014,retail-branch,0
CTRL-000,CTRL-000-I000015,digital-channel,0
CTRL-000,CTRL-000-I000016,commercial,0
CTRL-000,CTRL-000-I000017,commercial,0
CTRL-000,CTRL-000-I000018,retail-branch,0
CTRL-000,CTRL-000-I000019,digital-channel,0
CTRL-000,CTRL-000-I000020,retail-branch,0
CTRL-000,CTRL-000-I000021,private-client,0
CTRL-000,CTRL-000-I000022,digital-channel,0
CTRL-000,CTRL-000-I000023,retail-branch,0
CTRL-000,CTRL-000-I000024,digital-channel,0
CTRL-000,CTRL-000-I000025,digital-channel,0
CTRL-000,CTRL-000-I000026,retail-branch,0
CTRL-000,CTRL-000-I000027,digital-channel,0
CTRL-000,CTRL-000-I000028,retail-branch,0
CTRL-000,CTRL-000-I000029,digital-channel,0
CTRL-000,CTRL-000-I000030,private-client,0
CTRL-000,CTRL-000-I000031,commercial,0
CTRL-000,CTRL-000-I000032,commercial,0
CTRL-000,CTRL-000-I000033,digital-channel,0
CTRL-000,CTRL-000-I000034,commercial,0
CTRL-000,CTRL-000-I000035,commercial,0
CTRL-000,CTRL-000-I000036,commercial,0
CTRL-000,CTRL-000-I000037,commercial,0
CTRL-000,CTRL-000-I000038,private-client,0
CTRL-000,CTRL-000-I000039,digital-channel,0
CTRL-000,CTRL-000-I000040,digital-channel,0
CTRL-000,CTRL-000-I000041,commercial,0
CTRL-000,CTRL-000-I000042,commercial,0
CTRL-000,CTRL-000-I000043,retail-branch,0
CTRL-000,CTRL-000-I000044,private-client,0
CTRL-000,CTRL-000-I000045,digital-channel,0
CTRL-000,CTRL-000-I000046,commercial,0
CTRL-000,CTRL-000-I000047,private-client,0
CTRL-000,CTRL-000-I000048,commercial,0
CTRL-000,CTRL-000-I000049,digital-channel,0
CTRL-000,CTRL-000-I000050,retail-branch,0
CTRL-000,CTRL-000-I000051,private-client,0
CTRL-000,CTRL-000-I000052,digital-channel,0
CTRL-000,CTRL-000-I000053,private-client,0
CTRL-000,CTRL-000-I000054,retail-branch,0
CTRL-000,CTRL-000-I000055,retail-branch,0
CTRL-000,CTRL-000-I000056,commercial,0
CTRL-000,CTRL-000-I000057,commercial,0
CTRL-000,CTRL-000-I000058,digital-channel,0
CTRL-000,CTRL-000-I000059,commercial,0
CTRL-000,CTRL-000-I000060,commercial,0
CTRL-000,CTRL-000-I000061,retail-branch,0
CTRL-000,CTRL-000-I000062,retail-branch,0
CTRL-000,CTRL-000-I000063,digital-channel,0
CTRL-000,CTRL-000-I000064,private-client,0
CTRL-000,CTRL-000-I000065,digital-channel,0
CTRL-000,CTRL-000-I000066,retail-branch,0
CTRL-000,CTRL-000-I000067,digital-channel,0
CTRL-000,CTRL-000-I000068,commercial,0
CTRL-000,CTRL-000-I000069,commercial,0
CTRL-000,CTRL-000-I000070,digital-channel,0
CTRL-000,CTRL-000-I000071,commercial,0
CTRL-000,CTRL-000-I000072,digital-channel,0
CTRL-000,CTRL-000-I000073,retail-branch,0
CTRL-000,CTRL-000-I000074,digital-channel,0
CTRL-000,CTRL-000-I000075,commercial,0
CTRL-000,CTRL-000-I000076,retail-branch,0
CTRL-000,CTRL-000-I000077,digital-channel,0
CTRL-000,CTRL-000-I000078,commercial,0
CTRL-000,CTRL-000-I000079,commercial,0
CTRL-000,CTRL-000-I000080,commercial,0
CTRL-000,CTRL-000-I000081,digital-channel,0
CTRL-000,CTRL-000-I000082,retail-branch,0
CTRL-000,CTRL-000-I000083,digital-channel,0
CTRL-000,CTRL-000-I000084,commercial,0
CTRL-000,CTRL-000-I000085,digital-channel,0
CTRL-000,CTRL-000-I000086,retail-branch,0
CTRL-000,CTRL-000-I000087,digital-channel,0
CTRL-000,CTRL-000-I000088,retail-branch,0
CTRL-000,CTRL-000-I000089,retail-branch,0
CTRL-000,CTRL-000-I000090,commercial,0
CTRL-000,CTRL-000-I000091,private-client,0
CTRL-000,CTRL-000-I000092,private-client,0
CTRL-000,CTRL-000-I000093,digital-channel,0
CTRL-000,CTRL-000-I000094,commercial,0
CTRL-000,CTRL-000-I000095,private-client,0
CTRL-000,CTRL-000-I000096,commercial,0
CTRL-000,CTRL-000-I000097,digital-channel,0
CTRL-000,CTRL-000-I000098,digital-channel,0
CTRL-000,CTRL-000-I000099,retail-branch,0
CTRL-000,CTRL-000-I000100,retail-branch,0
CTRL-000,CTRL-000-I000101,commercial,0
CTRL-000,CTRL-000-I000102,digital-channel,0
CTRL-000,CTRL-000-I000103,commercial,0
CTRL-000,CTRL-000-I000104,retail-branch,0
CTRL-000,CTRL-000-I000105,retail-branch,0
CTRL-000,CTRL-000-I000106,digital-channel,0
CTRL-000,CTRL-000-I000107,private-client,0
CTRL-000,CTRL-000-I000108,digital-channel,1
CTRL-000,CTRL-000-I000109,commercial,0
CTRL-000,CTRL-000-I000110,private-client,0
CTRL-000,CTRL-000-I000111,digital-channel,0
CTRL-000,CTRL-000-I000112,retail-branch,0
CTRL-000,CTRL-000-I000113,digital-channel,0
CTRL-000,CTRL-000-I000114,commercial,0
CTRL-000,CTRL-000-I000115,digital-channel,0
CTRL-000,CTRL-000-I000116,commercial,0
CTRL-000,CTRL-000-I000117,retail-branch,0
CTRL-000,CTRL-000-I000118,retail-branch,0
CTRL-000,CTRL-000-I000119,retail-branch,0
CTRL-000,CTRL-000-I000120,digital-channel,0
CTRL-000,CTRL-000-I000121,commercial,0
CTRL-000,CTRL-000-I000122,retail-branch,0
CTRL-000,CTRL-000-I000123,retail-branch,0
CTRL-000,CTRL-000-I000124,commercial,0
CTRL-000,CTRL-000-I000125,digital-channel,0
CTRL-000,CTRL-000-I000126,commercial,0
CTRL-000,CTRL-000-I000127,private-client,0
CTRL-000,CTRL-000-I000128,private-client,0
CTRL-000,CTRL-000-I000129,commercial,0
CTRL-000,CTRL-000-I000130,digital-channel,0
CTRL-000,CTRL-000-I000131,digital-channel,0
CTRL-000,CTRL-000-I000132,commercial,0
CTRL-000,CTRL-000-I000133,retail-branch,0
CTRL-000,CTRL-000-I000134,digital-channel,1
CTRL-000,CTRL-000-I000135,commercial,0
CTRL-000,CTRL-000-I000136,digital-channel,0
CTRL-000,CTRL-000-I000137,private-client,0
CTRL-000,CTRL-000-I000138,commercial,0
CTRL-000,CTRL-000-I000139,digital-channel,0
CTRL-000,CTRL-000-I000140,retail-branch,0
CTRL-000,CTRL-000-I000141,private-client,0
CTRL-000,CTRL-000-I000142,digital-channel,0
CTRL-000,CTRL-000-I000143,digital-channel,0
CTRL-000,CTRL-000-I000144,commercial,0
CTRL-000,CTRL-000-I000145,commercial,0
CTRL-000,CTRL-000-I000146,digital-channel,0
CTRL-000,CTRL-000-I000147,digital-channel,0
CTRL-000,CTRL-000-I000148,commercial,0
CTRL-000,CTRL-000-I000149,commercial,0
CTRL-000,CTRL-000-I000150,commercial,0
CTRL-000,CTRL-000-I000151,private-client,0
CTRL-000,CTRL-000-I000152,commercial,0
CTRL-000,CTRL-000-I000153,retail-branch,0
CTRL-000,CTRL-000-I000154,retail-branch,0
CTRL-000,CTRL-000-I000155,commercial,0
CTRL-000,CTRL-000-I000156,commercial,0
CTRL-000,CTRL-000-I000157,private-client,0
CTRL-000,CTRL-000-I000158,commercial,0
CTRL-000,CTRL-000-I000159,commercial,0
CTRL-000,CTRL-000-I000160,retail-branch,0
CTRL-000,CTRL-000-I000161,digital-channel,0
CTRL-000,CTRL-000-I000162,digital-channel,0
CTRL-000,CTRL-000-I000163,retail-branch,0
CTRL-000,CTRL-000-I000164,retail-branch,0
CTRL-000,CTRL-000-I000165,commercial,0
CTRL-000,CTRL-000-I000166,commercial,0
CTRL-000,CTRL-000-I000167,digital-channel,0
CTRL-000,CTRL-000-I000168,digital-channel,0
CTRL-000,CTRL-000-I000169,digital-channel,0
CTRL-000,CTRL-000-I000170,private-client,0
CTRL-000,CTRL-000-I000171,private-client,0
CTRL-000,CTRL-000-I000172,retail-branch,0
CTRL-000,CTRL-000-I000173,commercial,0
CTRL-000,CTRL-000-I000174,digital-channel,0
CTRL-000,CTRL-000-I000175,digital-channel,0
CTRL-000,CTRL-000-I000176,retail-branch,0
CTRL-000,CTRL-000-I000177,commercial,0
CTRL-000,CTRL-000-I000178,commercial,0
CTRL-000,CTRL-000-I000179,digital-channel,0
CTRL-000,CTRL-000-I000180,digital-channel,0
CTRL-000,CTRL-000-I000181,commercial,0
CTRL-000,CTRL-000-I000182,commercial,0
CTRL-000,CTRL-000-I000183,retail-branch,0
CTRL-000,CTRL-000-I000184,digital-channel,0
CTRL-000,CTRL-000-I000185,retail-branch,0
CTRL-000,CTRL-000-I000186,digital-channel,0
CTRL-000,CTRL-000-I000187,commercial,0
CTRL-000,CTRL-000-I000188,retail-branch,0
CTRL-000,CTRL-000-I000189,retail-branch,0
CTRL-000,CTRL-000-I000190,retail-branch,0
CTRL-000,CTRL-000-I000191,retail-branch,0
CTRL-000,CTRL-000-I000192,retail-branch,0
CTRL-000,CTRL-000-I000193,commercial,0
CTRL-000,CTRL-000-I000194,digital-channel,0
CTRL-000,CTRL-000-I000195,commercial,0
CTRL-000,CTRL-000-I000196,digital-channel,0
CTRL-000,CTRL-000-I000197,commercial,0
CTRL-000,CTRL-000-I000198,digital-channel,0
CTRL-000,CTRL-000-I000199,retail-branch,0
CTRL-000,CTRL-000-I000200,commercial,0
CTRL-000,CTRL-000-I000201,retail-branch,0
CTRL-000,CTRL-000-I000202,digital-channel,0
CTRL-000,CTRL-000-I000203,digital-channel,0
CTRL-000,CTRL-000-I000204,retail-branch,0
CTRL-000,CTRL-000-I000205,retail-branch,0
CTRL-000,CTRL-000-I000206,digital-channel,0
CTRL-000,CTRL-000-I000207,private-client,0
CTRL-000,CTRL-000-I000208,commercial,0
CTRL-000,CTRL-000-I000209,digital-channel,0
CTRL-000,CTRL-000-I000210,retail-branch,0
CTRL-000,CTRL-000-I000211,digital-channel,0
CTRL-000,CTRL-000-I000212,digital-channel,0
CTRL-000,CTRL-000-I000213,private-client,0
CTRL-000,CTRL-000-I000214,commercial,0
CTRL-000,CTRL-000-I000215,digital-channel,0
CTRL-000,CTRL-000-I000216,digital-channel,0
CTRL-000,CTRL-000-I000217,retail-branch,0
CTRL-000,CTRL-000-I000218,commercial,0
CTRL-000,CTRL-000-I000219,retail-branch,0
CTRL-000,CTRL-000-I000220,commercial,0
CTRL-000,CTRL-000-I000221,commercial,0
CTRL-000,CTRL-000-I000222,digital-channel,0
CTRL-000,CTRL-000-I000223,private-client,0
CTRL-000,CTRL-000-I000224,commercial,0
CTRL-000,CTRL-000-I000225,commercial,0
CTRL-000,CTRL-000-I000226,retail-branch,0
CTRL-000,CTRL-000-I000227,commercial,0
CTRL-000,CTRL-000-I000228,digital-channel,0
CTRL-000,CTRL-000-I000229,digital-channel,0
CTRL-000,CTRL-000-I000230,digital-channel,0
CTRL-000,CTRL-000-I000231,digital-channel,0
CTRL-000,CTRL-000-I000232,digital-channel,0
CTRL-000,CTRL-000-I000233,retail-branch,0
CTRL-000,CTRL-000-I000234,commercial,0
CTRL-000,CTRL-000-I000235,private-client,0
CTRL-000,CTRL-000-I000236,commercial,0
CTRL-000,CTRL-000-I000237,digital-channel,0
CTRL-000,CTRL-000-I000238,private-client,0
CTRL-000,CTRL-000-I000239,digital-channel,0
CTRL-000,CTRL-000-I000240,digital-channel,0
CTRL-000,CTRL-000-I000241,private-client,0
CTRL-000,CTRL-000-I000242,commercial,0
CTRL-000,CTRL-000-I000243,digital-channel,0
CTRL-000,CTRL-000-I000244,retail-branch,0
CTRL-000,CTRL-000-I000245,retail-branch,0
CTRL-000,CTRL-000-I000246,commercial,0
CTRL-000,CTRL-000-I000247,commercial,0
CTRL-000,CTRL-000-I000248,commercial,0
CTRL-000,CTRL-000-I000249,retail-branch,0
CTRL-001,CTRL-001-I000000,commercial,0
CTRL-001,CTRL-001-I000001,retail-branch,1
CTRL-001,CTRL-001-I000002,commercial,0
CTRL-001,CTRL-001-I000003,commercial,0
CTRL-001,CTRL-001-I000004,operations,0
CTRL-001,CTRL-001-I000005,retail-branch,1
CTRL-001,CTRL-001-I000006,private-client,0
CTRL-001,CTRL-001-I000007,operations,0
CTRL-001,CTRL-001-I000008,operations,1
CTRL-001,CTRL-001-I000009,commercial,0
CTRL-001,CTRL-001-I000010,retail-branch,0
CTRL-001,CTRL-001-I000011,operations,0
CTRL-001,CTRL-001-I000012,operations,0
CTRL-001,CTRL-001-I000013,operations,0
CTRL-001,CTRL-001-I000014,private-client,0
CTRL-001,CTRL-001-I000015,retail-branch,0
CTRL-001,CTRL-001-I000016,retail-branch,1
CTRL-001,CTRL-001-I000017,retail-branch,0
CTRL-001,CTRL-001-I000018,commercial,0
CTRL-001,CTRL-001-I000019,operations,0
CTRL-001,CTRL-001-I000020,private-client,1
CTRL-001,CTRL-001-I000021,retail-branch,1
CTRL-001,CTRL-001-I000022,private-client,0
CTRL-001,CTRL-001-I000023,retail-branch,0
CTRL-001,CTRL-001-I000024,operations,0
CTRL-001,CTRL-001-I000025,retail-branch,0
CTRL-001,CTRL-001-I000026,commercial,0
CTRL-001,CTRL-001-I000027,private-client,1
CTRL-001,CTRL-001-I000028,retail-branch,0
CTRL-001,CTRL-001-I000029,operations,0
CTRL-001,CTRL-001-I000030,retail-branch,0
CTRL-001,CTRL-001-I000031,operations,0
CTRL-001,CTRL-001-I000032,retail-branch,0
CTRL-001,CTRL-001-I000033,retail-branch,0
CTRL-001,CTRL-001-I000034,retail-branch,0
CTRL-001,CTRL-001-I000035,private-client,0
CTRL-001,CTRL-001-I000036,commercial,0
CTRL-001,CTRL-001-I000037,private-client,0
CTRL-001,CTRL-001-I000038,retail-branch,0
CTRL-001,CTRL-001-I000039,commercial,0
CTRL-001,CTRL-001-I000040,private-client,0
CTRL-001,CTRL-001-I000041,commercial,0
CTRL-001,CTRL-001-I000042,operations,0
CTRL-001,CTRL-001-I000043,operations,0
CTRL-001,CTRL-001-I000044,operations,0
CTRL-001,CTRL-001-I000045,operations,0
CTRL-001,CTRL-001-I000046,retail-branch,0
CTRL-001,CTRL-001-I000047,operations,0
CTRL-001,CTRL-001-I000048,commercial,0
CTRL-001,CTRL-001-I000049,commercial,0
CTRL-001,CTRL-001-I000050,operations,0
CTRL-001,CTRL-001-I000051,private-client,0
CTRL-001,CTRL-001-I000052,private-client,1
CTRL-001,CTRL-001-I000053,retail-branch,0
CTRL-001,CTRL-001-I000054,retail-branch,1
CTRL-001,CTRL-001-I000055,operations,0
CTRL-001,CTRL-001-I000056,retail-branch,0
CTRL-001,CTRL-001-I000057,private-client,1
CTRL-001,CTRL-001-I000058,operations,0
CTRL-001,CTRL-001-I000059,operations,1
CTRL-001,CTRL-001-I000060,retail-branch,0
CTRL-001,CTRL-001-I000061,operations,1
CTRL-001,CTRL-001-I000062,operations,1
CTRL-001,CTRL-001-I000063,retail-branch,0
CTRL-001,CTRL-001-I000064,private-client,0
CTRL-001,CTRL-001-I000065,retail-branch,1
CTRL-001,CTRL-001-I000066,operations,0
CTRL-001,CTRL-001-I000067,operations,0
CTRL-001,CTRL-001-I000068,operations,0
CTRL-001,CTRL-001-I000069,operations,0
CTRL-001,CTRL-001-I000070,operations,1
CTRL-001,CTRL-001-I000071,operations,0
CTRL-001,CTRL-001-I000072,operations,0
CTRL-001,CTRL-001-I000073,private-client,0
CTRL-001,CTRL-001-I000074,retail-branch,0
CTRL-001,CTRL-001-I000075,private-client,0
CTRL-001,CTRL-001-I000076,operations,0
CTRL-001,CTRL-001-I000077,commercial,0
CTRL-001,CTRL-001-I000078,operations,0
CTRL-001,CTRL-001-I000079,operations,0
CTRL-001,CTRL-001-I000080,private-client,0
CTRL-001,CTRL-001-I000081,operations,0
CTRL-001,CTRL-001-I000082,operations,0
CTRL-001,CTRL-001-I000083,retail-branch,0
CTRL-001,CTRL-001-I000084,operations,1
CTRL-001,CTRL-001-I000085,commercial,0
CTRL-001,CTRL-001-I000086,operations,0
CTRL-001,CTRL-001-I000087,operations,0
CTRL-001,CTRL-001-I000088,operations,1
CTRL-001,CTRL-001-I000089,retail-branch,1
CTRL-001,CTRL-001-I000090,operations,0
CTRL-001,CTRL-001-I000091,private-client,1
CTRL-001,CTRL-001-I000092,operations,0
CTRL-001,CTRL-001-I000093,retail-branch,1
CTRL-001,CTRL-001-I000094,private-client,0
CTRL-001,CTRL-001-I000095,operations,0
CTRL-001,CTRL-001-I000096,operations,0
CTRL-001,CTRL-001-I000097,operations,0
CTRL-001,CTRL-001-I000098,operations,0
CTRL-001,CTRL-001-I000099,retail-branch,0
CTRL-001,CTRL-001-I000100,operations,1
CTRL-001,CTRL-001-I000101,retail-branch,0
CTRL-001,CTRL-001-I000102,retail-branch,0
CTRL-001,CTRL-001-I000103,retail-branch,0
CTRL-001,CTRL-001-I000104,commercial,0
CTRL-001,CTRL-001-I000105,retail-branch,0
CTRL-001,CTRL-001-I000106,operations,0
CTRL-001,CTRL-001-I000107,private-client,0
CTRL-001,CTRL-001-I000108,retail-branch,0
CTRL-001,CTRL-001-I000109,private-client,0
CTRL-001,CTRL-001-I000110,retail-branch,0
CTRL-001,CTRL-001-I000111,retail-branch,0
CTRL-001,CTRL-001-I000112,operations,0
CTRL-001,CTRL-001-I000113,operations,0
CTRL-001,CTRL-001-I000114,operations,1
CTRL-001,CTRL-001-I000115,retail-branch,0
CTRL-001,CTRL-001-I000116,commercial,0
CTRL-001,CTRL-001-I000117,commercial,0
CTRL-001,CTRL-001-I000118,commercial,0
CTRL-001,CTRL-001-I000119,operations,0
CTRL-001,CTRL-001-I000120,retail-branch,0
CTRL-001,CTRL-001-I000121,private-client,0
CTRL-001,CTRL-001-I000122,retail-branch,0
CTRL-001,CTRL-001-I000123,commercial,0
CTRL-001,CTRL-001-I000124,commercial,1
CTRL-001,CTRL-001-I000125,operations,0
CTRL-001,CTRL-001-I000126,operations,0
CTRL-001,CTRL-001-I000127,operations,0
CTRL-001,CTRL-001-I000128,retail-branch,0
CTRL-001,CTRL-001-I000129,operations,1
CTRL-001,CTRL-001-I000130,retail-branch,0
CTRL-001,CTRL-001-I000131,commercial,0
CTRL-001,CTRL-001-I000132,commercial,1
CTRL-001,CTRL-001-I000133,operations,0
CTRL-001,CTRL-001-I000134,private-client,0
CTRL-001,CTRL-001-I000135,retail-branch,0
CTRL-001,CTRL-001-I000136,commercial,0
CTRL-001,CTRL-001-I000137,retail-branch,0
CTRL-001,CTRL-001-I000138,retail-branch,0
CTRL-001,CTRL-001-I000139,commercial,0
CTRL-001,CTRL-001-I000140,operations,0
CTRL-001,CTRL-001-I000141,private-client,0
CTRL-001,CTRL-001-I000142,operations,0
CTRL-001,CTRL-001-I000143,private-client,0
CTRL-001,CTRL-001-I000144,private-client,0
CTRL-001,CTRL-001-I000145,retail-branch,0
CTRL-001,CTRL-001-I000146,operations,0
CTRL-001,CTRL-001-I000147,retail-branch,0
CTRL-001,CTRL-001-I000148,operations,0
CTRL-001,CTRL-001-I000149,private-client,1
CTRL-001,CTRL-001-I000150,operations,1
CTRL-001,CTRL-001-I000151,private-client,0
CTRL-001,CTRL-001-I000152,commercial,1
CTRL-001,CTRL-001-I000153,retail-branch,0
CTRL-001,CTRL-001-I000154,commercial,1
CTRL-001,CTRL-001-I000155,retail-branch,0
CTRL-001,CTRL-001-I000156,private-client,1
CTRL-001,CTRL-001-I000157,operations,0
CTRL-001,CTRL-001-I000158,commercial,0
CTRL-001,CTRL-001-I000159,operations,0
CTRL-001,CTRL-001-I000160,private-client,0
CTRL-001,CTRL-001-I000161,commercial,0
CTRL-001,CTRL-001-I000162,operations,0
CTRL-001,CTRL-001-I000163,retail-branch,0
CTRL-001,CTRL-001-I000164,operations,0
CTRL-001,CTRL-001-I000165,commercial,0
CTRL-001,CTRL-001-I000166,operations,1
CTRL-001,CTRL-001-I000167,operations,0
CTRL-001,CTRL-001-I000168,retail-branch,0
CTRL-001,CTRL-001-I000169,commercial,0
CTRL-001,CTRL-001-I000170,operations,0
CTRL-001,CTRL-001-I000171,operations,0
CTRL-001,CTRL-001-I000172,retail-branch,0
CTRL-001,CTRL-001-I000173,private-client,0
CTRL-001,CTRL-001-I000174,retail-branch,1
CTRL-001,CTRL-001-I000175,commercial,0
CTRL-001,CTRL-001-I000176,commercial,0
CTRL-001,CTRL-001-I000177,commercial,0
CTRL-001,CTRL-001-I000178,commercial,0
CTRL-001,CTRL-001-I000179,operations,0
CTRL-001,CTRL-001-I000180,commercial,0
CTRL-001,CTRL-001-I000181,commercial,0
CTRL-001,CTRL-001-I000182,retail-branch,1
CTRL-001,CTRL-001-I000183,private-client,0
CTRL-001,CTRL-001-I000184,retail-branch,0
CTRL-001,CTRL-001-I000185,retail-branch,1
CTRL-001,CTRL-001-I000186,operations,0
CTRL-001,CTRL-001-I000187,operations,0
CTRL-001,CTRL-001-I000188,operations,0
CTRL-001,CTRL-001-I000189,operations,0
CTRL-001,CTRL-001-I000190,operations,0
CTRL-001,CTRL-001-I000191,private-client,0
CTRL-001,CTRL-001-I000192,operations,0
CTRL-001,CTRL-001-I000193,private-client,0
CTRL-001,CTRL-001-I000194,retail-branch,0
CTRL-001,CTRL-001-I000195,retail-branch,0
CTRL-001,CTRL-001-I000196,private-client,0
CTRL-001,CTRL-001-I000197,commercial,0
CTRL-001,CTRL-001-I000198,commercial,0
CTRL-001,CTRL-001-I000199,retail-branch,0
CTRL-001,CTRL-001-I000200,retail-branch,0
CTRL-001,CTRL-001-I000201,private-client,0
CTRL-001,CTRL-001-I000202,commercial,0
CTRL-001,CTRL-001-I000203,retail-branch,1
CTRL-001,CTRL-001-I000204,retail-branch,1
CTRL-001,CTRL-001-I000205,private-client,1
CTRL-001,CTRL-001-I000206,retail-branch,0
CTRL-001,CTRL-001-I000207,commercial,1
CTRL-001,CTRL-001-I000208,operations,0
CTRL-001,CTRL-001-I000209,operations,0
CTRL-001,CTRL-001-I000210,operations,0
CTRL-001,CTRL-001-I000211,retail-branch,0
CTRL-001,CTRL-001-I000212,operations,0
CTRL-001,CTRL-001-I000213,retail-branch,0
CTRL-001,CTRL-001-I000214,retail-branch,0
CTRL-001,CTRL-001-I000215,operations,0
CTRL-001,CTRL-001-I000216,operations,0
CTRL-001,CTRL-001-I000217,operations,0
CTRL-001,CTRL-001-I000218,commercial,0
CTRL-001,CTRL-001-I000219,commercial,0
CTRL-001,CTRL-001-I000220,operations,0
CTRL-001,CTRL-001-I000221,operations,0
CTRL-001,CTRL-001-I000222,retail-branch,0
CTRL-001,CTRL-001-I000223,operations,0
CTRL-001,CTRL-001-I000224,retail-branch,0
CTRL-001,CTRL-001-I000225,commercial,0
CTRL-001,CTRL-001-I000226,commercial,0
CTRL-001,CTRL-001-I000227,operations,0
CTRL-001,CTRL-001-I000228,commercial,0
CTRL-001,CTRL-001-I000229,retail-branch,0
CTRL-001,CTRL-001-I000230,retail-branch,0
CTRL-001,CTRL-001-I000231,retail-branch,0
CTRL-001,CTRL-001-I000232,commercial,1
CTRL-001,CTRL-001-I000233,retail-branch,0
CTRL-001,CTRL-001-I000234,operations,0
CTRL-001,CTRL-001-I000235,commercial,0
CTRL-001,CTRL-001-I000236,operations,0
CTRL-001,CTRL-001-I000237,private-client,1
CTRL-001,CTRL-001-I000238,operations,0
CTRL-001,CTRL-001-I000239,operations,0
CTRL-001,CTRL-001-I000240,commercial,0
CTRL-001,CTRL-001-I000241,operations,1
CTRL-001,CTRL-001-I000242,commercial,0
CTRL-001,CTRL-001-I000243,operations,0
CTRL-001,CTRL-001-I000244,retail-branch,0
CTRL-001,CTRL-001-I000245,operations,0
CTRL-001,CTRL-001-I000246,commercial,0
CTRL-001,CTRL-001-I000247,private-client,0
CTRL-001,CTRL-001-I000248,retail-branch,0
CTRL-001,CTRL-001-I000249,retail-branch,0
CTRL-002,CTRL-002-I000000,operations,0
CTRL-002,CTRL-002-I000001,commercial,0
CTRL-002,CTRL-002-I000002,commercial,0
CTRL-002,CTRL-002-I000003,commercial,0
CTRL-002,CTRL-002-I000004,operations,0
CTRL-002,CTRL-002-I000005,commercial,0
CTRL-002,CTRL-002-I000006,commercial,0
CTRL-002,CTRL-002-I000007,operations,0
CTRL-002,CTRL-002-I000008,digital-channel,0
CTRL-002,CTRL-002-I000009,operations,0
CTRL-002,CTRL-002-I000010,operations,0
CTRL-002,CTRL-002-I000011,commercial,0
CTRL-002,CTRL-002-I000012,operations,0
CTRL-002,CTRL-002-I000013,private-client,0
CTRL-002,CTRL-002-I000014,retail-branch,0
CTRL-002,CTRL-002-I000015,operations,0
CTRL-002,CTRL-002-I000016,digital-channel,0
CTRL-002,CTRL-002-I000017,operations,0
CTRL-002,CTRL-002-I000018,commercial,0
CTRL-002,CTRL-002-I000019,retail-branch,0
CTRL-002,CTRL-002-I000020,retail-branch,0
CTRL-002,CTRL-002-I000021,operations,0
CTRL-002,CTRL-002-I000022,commercial,1
CTRL-002,CTRL-002-I000023,private-client,0
CTRL-002,CTRL-002-I000024,operations,0
CTRL-002,CTRL-002-I000025,retail-branch,0
CTRL-002,CTRL-002-I000026,digital-channel,0
CTRL-002,CTRL-002-I000027,commercial,0
CTRL-002,CTRL-002-I000028,commercial,0
CTRL-002,CTRL-002-I000029,operations,0
CTRL-002,CTRL-002-I000030,operations,0
CTRL-002,CTRL-002-I000031,private-client,0
CTRL-002,CTRL-002-I000032,digital-channel,0
CTRL-002,CTRL-002-I000033,operations,0
CTRL-002,CTRL-002-I000034,digital-channel,0
CTRL-002,CTRL-002-I000035,operations,0
CTRL-002,CTRL-002-I000036,operations,0
CTRL-002,CTRL-002-I000037,private-client,0
CTRL-002,CTRL-002-I000038,commercial,0
CTRL-002,CTRL-002-I000039,operations,0
CTRL-002,CTRL-002-I000040,retail-branch,0
CTRL-002,CTRL-002-I000041,operations,0
CTRL-002,CTRL-002-I000042,retail-branch,0
CTRL-002,CTRL-002-I000043,operations,0
CTRL-002,CTRL-002-I000044,retail-branch,0
CTRL-002,CTRL-002-I000045,operations,0
CTRL-002,CTRL-002-I000046,retail-branch,1
CTRL-002,CTRL-002-I000047,digital-channel,0
CTRL-002,CTRL-002-I000048,private-client,0
CTRL-002,CTRL-002-I000049,digital-channel,0
CTRL-002,CTRL-002-I000050,digital-channel,0
CTRL-002,CTRL-002-I000051,commercial,0
CTRL-002,CTRL-002-I000052,retail-branch,0
CTRL-002,CTRL-002-I000053,operations,0
CTRL-002,CTRL-002-I000054,operations,0
CTRL-002,CTRL-002-I000055,commercial,0
CTRL-002,CTRL-002-I000056,commercial,0
CTRL-002,CTRL-002-I000057,operations,0
CTRL-002,CTRL-002-I000058,private-client,0
CTRL-002,CTRL-002-I000059,digital-channel,0
CTRL-002,CTRL-002-I000060,commercial,0
CTRL-002,CTRL-002-I000061,commercial,0
CTRL-002,CTRL-002-I000062,retail-branch,0
CTRL-002,CTRL-002-I000063,operations,0
CTRL-002,CTRL-002-I000064,operations,0
CTRL-002,CTRL-002-I000065,operations,0
CTRL-002,CTRL-002-I000066,retail-branch,0
CTRL-002,CTRL-002-I000067,retail-branch,0
CTRL-002,CTRL-002-I000068,operations,0
CTRL-002,CTRL-002-I000069,retail-branch,0
CTRL-002,CTRL-002-I000070,commercial,1
CTRL-002,CTRL-002-I000071,digital-channel,0
CTRL-002,CTRL-002-I000072,digital-channel,0
CTRL-002,CTRL-002-I000073,commercial,0
CTRL-002,CTRL-002-I000074,operations,0
CTRL-002,CTRL-002-I000075,commercial,0
CTRL-002,CTRL-002-I000076,operations,0
CTRL-002,CTRL-002-I000077,retail-branch,0
CTRL-002,CTRL-002-I000078,digital-channel,0
CTRL-002,CTRL-002-I000079,operations,0
CTRL-002,CTRL-002-I000080,commercial,0
CTRL-002,CTRL-002-I000081,digital-channel,0
CTRL-002,CTRL-002-I000082,commercial,0
CTRL-002,CTRL-002-I000083,operations,0
CTRL-002,CTRL-002-I000084,operations,0
CTRL-002,CTRL-002-I000085,private-client,0
CTRL-002,CTRL-002-I000086,operations,0
CTRL-002,CTRL-002-I000087,operations,0
CTRL-002,CTRL-002-I000088,operations,0
CTRL-002,CTRL-002-I000089,operations,0
CTRL-002,CTRL-002-I000090,operations,0
CTRL-002,CTRL-002-I000091,private-client,0
CTRL-002,CTRL-002-I000092,commercial,0
CTRL-002,CTRL-002-I000093,digital-channel,0
CTRL-002,CTRL-002-I000094,private-client,0
CTRL-002,CTRL-002-I000095,retail-branch,0
CTRL-002,CTRL-002-I000096,digital-channel,0
CTRL-002,CTRL-002-I000097,commercial,0
CTRL-002,CTRL-002-I000098,commercial,1
CTRL-002,CTRL-002-I000099,operations,0
CTRL-002,CTRL-002-I000100,commercial,0
CTRL-002,CTRL-002-I000101,private-client,0
CTRL-002,CTRL-002-I000102,retail-branch,0
CTRL-002,CTRL-002-I000103,commercial,0
CTRL-002,CTRL-002-I000104,operations,0
CTRL-002,CTRL-002-I000105,digital-channel,0
CTRL-002,CTRL-002-I000106,operations,1
CTRL-002,CTRL-002-I000107,commercial,0
CTRL-002,CTRL-002-I000108,digital-channel,0
CTRL-002,CTRL-002-I000109,digital-channel,0
CTRL-002,CTRL-002-I000110,retail-branch,0
CTRL-002,CTRL-002-I000111,operations,0
CTRL-002,CTRL-002-I000112,retail-branch,0
CTRL-002,CTRL-002-I000113,commercial,0
CTRL-002,CTRL-002-I000114,private-client,0
CTRL-002,CTRL-002-I000115,commercial,0
CTRL-002,CTRL-002-I000116,commercial,0
CTRL-002,CTRL-002-I000117,operations,0
CTRL-002,CTRL-002-I000118,operations,0
CTRL-002,CTRL-002-I000119,operations,0
CTRL-002,CTRL-002-I000120,operations,0
CTRL-002,CTRL-002-I000121,commercial,0
CTRL-002,CTRL-002-I000122,operations,0
CTRL-002,CTRL-002-I000123,digital-channel,0
CTRL-002,CTRL-002-I000124,commercial,0
CTRL-002,CTRL-002-I000125,operations,0
CTRL-002,CTRL-002-I000126,operations,1
CTRL-002,CTRL-002-I000127,operations,0
CTRL-002,CTRL-002-I000128,digital-channel,0
CTRL-002,CTRL-002-I000129,commercial,0
CTRL-002,CTRL-002-I000130,retail-branch,0
CTRL-002,CTRL-002-I000131,commercial,0
CTRL-002,CTRL-002-I000132,commercial,0
CTRL-002,CTRL-002-I000133,retail-branch,0
CTRL-002,CTRL-002-I000134,private-client,0
CTRL-002,CTRL-002-I000135,private-client,0
CTRL-002,CTRL-002-I000136,digital-channel,0
CTRL-002,CTRL-002-I000137,commercial,1
CTRL-002,CTRL-002-I000138,operations,0
CTRL-002,CTRL-002-I000139,operations,1
CTRL-002,CTRL-002-I000140,commercial,0
CTRL-002,CTRL-002-I000141,operations,0
CTRL-002,CTRL-002-I000142,commercial,0
CTRL-002,CTRL-002-I000143,operations,0
CTRL-002,CTRL-002-I000144,operations,0
CTRL-002,CTRL-002-I000145,digital-channel,0
CTRL-002,CTRL-002-I000146,digital-channel,0
CTRL-002,CTRL-002-I000147,private-client,0
CTRL-002,CTRL-002-I000148,operations,0
CTRL-002,CTRL-002-I000149,operations,0
CTRL-002,CTRL-002-I000150,commercial,0
CTRL-002,CTRL-002-I000151,digital-channel,0
CTRL-002,CTRL-002-I000152,operations,0
CTRL-002,CTRL-002-I000153,operations,0
CTRL-002,CTRL-002-I000154,operations,0
CTRL-002,CTRL-002-I000155,digital-channel,0
CTRL-002,CTRL-002-I000156,operations,0
CTRL-002,CTRL-002-I000157,retail-branch,0
CTRL-002,CTRL-002-I000158,commercial,0
CTRL-002,CTRL-002-I000159,retail-branch,0
CTRL-002,CTRL-002-I000160,operations,0
CTRL-002,CTRL-002-I000161,private-client,0
CTRL-002,CTRL-002-I000162,digital-channel,1
CTRL-002,CTRL-002-I000163,operations,0
CTRL-002,CTRL-002-I000164,commercial,0
CTRL-002,CTRL-002-I000165,operations,0
CTRL-002,CTRL-002-I000166,digital-channel,0
CTRL-002,CTRL-002-I000167,commercial,0
CTRL-002,CTRL-002-I000168,retail-branch,0
CTRL-002,CTRL-002-I000169,private-client,0
CTRL-002,CTRL-002-I000170,commercial,0
CTRL-002,CTRL-002-I000171,private-client,1
CTRL-002,CTRL-002-I000172,commercial,0
CTRL-002,CTRL-002-I000173,operations,0
CTRL-002,CTRL-002-I000174,operations,0
CTRL-002,CTRL-002-I000175,commercial,1
CTRL-002,CTRL-002-I000176,private-client,0
CTRL-002,CTRL-002-I000177,digital-channel,0
CTRL-002,CTRL-002-I000178,retail-branch,0
CTRL-002,CTRL-002-I000179,operations,0
CTRL-002,CTRL-002-I000180,commercial,0
CTRL-002,CTRL-002-I000181,commercial,0
CTRL-002,CTRL-002-I000182,commercial,0
CTRL-002,CTRL-002-I000183,commercial,0
CTRL-002,CTRL-002-I000184,commercial,0
CTRL-002,CTRL-002-I000185,private-client,0
CTRL-002,CTRL-002-I000186,commercial,0
CTRL-002,CTRL-002-I000187,retail-branch,0
CTRL-002,CTRL-002-I000188,operations,0
CTRL-002,CTRL-002-I000189,operations,0
CTRL-002,CTRL-002-I000190,operations,0
CTRL-002,CTRL-002-I000191,operations,0
CTRL-002,CTRL-002-I000192,operations,0
CTRL-002,CTRL-002-I000193,retail-branch,0
CTRL-002,CTRL-002-I000194,operations,0
CTRL-002,CTRL-002-I000195,retail-branch,0
CTRL-002,CTRL-002-I000196,digital-channel,0
CTRL-002,CTRL-002-I000197,retail-branch,0
CTRL-002,CTRL-002-I000198,digital-channel,0
CTRL-002,CTRL-002-I000199,operations,0
CTRL-002,CTRL-002-I000200,operations,0
CTRL-002,CTRL-002-I000201,operations,0
CTRL-002,CTRL-002-I000202,private-client,0
CTRL-002,CTRL-002-I000203,operations,0
CTRL-002,CTRL-002-I000204,digital-channel,0
CTRL-002,CTRL-002-I000205,commercial,0
CTRL-002,CTRL-002-I000206,operations,0
CTRL-002,CTRL-002-I000207,commercial,0
CTRL-002,CTRL-002-I000208,digital-channel,0
CTRL-002,CTRL-002-I000209,digital-channel,1
CTRL-002,CTRL-002-I000210,operations,0
CTRL-002,CTRL-002-I000211,retail-branch,0
CTRL-002,CTRL-002-I000212,commercial,0
CTRL-002,CTRL-002-I000213,operations,0
CTRL-002,CTRL-002-I000214,digital-channel,0
CTRL-002,CTRL-002-I000215,operations,1
CTRL-002,CTRL-002-I000216,retail-branch,0
CTRL-002,CTRL-002-I000217,private-client,0
CTRL-002,CTRL-002-I000218,commercial,0
CTRL-002,CTRL-002-I000219,retail-branch,0
CTRL-002,CTRL-002-I000220,operations,0
CTRL-002,CTRL-002-I000221,commercial,0
CTRL-002,CTRL-002-I000222,operations,0
CTRL-002,CTRL-002-I000223,operations,0
CTRL-002,CTRL-002-I000224,retail-branch,1
CTRL-002,CTRL-002-I000225,operations,0
CTRL-002,CTRL-002-I000226,private-client,0
CTRL-002,CTRL-002-I000227,retail-branch,0
CTRL-002,CTRL-002-I000228,retail-branch,0
CTRL-002,CTRL-002-I000229,commercial,0
CTRL-002,CTRL-002-I000230,operations,0
CTRL-002,CTRL-002-I000231,commercial,0
CTRL-002,CTRL-002-I000232,private-client,0
CTRL-002,CTRL-002-I000233,retail-branch,0
CTRL-002,CTRL-002-I000234,operations,0
CTRL-002,CTRL-002-I000235,operations,1
CTRL-002,CTRL-002-I000236,digital-channel,0
CTRL-002,CTRL-002-I000237,retail-branch,0
CTRL-002,CTRL-002-I000238,digital-channel,0
CTRL-002,CTRL-002-I000239,private-client,0
CTRL-002,CTRL-002-I000240,operations,0
CTRL-002,CTRL-002-I000241,commercial,0
CTRL-002,CTRL-002-I000242,operations,0
CTRL-002,CTRL-002-I000243,digital-channel,0
CTRL-002,CTRL-002-I000244,digital-channel,0
CTRL-002,CTRL-002-I000245,operations,0
CTRL-002,CTRL-002-I000246,digital-channel,0
CTRL-002,CTRL-002-I000247,commercial,0
CTRL-002,CTRL-002-I000248,retail-branch,0
CTRL-002,CTRL-002-I000249,retail-branch,0
CTRL-003,CTRL-003-I000000,commercial,0
CTRL-003,CTRL-003-I000001,digital-channel,0
CTRL-003,CTRL-003-I000002,commercial,0
CTRL-003,CTRL-003-I000003,private-client,0
CTRL-003,CTRL-003-I000004,commercial,0
CTRL-003,CTRL-003-I000005,operations,1
CTRL-003,CTRL-003-I000006,operations,1
CTRL-003,CTRL-003-I000007,private-client,1
CTRL-003,CTRL-003-I000008,operations,1
CTRL-003,CTRL-003-I000009,operations,1
CTRL-003,CTRL-003-I000010,commercial,0
CTRL-003,CTRL-003-I000011,digital-channel,0
CTRL-003,CTRL-003-I000012,retail-branch,0
CTRL-003,CTRL-003-I000013,private-client,0
CTRL-003,CTRL-003-I000014,operations,1
CTRL-003,CTRL-003-I000015,private-client,0
CTRL-003,CTRL-003-I000016,private-client,0
CTRL-003,CTRL-003-I000017,commercial,0
CTRL-003,CTRL-003-I000018,retail-branch,0
CTRL-003,CTRL-003-I000019,operations,1
CTRL-003,CTRL-003-I000020,operations,1
CTRL-003,CTRL-003-I000021,private-client,0
CTRL-003,CTRL-003-I000022,operations,1
CTRL-003,CTRL-003-I000023,retail-branch,0
CTRL-003,CTRL-003-I000024,private-client,0
CTRL-003,CTRL-003-I000025,operations,1
CTRL-003,CTRL-003-I000026,digital-channel,0
CTRL-003,CTRL-003-I000027,retail-branch,0
CTRL-003,CTRL-003-I000028,operations,1
CTRL-003,CTRL-003-I000029,retail-branch,0
CTRL-003,CTRL-003-I000030,commercial,0
CTRL-003,CTRL-003-I000031,commercial,0
CTRL-003,CTRL-003-I000032,commercial,0
CTRL-003,CTRL-003-I000033,commercial,0
CTRL-003,CTRL-003-I000034,operations,1
CTRL-003,CTRL-003-I000035,private-client,0
CTRL-003,CTRL-003-I000036,operations,1
CTRL-003,CTRL-003-I000037,retail-branch,0
CTRL-003,CTRL-003-I000038,retail-branch,0
CTRL-003,CTRL-003-I000039,retail-branch,0
CTRL-003,CTRL-003-I000040,digital-channel,0
CTRL-003,CTRL-003-I000041,operations,1
CTRL-003,CTRL-003-I000042,operations,1
CTRL-003,CTRL-003-I000043,commercial,0
CTRL-003,CTRL-003-I000044,digital-channel,0
CTRL-003,CTRL-003-I000045,operations,1
CTRL-003,CTRL-003-I000046,operations,1
CTRL-003,CTRL-003-I000047,commercial,0
CTRL-003,CTRL-003-I000048,retail-branch,0
CTRL-003,CTRL-003-I000049,commercial,0
CTRL-003,CTRL-003-I000050,private-client,1
CTRL-003,CTRL-003-I000051,private-client,0
CTRL-003,CTRL-003-I000052,operations,1
CTRL-003,CTRL-003-I000053,retail-branch,0
CTRL-003,CTRL-003-I000054,operations,1
CTRL-003,CTRL-003-I000055,private-client,0
CTRL-003,CTRL-003-I000056,commercial,0
CTRL-003,CTRL-003-I000057,commercial,0
CTRL-003,CTRL-003-I000058,operations,1
CTRL-003,CTRL-003-I000059,operations,1
CTRL-003,CTRL-003-I000060,operations,1
CTRL-003,CTRL-003-I000061,private-client,0
CTRL-003,CTRL-003-I000062,operations,1
CTRL-003,CTRL-003-I000063,operations,1
CTRL-003,CTRL-003-I000064,operations,1
CTRL-003,CTRL-003-I000065,operations,1
CTRL-003,CTRL-003-I000066,digital-channel,0
CTRL-003,CTRL-003-I000067,retail-branch,0
CTRL-003,CTRL-003-I000068,operations,1
CTRL-003,CTRL-003-I000069,private-client,0
CTRL-003,CTRL-003-I000070,private-client,0
CTRL-003,CTRL-003-I000071,digital-channel,0
CTRL-003,CTRL-003-I000072,commercial,0
CTRL-003,CTRL-003-I000073,commercial,0
CTRL-003,CTRL-003-I000074,operations,1
CTRL-003,CTRL-003-I000075,operations,1
CTRL-003,CTRL-003-I000076,digital-channel,0
CTRL-003,CTRL-003-I000077,operations,1
CTRL-003,CTRL-003-I000078,digital-channel,0
CTRL-003,CTRL-003-I000079,private-client,0
CTRL-003,CTRL-003-I000080,private-client,0
CTRL-003,CTRL-003-I000081,retail-branch,0
CTRL-003,CTRL-003-I000082,retail-branch,0
CTRL-003,CTRL-003-I000083,commercial,0
CTRL-003,CTRL-003-I000084,operations,1
CTRL-003,CTRL-003-I000085,operations,1
CTRL-003,CTRL-003-I000086,operations,1
CTRL-003,CTRL-003-I000087,operations,1
CTRL-003,CTRL-003-I000088,digital-channel,0
CTRL-003,CTRL-003-I000089,digital-channel,0
CTRL-003,CTRL-003-I000090,commercial,0
CTRL-003,CTRL-003-I000091,digital-channel,0
CTRL-003,CTRL-003-I000092,operations,1
CTRL-003,CTRL-003-I000093,operations,1
CTRL-003,CTRL-003-I000094,digital-channel,0
CTRL-003,CTRL-003-I000095,retail-branch,0
CTRL-003,CTRL-003-I000096,commercial,0
CTRL-003,CTRL-003-I000097,operations,1
CTRL-003,CTRL-003-I000098,operations,1
CTRL-003,CTRL-003-I000099,digital-channel,0
CTRL-003,CTRL-003-I000100,private-client,0
CTRL-003,CTRL-003-I000101,operations,1
CTRL-003,CTRL-003-I000102,operations,1
CTRL-003,CTRL-003-I000103,operations,1
CTRL-003,CTRL-003-I000104,digital-channel,0
CTRL-003,CTRL-003-I000105,commercial,0
CTRL-003,CTRL-003-I000106,retail-branch,0
CTRL-003,CTRL-003-I000107,operations,1
CTRL-003,CTRL-003-I000108,retail-branch,0
CTRL-003,CTRL-003-I000109,digital-channel,0
CTRL-003,CTRL-003-I000110,operations,1
CTRL-003,CTRL-003-I000111,commercial,0
CTRL-003,CTRL-003-I000112,operations,1
CTRL-003,CTRL-003-I000113,retail-branch,0
CTRL-003,CTRL-003-I000114,private-client,0
CTRL-003,CTRL-003-I000115,operations,1
CTRL-003,CTRL-003-I000116,operations,1
CTRL-003,CTRL-003-I000117,retail-branch,1
CTRL-003,CTRL-003-I000118,operations,1
CTRL-003,CTRL-003-I000119,retail-branch,0
CTRL-003,CTRL-003-I000120,private-client,0
CTRL-003,CTRL-003-I000121,private-client,0
CTRL-003,CTRL-003-I000122,operations,1
CTRL-003,CTRL-003-I000123,operations,1
CTRL-003,CTRL-003-I000124,operations,1
CTRL-003,CTRL-003-I000125,digital-channel,0
CTRL-003,CTRL-003-I000126,operations,1
CTRL-003,CTRL-003-I000127,commercial,0
CTRL-003,CTRL-003-I000128,operations,1
CTRL-003,CTRL-003-I000129,private-client,0
CTRL-003,CTRL-003-I000130,digital-channel,0
CTRL-003,CTRL-003-I000131,retail-branch,0
CTRL-003,CTRL-003-I000132,private-client,0
CTRL-003,CTRL-003-I000133,commercial,0
CTRL-003,CTRL-003-I000134,retail-branch,0
CTRL-003,CTRL-003-I000135,operations,1
CTRL-003,CTRL-003-I000136,private-client,0
CTRL-003,CTRL-003-I000137,operations,1
CTRL-003,CTRL-003-I000138,retail-branch,0
CTRL-003,CTRL-003-I000139,private-client,0
CTRL-003,CTRL-003-I000140,digital-channel,0
CTRL-003,CTRL-003-I000141,operations,1
CTRL-003,CTRL-003-I000142,operations,1
CTRL-003,CTRL-003-I000143,commercial,0
CTRL-003,CTRL-003-I000144,commercial,0
CTRL-003,CTRL-003-I000145,operations,1
CTRL-003,CTRL-003-I000146,operations,1
CTRL-003,CTRL-003-I000147,operations,1
CTRL-003,CTRL-003-I000148,operations,1
CTRL-003,CTRL-003-I000149,operations,1
CTRL-003,CTRL-003-I000150,operations,1
CTRL-003,CTRL-003-I000151,operations,1
CTRL-003,CTRL-003-I000152,commercial,0
CTRL-003,CTRL-003-I000153,retail-branch,0
CTRL-003,CTRL-003-I000154,private-client,0
CTRL-003,CTRL-003-I000155,digital-channel,0
CTRL-003,CTRL-003-I000156,operations,1
CTRL-003,CTRL-003-I000157,private-client,0
CTRL-003,CTRL-003-I000158,operations,1
CTRL-003,CTRL-003-I000159,private-client,0
CTRL-003,CTRL-003-I000160,digital-channel,0
CTRL-003,CTRL-003-I000161,private-client,0
CTRL-003,CTRL-003-I000162,operations,1
CTRL-003,CTRL-003-I000163,private-client,0
CTRL-003,CTRL-003-I000164,retail-branch,0
CTRL-003,CTRL-003-I000165,operations,1
CTRL-003,CTRL-003-I000166,private-client,0
CTRL-003,CTRL-003-I000167,private-client,0
CTRL-003,CTRL-003-I000168,private-client,0
CTRL-003,CTRL-003-I000169,commercial,0
CTRL-003,CTRL-003-I000170,operations,1
CTRL-003,CTRL-003-I000171,retail-branch,0
CTRL-003,CTRL-003-I000172,private-client,0
CTRL-003,CTRL-003-I000173,private-client,0
CTRL-003,CTRL-003-I000174,operations,1
CTRL-003,CTRL-003-I000175,private-client,0
CTRL-003,CTRL-003-I000176,operations,1
CTRL-003,CTRL-003-I000177,digital-channel,0
CTRL-003,CTRL-003-I000178,operations,1
CTRL-003,CTRL-003-I000179,operations,1
CTRL-003,CTRL-003-I000180,retail-branch,0
CTRL-003,CTRL-003-I000181,commercial,0
CTRL-003,CTRL-003-I000182,private-client,0
CTRL-003,CTRL-003-I000183,commercial,0
CTRL-003,CTRL-003-I000184,retail-branch,0
CTRL-003,CTRL-003-I000185,commercial,0
CTRL-003,CTRL-003-I000186,commercial,0
CTRL-003,CTRL-003-I000187,digital-channel,0
CTRL-003,CTRL-003-I000188,commercial,0
CTRL-003,CTRL-003-I000189,private-client,0
CTRL-003,CTRL-003-I000190,operations,1
CTRL-003,CTRL-003-I000191,private-client,0
CTRL-003,CTRL-003-I000192,retail-branch,0
CTRL-003,CTRL-003-I000193,retail-branch,0
CTRL-003,CTRL-003-I000194,private-client,0
CTRL-003,CTRL-003-I000195,commercial,0
CTRL-003,CTRL-003-I000196,commercial,0
CTRL-003,CTRL-003-I000197,digital-channel,0
CTRL-003,CTRL-003-I000198,operations,1
CTRL-003,CTRL-003-I000199,private-client,0
CTRL-003,CTRL-003-I000200,operations,1
CTRL-003,CTRL-003-I000201,digital-channel,0
CTRL-003,CTRL-003-I000202,digital-channel,0
CTRL-003,CTRL-003-I000203,retail-branch,0
CTRL-003,CTRL-003-I000204,operations,1
CTRL-003,CTRL-003-I000205,operations,1
CTRL-003,CTRL-003-I000206,private-client,0
CTRL-003,CTRL-003-I000207,private-client,0
CTRL-003,CTRL-003-I000208,operations,1
CTRL-003,CTRL-003-I000209,private-client,0
CTRL-003,CTRL-003-I000210,operations,1
CTRL-003,CTRL-003-I000211,digital-channel,0
CTRL-003,CTRL-003-I000212,digital-channel,0
CTRL-003,CTRL-003-I000213,operations,1
CTRL-003,CTRL-003-I000214,digital-channel,0
CTRL-003,CTRL-003-I000215,retail-branch,0
CTRL-003,CTRL-003-I000216,digital-channel,1
CTRL-003,CTRL-003-I000217,digital-channel,0
CTRL-003,CTRL-003-I000218,digital-channel,0
CTRL-003,CTRL-003-I000219,private-client,0
CTRL-003,CTRL-003-I000220,digital-channel,0
CTRL-003,CTRL-003-I000221,operations,1
CTRL-003,CTRL-003-I000222,retail-branch,0
CTRL-003,CTRL-003-I000223,private-client,0
CTRL-003,CTRL-003-I000224,digital-channel,0
CTRL-003,CTRL-003-I000225,commercial,0
CTRL-003,CTRL-003-I000226,private-client,0
CTRL-003,CTRL-003-I000227,operations,1
CTRL-003,CTRL-003-I000228,retail-branch,0
CTRL-003,CTRL-003-I000229,private-client,0
CTRL-003,CTRL-003-I000230,retail-branch,0
CTRL-003,CTRL-003-I000231,private-client,0
CTRL-003,CTRL-003-I000232,digital-channel,0
CTRL-003,CTRL-003-I000233,digital-channel,0
CTRL-003,CTRL-003-I000234,private-client,0
CTRL-003,CTRL-003-I000235,operations,1
CTRL-003,CTRL-003-I000236,operations,1
CTRL-003,CTRL-003-I000237,digital-channel,0
CTRL-003,CTRL-003-I000238,operations,1
CTRL-003,CTRL-003-I000239,digital-channel,0
CTRL-003,CTRL-003-I000240,operations,1
CTRL-003,CTRL-003-I000241,retail-branch,0
CTRL-003,CTRL-003-I000242,private-client,0
CTRL-003,CTRL-003-I000243,commercial,0
CTRL-003,CTRL-003-I000244,operations,1
CTRL-003,CTRL-003-I000245,operations,1
CTRL-003,CTRL-003-I000246,digital-channel,1
CTRL-003,CTRL-003-I000247,private-client,1
CTRL-003,CTRL-003-I000248,operations,1
CTRL-003,CTRL-003-I000249,operations,1
CTRL-004,CTRL-004-I000000,operations,0
CTRL-004,CTRL-004-I000001,private-client,0
CTRL-004,CTRL-004-I000002,retail-branch,0
CTRL-004,CTRL-004-I000003,commercial,0
CTRL-004,CTRL-004-I000004,digital-channel,0
CTRL-004,CTRL-004-I000005,commercial,0
CTRL-004,CTRL-004-I000006,commercial,0
CTRL-004,CTRL-004-I000007,operations,0
CTRL-004,CTRL-004-I000008,private-client,0
CTRL-004,CTRL-004-I000009,commercial,0
CTRL-004,CTRL-004-I000010,private-client,0
CTRL-004,CTRL-004-I000011,operations,0
CTRL-004,CTRL-004-I000012,digital-channel,0
CTRL-004,CTRL-004-I000013,digital-channel,0
CTRL-004,CTRL-004-I000014,private-client,0
CTRL-004,CTRL-004-I000015,commercial,0
CTRL-004,CTRL-004-I000016,operations,0
CTRL-004,CTRL-004-I000017,digital-channel,0
CTRL-004,CTRL-004-I000018,private-client,0
CTRL-004,CTRL-004-I000019,private-client,0
CTRL-004,CTRL-004-I000020,digital-channel,0
CTRL-004,CTRL-004-I000021,operations,0
CTRL-004,CTRL-004-I000022,private-client,0
CTRL-004,CTRL-004-I000023,digital-channel,0
CTRL-004,CTRL-004-I000024,digital-channel,0
CTRL-004,CTRL-004-I000025,commercial,0
CTRL-004,CTRL-004-I000026,private-client,0
CTRL-004,CTRL-004-I000027,digital-channel,0
CTRL-004,CTRL-004-I000028,digital-channel,0
CTRL-004,CTRL-004-I000029,commercial,0
CTRL-004,CTRL-004-I000030,retail-branch,0
CTRL-004,CTRL-004-I000031,retail-branch,0
CTRL-004,CTRL-004-I000032,retail-branch,0
CTRL-004,CTRL-004-I000033,private-client,0
CTRL-004,CTRL-004-I000034,operations,0
CTRL-004,CTRL-004-I000035,operations,0
CTRL-004,CTRL-004-I000036,retail-branch,0
CTRL-004,CTRL-004-I000037,retail-branch,0
CTRL-004,CTRL-004-I000038,private-client,0
CTRL-004,CTRL-004-I000039,private-client,0
CTRL-004,CTRL-004-I000040,digital-channel,0
CTRL-004,CTRL-004-I000041,operations,0
CTRL-004,CTRL-004-I000042,commercial,0
CTRL-004,CTRL-004-I000043,operations,0
CTRL-004,CTRL-004-I000044,private-client,0
CTRL-004,CTRL-004-I000045,operations,0
CTRL-004,CTRL-004-I000046,private-client,0
CTRL-004,CTRL-004-I000047,digital-channel,0
CTRL-004,CTRL-004-I000048,private-client,0
CTRL-004,CTRL-004-I000049,private-client,0
CTRL-004,CTRL-004-I000050,retail-branch,0
CTRL-004,CTRL-004-I000051,operations,0
CTRL-004,CTRL-004-I000052,retail-branch,0
CTRL-004,CTRL-004-I000053,operations,0
CTRL-004,CTRL-004-I000054,commercial,0
CTRL-004,CTRL-004-I000055,digital-channel,0
CTRL-004,CTRL-004-I000056,digital-channel,0
CTRL-004,CTRL-004-I000057,private-client,0
CTRL-004,CTRL-004-I000058,retail-branch,0
CTRL-004,CTRL-004-I000059,private-client,0
CTRL-004,CTRL-004-I000060,commercial,0
CTRL-004,CTRL-004-I000061,private-client,0
CTRL-004,CTRL-004-I000062,digital-channel,0
CTRL-004,CTRL-004-I000063,digital-channel,0
CTRL-004,CTRL-004-I000064,private-client,0
CTRL-004,CTRL-004-I000065,operations,0
CTRL-004,CTRL-004-I000066,private-client,0
CTRL-004,CTRL-004-I000067,digital-channel,0
CTRL-004,CTRL-004-I000068,private-client,0
CTRL-004,CTRL-004-I000069,private-client,0
CTRL-004,CTRL-004-I000070,operations,0
CTRL-004,CTRL-004-I000071,operations,0
CTRL-004,CTRL-004-I000072,private-client,0
CTRL-004,CTRL-004-I000073,operations,0
CTRL-004,CTRL-004-I000074,retail-branch,0
CTRL-004,CTRL-004-I000075,commercial,0
CTRL-004,CTRL-004-I000076,retail-branch,0
CTRL-004,CTRL-004-I000077,retail-branch,0
CTRL-004,CTRL-004-I000078,commercial,0
CTRL-004,CTRL-004-I000079,retail-branch,0
CTRL-004,CTRL-004-I000080,operations,0
CTRL-004,CTRL-004-I000081,digital-channel,0
CTRL-004,CTRL-004-I000082,operations,0
CTRL-004,CTRL-004-I000083,digital-channel,0
CTRL-004,CTRL-004-I000084,retail-branch,0
CTRL-004,CTRL-004-I000085,operations,0
CTRL-004,CTRL-004-I000086,private-client,0
CTRL-004,CTRL-004-I000087,operations,0
CTRL-004,CTRL-004-I000088,operations,0
CTRL-004,CTRL-004-I000089,operations,0
CTRL-004,CTRL-004-I000090,digital-channel,0
CTRL-004,CTRL-004-I000091,operations,0
CTRL-004,CTRL-004-I000092,operations,0
CTRL-004,CTRL-004-I000093,commercial,0
CTRL-004,CTRL-004-I000094,retail-branch,0
CTRL-004,CTRL-004-I000095,operations,0
CTRL-004,CTRL-004-I000096,private-client,0
CTRL-004,CTRL-004-I000097,retail-branch,0
CTRL-004,CTRL-004-I000098,operations,0
CTRL-004,CTRL-004-I000099,operations,0
CTRL-004,CTRL-004-I000100,operations,0
CTRL-004,CTRL-004-I000101,digital-channel,0
CTRL-004,CTRL-004-I000102,commercial,0
CTRL-004,CTRL-004-I000103,digital-channel,0
CTRL-004,CTRL-004-I000104,retail-branch,0
CTRL-004,CTRL-004-I000105,operations,1
CTRL-004,CTRL-004-I000106,operations,0
CTRL-004,CTRL-004-I000107,commercial,0
CTRL-004,CTRL-004-I000108,digital-channel,0
CTRL-004,CTRL-004-I000109,operations,0
CTRL-004,CTRL-004-I000110,private-client,0
CTRL-004,CTRL-004-I000111,operations,0
CTRL-004,CTRL-004-I000112,private-client,0
CTRL-004,CTRL-004-I000113,private-client,0
CTRL-004,CTRL-004-I000114,digital-channel,0
CTRL-004,CTRL-004-I000115,private-client,0
CTRL-004,CTRL-004-I000116,retail-branch,0
CTRL-004,CTRL-004-I000117,private-client,0
CTRL-004,CTRL-004-I000118,operations,0
CTRL-004,CTRL-004-I000119,commercial,0
CTRL-004,CTRL-004-I000120,private-client,0
CTRL-004,CTRL-004-I000121,commercial,0
CTRL-004,CTRL-004-I000122,private-client,0
CTRL-004,CTRL-004-I000123,operations,0
CTRL-004,CTRL-004-I000124,retail-branch,0
CTRL-004,CTRL-004-I000125,operations,0
CTRL-004,CTRL-004-I000126,private-client,0
CTRL-004,CTRL-004-I000127,commercial,0
CTRL-004,CTRL-004-I000128,commercial,0
CTRL-004,CTRL-004-I000129,private-client,0
CTRL-004,CTRL-004-I000130,retail-branch,0
CTRL-004,CTRL-004-I000131,private-client,0
CTRL-004,CTRL-004-I000132,private-client,0
CTRL-004,CTRL-004-I000133,operations,0
CTRL-004,CTRL-004-I000134,private-client,0
CTRL-004,CTRL-004-I000135,digital-channel,0
CTRL-004,CTRL-004-I000136,private-client,0
CTRL-004,CTRL-004-I000137,commercial,0
CTRL-004,CTRL-004-I000138,operations,0
CTRL-004,CTRL-004-I000139,operations,0
CTRL-004,CTRL-004-I000140,operations,0
CTRL-004,CTRL-004-I000141,private-client,0
CTRL-004,CTRL-004-I000142,operations,0
CTRL-004,CTRL-004-I000143,operations,0
CTRL-004,CTRL-004-I000144,operations,0
CTRL-004,CTRL-004-I000145,commercial,0
CTRL-004,CTRL-004-I000146,operations,0
CTRL-004,CTRL-004-I000147,commercial,0
CTRL-004,CTRL-004-I000148,operations,0
CTRL-004,CTRL-004-I000149,digital-channel,0
CTRL-004,CTRL-004-I000150,retail-branch,0
CTRL-004,CTRL-004-I000151,commercial,0
CTRL-004,CTRL-004-I000152,private-client,0
CTRL-004,CTRL-004-I000153,private-client,0
CTRL-004,CTRL-004-I000154,private-client,0
CTRL-004,CTRL-004-I000155,retail-branch,0
CTRL-004,CTRL-004-I000156,commercial,0
CTRL-004,CTRL-004-I000157,commercial,0
CTRL-004,CTRL-004-I000158,commercial,0
CTRL-004,CTRL-004-I000159,digital-channel,0
CTRL-004,CTRL-004-I000160,operations,0
CTRL-004,CTRL-004-I000161,private-client,0
CTRL-004,CTRL-004-I000162,digital-channel,0
CTRL-004,CTRL-004-I000163,operations,0
CTRL-004,CTRL-004-I000164,operations,0
CTRL-004,CTRL-004-I000165,operations,0
CTRL-004,CTRL-004-I000166,operations,0
CTRL-004,CTRL-004-I000167,retail-branch,0
CTRL-004,CTRL-004-I000168,digital-channel,0
CTRL-004,CTRL-004-I000169,private-client,0
CTRL-004,CTRL-004-I000170,private-client,0
CTRL-004,CTRL-004-I000171,private-client,0
CTRL-004,CTRL-004-I000172,private-client,0
CTRL-004,CTRL-004-I000173,private-client,0
CTRL-004,CTRL-004-I000174,commercial,0
CTRL-004,CTRL-004-I000175,operations,0
CTRL-004,CTRL-004-I000176,operations,0
CTRL-004,CTRL-004-I000177,commercial,0
CTRL-004,CTRL-004-I000178,commercial,0
CTRL-004,CTRL-004-I000179,commercial,0
CTRL-004,CTRL-004-I000180,operations,0
CTRL-004,CTRL-004-I000181,operations,0
CTRL-004,CTRL-004-I000182,private-client,0
CTRL-004,CTRL-004-I000183,operations,0
CTRL-004,CTRL-004-I000184,private-client,0
CTRL-004,CTRL-004-I000185,commercial,0
CTRL-004,CTRL-004-I000186,operations,0
CTRL-004,CTRL-004-I000187,commercial,0
CTRL-004,CTRL-004-I000188,digital-channel,0
CTRL-004,CTRL-004-I000189,private-client,0
CTRL-004,CTRL-004-I000190,retail-branch,0
CTRL-004,CTRL-004-I000191,operations,0
CTRL-004,CTRL-004-I000192,commercial,0
CTRL-004,CTRL-004-I000193,commercial,0
CTRL-004,CTRL-004-I000194,retail-branch,0
CTRL-004,CTRL-004-I000195,retail-branch,0
CTRL-004,CTRL-004-I000196,operations,0
CTRL-004,CTRL-004-I000197,commercial,0
CTRL-004,CTRL-004-I000198,retail-branch,0
CTRL-004,CTRL-004-I000199,digital-channel,0
CTRL-004,CTRL-004-I000200,retail-branch,0
CTRL-004,CTRL-004-I000201,operations,1
CTRL-004,CTRL-004-I000202,private-client,0
CTRL-004,CTRL-004-I000203,private-client,0
CTRL-004,CTRL-004-I000204,operations,0
CTRL-004,CTRL-004-I000205,commercial,0
CTRL-004,CTRL-004-I000206,commercial,0
CTRL-004,CTRL-004-I000207,digital-channel,0
CTRL-004,CTRL-004-I000208,private-client,0
CTRL-004,CTRL-004-I000209,operations,0
CTRL-004,CTRL-004-I000210,retail-branch,0
CTRL-004,CTRL-004-I000211,operations,0
CTRL-004,CTRL-004-I000212,private-client,0
CTRL-004,CTRL-004-I000213,commercial,0
CTRL-004,CTRL-004-I000214,retail-branch,0
CTRL-004,CTRL-004-I000215,private-client,0
CTRL-004,CTRL-004-I000216,operations,0
CTRL-004,CTRL-004-I000217,retail-branch,0
CTRL-004,CTRL-004-I000218,commercial,0
CTRL-004,CTRL-004-I000219,operations,0
CTRL-004,CTRL-004-I000220,private-client,0
CTRL-004,CTRL-004-I000221,operations,0
CTRL-004,CTRL-004-I000222,private-client,0
CTRL-004,CTRL-004-I000223,retail-branch,0
CTRL-004,CTRL-004-I000224,operations,0
CTRL-004,CTRL-004-I000225,private-client,0
CTRL-004,CTRL-004-I000226,commercial,0
CTRL-004,CTRL-004-I000227,digital-channel,0
CTRL-004,CTRL-004-I000228,retail-branch,0
CTRL-004,CTRL-004-I000229,operations,0
CTRL-004,CTRL-004-I000230,operations,0
CTRL-004,CTRL-004-I000231,retail-branch,0
CTRL-004,CTRL-004-I000232,operations,0
CTRL-004,CTRL-004-I000233,private-client,0
CTRL-004,CTRL-004-I000234,private-client,0
CTRL-004,CTRL-004-I000235,commercial,0
CTRL-004,CTRL-004-I000236,operations,0
CTRL-004,CTRL-004-I000237,private-client,0
CTRL-004,CTRL-004-I000238,private-client,0
CTRL-004,CTRL-004-I000239,commercial,0
CTRL-004,CTRL-004-I000240,commercial,0
CTRL-004,CTRL-004-I000241,private-client,0
CTRL-004,CTRL-004-I000242,private-client,0
CTRL-004,CTRL-004-I000243,private-client,0
CTRL-004,CTRL-004-I000244,digital-channel,0
CTRL-004,CTRL-004-I000245,commercial,0
CTRL-004,CTRL-004-I000246,commercial,0
CTRL-004,CTRL-004-I000247,digital-channel,0
CTRL-004,CTRL-004-I000248,operations,0
CTRL-004,CTRL-004-I000249,digital-channel,0
CTRL-005,CTRL-005-I000000,digital-channel,0
CTRL-005,CTRL-005-I000001,digital-channel,1
CTRL-005,CTRL-005-I000002,private-client,0
CTRL-005,CTRL-005-I000003,private-client,0
CTRL-005,CTRL-005-I000004,operations,0
CTRL-005,CTRL-005-I000005,digital-channel,0
CTRL-005,CTRL-005-I000006,private-client,0
CTRL-005,CTRL-005-I000007,private-client,0
CTRL-005,CTRL-005-I000008,private-client,0
CTRL-005,CTRL-005-I000009,private-client,0
CTRL-005,CTRL-005-I000010,private-client,0
CTRL-005,CTRL-005-I000011,digital-channel,0
CTRL-005,CTRL-005-I000012,private-client,0
CTRL-005,CTRL-005-I000013,digital-channel,0
CTRL-005,CTRL-005-I000014,private-client,1
CTRL-005,CTRL-005-I000015,private-client,0
CTRL-005,CTRL-005-I000016,private-client,0
CTRL-005,CTRL-005-I000017,operations,0
CTRL-005,CTRL-005-I000018,operations,0
CTRL-005,CTRL-005-I000019,operations,0
CTRL-005,CTRL-005-I000020,digital-channel,0
CTRL-005,CTRL-005-I000021,operations,1
CTRL-005,CTRL-005-I000022,operations,0
CTRL-005,CTRL-005-I000023,operations,0
CTRL-005,CTRL-005-I000024,private-client,0
CTRL-005,CTRL-005-I000025,digital-channel,1
CTRL-005,CTRL-005-I000026,operations,0
CTRL-005,CTRL-005-I000027,digital-channel,0
CTRL-005,CTRL-005-I000028,private-client,0
CTRL-005,CTRL-005-I000029,operations,1
CTRL-005,CTRL-005-I000030,private-client,0
CTRL-005,CTRL-005-I000031,operations,0
CTRL-005,CTRL-005-I000032,digital-channel,1
CTRL-005,CTRL-005-I000033,private-client,0
CTRL-005,CTRL-005-I000034,private-client,0
CTRL-005,CTRL-005-I000035,private-client,0
CTRL-005,CTRL-005-I000036,operations,0
CTRL-005,CTRL-005-I000037,operations,0
CTRL-005,CTRL-005-I000038,operations,0
CTRL-005,CTRL-005-I000039,digital-channel,1
CTRL-005,CTRL-005-I000040,operations,1
CTRL-005,CTRL-005-I000041,digital-channel,1
CTRL-005,CTRL-005-I000042,operations,0
CTRL-005,CTRL-005-I000043,digital-channel,1
CTRL-005,CTRL-005-I000044,digital-channel,0
CTRL-005,CTRL-005-I000045,private-client,0
CTRL-005,CTRL-005-I000046,operations,0
CTRL-005,CTRL-005-I000047,operations,0
CTRL-005,CTRL-005-I000048,operations,0
CTRL-005,CTRL-005-I000049,operations,0
CTRL-005,CTRL-005-I000050,operations,0
CTRL-005,CTRL-005-I000051,operations,0
CTRL-005,CTRL-005-I000052,digital-channel,0
CTRL-005,CTRL-005-I000053,digital-channel,0
CTRL-005,CTRL-005-I000054,private-client,0
CTRL-005,CTRL-005-I000055,operations,1
CTRL-005,CTRL-005-I000056,digital-channel,0
CTRL-005,CTRL-005-I000057,private-client,0
CTRL-005,CTRL-005-I000058,operations,0
CTRL-005,CTRL-005-I000059,digital-channel,0
CTRL-005,CTRL-005-I000060,private-client,0
CTRL-005,CTRL-005-I000061,digital-channel,0
CTRL-005,CTRL-005-I000062,private-client,0
CTRL-005,CTRL-005-I000063,digital-channel,0
CTRL-005,CTRL-005-I000064,operations,0
CTRL-005,CTRL-005-I000065,digital-channel,0
CTRL-005,CTRL-005-I000066,private-client,0
CTRL-005,CTRL-005-I000067,digital-channel,0
CTRL-005,CTRL-005-I000068,operations,1
CTRL-005,CTRL-005-I000069,digital-channel,0
CTRL-005,CTRL-005-I000070,operations,0
CTRL-005,CTRL-005-I000071,private-client,0
CTRL-005,CTRL-005-I000072,digital-channel,0
CTRL-005,CTRL-005-I000073,operations,1
CTRL-005,CTRL-005-I000074,operations,0
CTRL-005,CTRL-005-I000075,private-client,0
CTRL-005,CTRL-005-I000076,digital-channel,1
CTRL-005,CTRL-005-I000077,operations,0
CTRL-005,CTRL-005-I000078,private-client,0
CTRL-005,CTRL-005-I000079,digital-channel,0
CTRL-005,CTRL-005-I000080,operations,0
CTRL-005,CTRL-005-I000081,digital-channel,0
CTRL-005,CTRL-005-I000082,digital-channel,0
CTRL-005,CTRL-005-I000083,operations,1
CTRL-005,CTRL-005-I000084,digital-channel,0
CTRL-005,CTRL-005-I000085,private-client,0
CTRL-005,CTRL-005-I000086,private-client,0
CTRL-005,CTRL-005-I000087,private-client,0
CTRL-005,CTRL-005-I000088,operations,0
CTRL-005,CTRL-005-I000089,digital-channel,0
CTRL-005,CTRL-005-I000090,digital-channel,0
CTRL-005,CTRL-005-I000091,operations,1
CTRL-005,CTRL-005-I000092,private-client,0
CTRL-005,CTRL-005-I000093,digital-channel,0
CTRL-005,CTRL-005-I000094,operations,1
CTRL-005,CTRL-005-I000095,private-client,0
CTRL-005,CTRL-005-I000096,digital-channel,0
CTRL-005,CTRL-005-I000097,private-client,0
CTRL-005,CTRL-005-I000098,private-client,0
CTRL-005,CTRL-005-I000099,digital-channel,0
CTRL-005,CTRL-005-I000100,private-client,0
CTRL-005,CTRL-005-I000101,digital-channel,0
CTRL-005,CTRL-005-I000102,operations,1
CTRL-005,CTRL-005-I000103,digital-channel,1
CTRL-005,CTRL-005-I000104,operations,0
CTRL-005,CTRL-005-I000105,operations,0
CTRL-005,CTRL-005-I000106,private-client,1
CTRL-005,CTRL-005-I000107,operations,0
CTRL-005,CTRL-005-I000108,digital-channel,0
CTRL-005,CTRL-005-I000109,operations,0
CTRL-005,CTRL-005-I000110,operations,1
CTRL-005,CTRL-005-I000111,private-client,0
CTRL-005,CTRL-005-I000112,digital-channel,0
CTRL-005,CTRL-005-I000113,digital-channel,0
CTRL-005,CTRL-005-I000114,private-client,0
CTRL-005,CTRL-005-I000115,operations,0
CTRL-005,CTRL-005-I000116,operations,1
CTRL-005,CTRL-005-I000117,private-client,0
CTRL-005,CTRL-005-I000118,operations,0
CTRL-005,CTRL-005-I000119,digital-channel,0
CTRL-005,CTRL-005-I000120,digital-channel,0
CTRL-005,CTRL-005-I000121,digital-channel,0
CTRL-005,CTRL-005-I000122,operations,0
CTRL-005,CTRL-005-I000123,operations,1
CTRL-005,CTRL-005-I000124,operations,0
CTRL-005,CTRL-005-I000125,private-client,0
CTRL-005,CTRL-005-I000126,private-client,0
CTRL-005,CTRL-005-I000127,private-client,0
CTRL-005,CTRL-005-I000128,operations,0
CTRL-005,CTRL-005-I000129,operations,1
CTRL-005,CTRL-005-I000130,operations,0
CTRL-005,CTRL-005-I000131,operations,0
CTRL-005,CTRL-005-I000132,private-client,0
CTRL-005,CTRL-005-I000133,operations,0
CTRL-005,CTRL-005-I000134,digital-channel,0
CTRL-005,CTRL-005-I000135,private-client,0
CTRL-005,CTRL-005-I000136,private-client,0
CTRL-005,CTRL-005-I000137,operations,0
CTRL-005,CTRL-005-I000138,digital-channel,0
CTRL-005,CTRL-005-I000139,operations,0
CTRL-005,CTRL-005-I000140,operations,0
CTRL-005,CTRL-005-I000141,operations,0
CTRL-005,CTRL-005-I000142,private-client,0
CTRL-005,CTRL-005-I000143,private-client,0
CTRL-005,CTRL-005-I000144,private-client,0
CTRL-005,CTRL-005-I000145,digital-channel,0
CTRL-005,CTRL-005-I000146,private-client,0
CTRL-005,CTRL-005-I000147,operations,0
CTRL-005,CTRL-005-I000148,operations,0
CTRL-005,CTRL-005-I000149,operations,0
CTRL-005,CTRL-005-I000150,private-client,0
CTRL-005,CTRL-005-I000151,private-client,1
CTRL-005,CTRL-005-I000152,private-client,0
CTRL-005,CTRL-005-I000153,digital-channel,0
CTRL-005,CTRL-005-I000154,digital-channel,0
CTRL-005,CTRL-005-I000155,digital-channel,0
CTRL-005,CTRL-005-I000156,digital-channel,0
CTRL-005,CTRL-005-I000157,digital-channel,1
CTRL-005,CTRL-005-I000158,private-client,0
CTRL-005,CTRL-005-I000159,operations,0
CTRL-005,CTRL-005-I000160,operations,0
CTRL-005,CTRL-005-I000161,operations,0
CTRL-005,CTRL-005-I000162,operations,1
CTRL-005,CTRL-005-I000163,private-client,0
CTRL-005,CTRL-005-I000164,digital-channel,0
CTRL-005,CTRL-005-I000165,operations,0
CTRL-005,CTRL-005-I000166,operations,0
CTRL-005,CTRL-005-I000167,digital-channel,0
CTRL-005,CTRL-005-I000168,operations,0
CTRL-005,CTRL-005-I000169,operations,0
CTRL-005,CTRL-005-I000170,digital-channel,0
CTRL-005,CTRL-005-I000171,private-client,0
CTRL-005,CTRL-005-I000172,operations,0
CTRL-005,CTRL-005-I000173,operations,0
CTRL-005,CTRL-005-I000174,operations,0
CTRL-005,CTRL-005-I000175,private-client,1
CTRL-005,CTRL-005-I000176,operations,0
CTRL-005,CTRL-005-I000177,digital-channel,0
CTRL-005,CTRL-005-I000178,private-client,0
CTRL-005,CTRL-005-I000179,private-client,0
CTRL-005,CTRL-005-I000180,private-client,0
CTRL-005,CTRL-005-I000181,digital-channel,0
CTRL-005,CTRL-005-I000182,digital-channel,0
CTRL-005,CTRL-005-I000183,operations,0
CTRL-005,CTRL-005-I000184,operations,0
CTRL-005,CTRL-005-I000185,operations,0
CTRL-005,CTRL-005-I000186,operations,1
CTRL-005,CTRL-005-I000187,private-client,0
CTRL-005,CTRL-005-I000188,private-client,0
CTRL-005,CTRL-005-I000189,digital-channel,0
CTRL-005,CTRL-005-I000190,private-client,1
CTRL-005,CTRL-005-I000191,private-client,0
CTRL-005,CTRL-005-I000192,digital-channel,0
CTRL-005,CTRL-005-I000193,private-client,1
CTRL-005,CTRL-005-I000194,operations,0
CTRL-005,CTRL-005-I000195,private-client,0
CTRL-005,CTRL-005-I000196,private-client,0
CTRL-005,CTRL-005-I000197,digital-channel,0
CTRL-005,CTRL-005-I000198,digital-channel,1
CTRL-005,CTRL-005-I000199,private-client,0
CTRL-005,CTRL-005-I000200,digital-channel,0
CTRL-005,CTRL-005-I000201,private-client,0
CTRL-005,CTRL-005-I000202,private-client,0
CTRL-005,CTRL-005-I000203,digital-channel,0
CTRL-005,CTRL-005-I000204,private-client,0
CTRL-005,CTRL-005-I000205,digital-channel,0
CTRL-005,CTRL-005-I000206,digital-channel,0
CTRL-005,CTRL-005-I000207,private-client,0
CTRL-005,CTRL-005-I000208,operations,1
CTRL-005,CTRL-005-I000209,digital-channel,0
CTRL-005,CTRL-005-I000210,operations,0
CTRL-005,CTRL-005-I000211,operations,0
CTRL-005,CTRL-005-I000212,operations,0
CTRL-005,CTRL-005-I000213,operations,0
CTRL-005,CTRL-005-I000214,operations,0
CTRL-005,CTRL-005-I000215,digital-channel,0
CTRL-005,CTRL-005-I000216,digital-channel,0
CTRL-005,CTRL-005-I000217,operations,0
CTRL-005,CTRL-005-I000218,private-client,0
CTRL-005,CTRL-005-I000219,digital-channel,0
CTRL-005,CTRL-005-I000220,operations,0
CTRL-005,CTRL-005-I000221,digital-channel,0
CTRL-005,CTRL-005-I000222,private-client,0
CTRL-005,CTRL-005-I000223,digital-channel,0
CTRL-005,CTRL-005-I000224,operations,0
CTRL-005,CTRL-005-I000225,operations,0
CTRL-005,CTRL-005-I000226,digital-channel,1
CTRL-005,CTRL-005-I000227,private-client,0
CTRL-005,CTRL-005-I000228,private-client,0
CTRL-005,CTRL-005-I000229,operations,0
CTRL-005,CTRL-005-I000230,private-client,0
CTRL-005,CTRL-005-I000231,private-client,0
CTRL-005,CTRL-005-I000232,operations,0
CTRL-005,CTRL-005-I000233,operations,1
CTRL-005,CTRL-005-I000234,operations,0
CTRL-005,CTRL-005-I000235,private-client,0
CTRL-005,CTRL-005-I000236,digital-channel,0
CTRL-005,CTRL-005-I000237,digital-channel,0
CTRL-005,CTRL-005-I000238,operations,0
CTRL-005,CTRL-005-I000239,operations,0
CTRL-005,CTRL-005-I000240,private-client,0
CTRL-005,CTRL-005-I000241,digital-channel,0
CTRL-005,CTRL-005-I000242,private-client,0
CTRL-005,CTRL-005-I000243,private-client,0
CTRL-005,CTRL-005-I000244,private-client,0
CTRL-005,CTRL-005-I000245,digital-channel,0
CTRL-005,CTRL-005-I000246,operations,1
CTRL-005,CTRL-005-I000247,digital-channel,0
CTRL-005,CTRL-005-I000248,private-client,0
CTRL-005,CTRL-005-I000249,operations,0
CTRL-006,CTRL-006-I000000,commercial,0
CTRL-006,CTRL-006-I000001,commercial,0
CTRL-006,CTRL-006-I000002,commercial,0
CTRL-006,CTRL-006-I000003,retail-branch,0
CTRL-006,CTRL-006-I000004,commercial,0
CTRL-006,CTRL-006-I000005,commercial,0
CTRL-006,CTRL-006-I000006,retail-branch,0
CTRL-006,CTRL-006-I000007,private-client,0
CTRL-006,CTRL-006-I000008,private-client,1
CTRL-006,CTRL-006-I000009,private-client,0
CTRL-006,CTRL-006-I000010,commercial,0
CTRL-006,CTRL-006-I000011,private-client,0
CTRL-006,CTRL-006-I000012,private-client,0
CTRL-006,CTRL-006-I000013,commercial,0
CTRL-006,CTRL-006-I000014,commercial,0
CTRL-006,CTRL-006-I000015,commercial,0
CTRL-006,CTRL-006-I000016,commercial,0
CTRL-006,CTRL-006-I000017,commercial,0
CTRL-006,CTRL-006-I000018,retail-branch,0
CTRL-006,CTRL-006-I000019,commercial,0
CTRL-006,CTRL-006-I000020,commercial,0
CTRL-006,CTRL-006-I000021,retail-branch,0
CTRL-006,CTRL-006-I000022,retail-branch,0
CTRL-006,CTRL-006-I000023,commercial,0
CTRL-006,CTRL-006-I000024,retail-branch,0
CTRL-006,CTRL-006-I000025,retail-branch,0
CTRL-006,CTRL-006-I000026,private-client,0
CTRL-006,CTRL-006-I000027,private-client,0
CTRL-006,CTRL-006-I000028,private-client,0
CTRL-006,CTRL-006-I000029,private-client,0
CTRL-006,CTRL-006-I000030,private-client,0
CTRL-006,CTRL-006-I000031,commercial,0
CTRL-006,CTRL-006-I000032,commercial,0
CTRL-006,CTRL-006-I000033,retail-branch,0
CTRL-006,CTRL-006-I000034,commercial,0
CTRL-006,CTRL-006-I000035,private-client,0
CTRL-006,CTRL-006-I000036,retail-branch,0
CTRL-006,CTRL-006-I000037,private-client,0
CTRL-006,CTRL-006-I000038,private-client,0
CTRL-006,CTRL-006-I000039,commercial,0
CTRL-006,CTRL-006-I000040,commercial,0
CTRL-006,CTRL-006-I000041,commercial,0
CTRL-006,CTRL-006-I000042,private-client,0
CTRL-006,CTRL-006-I000043,private-client,0
CTRL-006,CTRL-006-I000044,commercial,0
CTRL-006,CTRL-006-I000045,commercial,0
CTRL-006,CTRL-006-I000046,commercial,0
CTRL-006,CTRL-006-I000047,retail-branch,0
CTRL-006,CTRL-006-I000048,private-client,0
CTRL-006,CTRL-006-I000049,private-client,0
CTRL-006,CTRL-006-I000050,commercial,0
CTRL-006,CTRL-006-I000051,commercial,0
CTRL-006,CTRL-006-I000052,private-client,0
CTRL-006,CTRL-006-I000053,retail-branch,0
CTRL-006,CTRL-006-I000054,private-client,0
CTRL-006,CTRL-006-I000055,commercial,0
CTRL-006,CTRL-006-I000056,private-client,0
CTRL-006,CTRL-006-I000057,private-client,0
CTRL-006,CTRL-006-I000058,retail-branch,0
CTRL-006,CTRL-006-I000059,commercial,0
CTRL-006,CTRL-006-I000060,private-client,0
CTRL-006,CTRL-006-I000061,commercial,0
CTRL-006,CTRL-006-I000062,commercial,0
CTRL-006,CTRL-006-I000063,commercial,0
CTRL-006,CTRL-006-I000064,commercial,0
CTRL-006,CTRL-006-I000065,commercial,0
CTRL-006,CTRL-006-I000066,private-client,0
CTRL-006,CTRL-006-I000067,commercial,0
CTRL-006,CTRL-006-I000068,retail-branch,0
CTRL-006,CTRL-006-I000069,private-client,0
CTRL-006,CTRL-006-I000070,commercial,0
CTRL-006,CTRL-006-I000071,private-client,0
CTRL-006,CTRL-006-I000072,commercial,0
CTRL-006,CTRL-006-I000073,private-client,0
CTRL-006,CTRL-006-I000074,private-client,0
CTRL-006,CTRL-006-I000075,commercial,0
CTRL-006,CTRL-006-I000076,private-client,0
CTRL-006,CTRL-006-I000077,commercial,0
CTRL-006,CTRL-006-I000078,commercial,0
CTRL-006,CTRL-006-I000079,commercial,0
CTRL-006,CTRL-006-I000080,private-client,0
CTRL-006,CTRL-006-I000081,retail-branch,0
CTRL-006,CTRL-006-I000082,private-client,0
CTRL-006,CTRL-006-I000083,retail-branch,1
CTRL-006,CTRL-006-I000084,private-client,0
CTRL-006,CTRL-006-I000085,commercial,0
CTRL-006,CTRL-006-I000086,commercial,0
CTRL-006,CTRL-006-I000087,commercial,0
CTRL-006,CTRL-006-I000088,retail-branch,0
CTRL-006,CTRL-006-I000089,commercial,0
CTRL-006,CTRL-006-I000090,private-client,1
CTRL-006,CTRL-006-I000091,private-client,1
CTRL-006,CTRL-006-I000092,private-client,0
CTRL-006,CTRL-006-I000093,retail-branch,0
CTRL-006,CTRL-006-I000094,commercial,0
CTRL-006,CTRL-006-I000095,retail-branch,0
CTRL-006,CTRL-006-I000096,private-client,0
CTRL-006,CTRL-006-I000097,retail-branch,0
CTRL-006,CTRL-006-I000098,commercial,0
CTRL-006,CTRL-006-I000099,commercial,0
CTRL-006,CTRL-006-I000100,commercial,0
CTRL-006,CTRL-006-I000101,commercial,0
CTRL-006,CTRL-006-I000102,commercial,0
CTRL-006,CTRL-006-I000103,private-client,0
CTRL-006,CTRL-006-I000104,commercial,0
CTRL-006,CTRL-006-I000105,retail-branch,0
CTRL-006,CTRL-006-I000106,commercial,0
CTRL-006,CTRL-006-I000107,private-client,0
CTRL-006,CTRL-006-I000108,commercial,0
CTRL-006,CTRL-006-I000109,private-client,0
CTRL-006,CTRL-006-I000110,private-client,0
CTRL-006,CTRL-006-I000111,commercial,0
CTRL-006,CTRL-006-I000112,private-client,0
CTRL-006,CTRL-006-I000113,private-client,0
CTRL-006,CTRL-006-I000114,retail-branch,1
CTRL-006,CTRL-006-I000115,private-client,0
CTRL-006,CTRL-006-I000116,retail-branch,0
CTRL-006,CTRL-006-I000117,commercial,0
CTRL-006,CTRL-006-I000118,private-client,1
CTRL-006,CTRL-006-I000119,private-client,0
CTRL-006,CTRL-006-I000120,private-client,0
CTRL-006,CTRL-006-I000121,commercial,0
CTRL-006,CTRL-006-I000122,commercial,0
CTRL-006,CTRL-006-I000123,private-client,0
CTRL-006,CTRL-006-I000124,private-client,0
CTRL-006,CTRL-006-I000125,retail-branch,0
CTRL-006,CTRL-006-I000126,commercial,0
CTRL-006,CTRL-006-I000127,commercial,0
CTRL-006,CTRL-006-I000128,private-client,0
CTRL-006,CTRL-006-I000129,private-client,0
CTRL-006,CTRL-006-I000130,retail-branch,0
CTRL-006,CTRL-006-I000131,retail-branch,0
CTRL-006,CTRL-006-I000132,retail-branch,0
CTRL-006,CTRL-006-I000133,commercial,0
CTRL-006,CTRL-006-I000134,private-client,0
CTRL-006,CTRL-006-I000135,private-client,0
CTRL-006,CTRL-006-I000136,private-client,0
CTRL-006,CTRL-006-I000137,commercial,0
CTRL-006,CTRL-006-I000138,commercial,0
CTRL-006,CTRL-006-I000139,private-client,1
CTRL-006,CTRL-006-I000140,private-client,0
CTRL-006,CTRL-006-I000141,commercial,0
CTRL-006,CTRL-006-I000142,commercial,0
CTRL-006,CTRL-006-I000143,retail-branch,0
CTRL-006,CTRL-006-I000144,private-client,0
CTRL-006,CTRL-006-I000145,commercial,0
CTRL-006,CTRL-006-I000146,private-client,0
CTRL-006,CTRL-006-I000147,commercial,0
CTRL-006,CTRL-006-I000148,commercial,0
CTRL-006,CTRL-006-I000149,commercial,0
CTRL-006,CTRL-006-I000150,private-client,0
CTRL-006,CTRL-006-I000151,commercial,0
CTRL-006,CTRL-006-I000152,retail-branch,0
CTRL-006,CTRL-006-I000153,retail-branch,0
CTRL-006,CTRL-006-I000154,private-client,0
CTRL-006,CTRL-006-I000155,retail-branch,0
CTRL-006,CTRL-006-I000156,commercial,0
CTRL-006,CTRL-006-I000157,commercial,0
CTRL-006,CTRL-006-I000158,private-client,0
CTRL-006,CTRL-006-I000159,private-client,0
CTRL-006,CTRL-006-I000160,commercial,0
CTRL-006,CTRL-006-I000161,private-client,0
CTRL-006,CTRL-006-I000162,private-client,0
CTRL-006,CTRL-006-I000163,commercial,0
CTRL-006,CTRL-006-I000164,private-client,1
CTRL-006,CTRL-006-I000165,retail-branch,0
CTRL-006,CTRL-006-I000166,commercial,0
CTRL-006,CTRL-006-I000167,private-client,0
CTRL-006,CTRL-006-I000168,private-client,0
CTRL-006,CTRL-006-I000169,commercial,0
CTRL-006,CTRL-006-I000170,commercial,0
CTRL-006,CTRL-006-I000171,private-client,0
CTRL-006,CTRL-006-I000172,commercial,0
CTRL-006,CTRL-006-I000173,private-client,0
CTRL-006,CTRL-006-I000174,commercial,0
CTRL-006,CTRL-006-I000175,private-client,0
CTRL-006,CTRL-006-I000176,private-client,0
CTRL-006,CTRL-006-I000177,private-client,0
CTRL-006,CTRL-006-I000178,commercial,0
CTRL-006,CTRL-006-I000179,retail-branch,0
CTRL-006,CTRL-006-I000180,commercial,0
CTRL-006,CTRL-006-I000181,commercial,0
CTRL-006,CTRL-006-I000182,commercial,0
CTRL-006,CTRL-006-I000183,commercial,0
CTRL-006,CTRL-006-I000184,commercial,0
CTRL-006,CTRL-006-I000185,commercial,0
CTRL-006,CTRL-006-I000186,commercial,0
CTRL-006,CTRL-006-I000187,private-client,0
CTRL-006,CTRL-006-I000188,commercial,1
CTRL-006,CTRL-006-I000189,retail-branch,0
CTRL-006,CTRL-006-I000190,private-client,0
CTRL-006,CTRL-006-I000191,commercial,0
CTRL-006,CTRL-006-I000192,private-client,0
CTRL-006,CTRL-006-I000193,private-client,0
CTRL-006,CTRL-006-I000194,retail-branch,0
CTRL-006,CTRL-006-I000195,private-client,0
CTRL-006,CTRL-006-I000196,private-client,0
CTRL-006,CTRL-006-I000197,commercial,0
CTRL-006,CTRL-006-I000198,retail-branch,0
CTRL-006,CTRL-006-I000199,commercial,0
CTRL-006,CTRL-006-I000200,retail-branch,0
CTRL-006,CTRL-006-I000201,commercial,0
CTRL-006,CTRL-006-I000202,commercial,0
CTRL-006,CTRL-006-I000203,commercial,0
CTRL-006,CTRL-006-I000204,retail-branch,0
CTRL-006,CTRL-006-I000205,private-client,0
CTRL-006,CTRL-006-I000206,commercial,0
CTRL-006,CTRL-006-I000207,commercial,0
CTRL-006,CTRL-006-I000208,commercial,0
CTRL-006,CTRL-006-I000209,commercial,0
CTRL-006,CTRL-006-I000210,private-client,0
CTRL-006,CTRL-006-I000211,private-client,0
CTRL-006,CTRL-006-I000212,retail-branch,0
CTRL-006,CTRL-006-I000213,retail-branch,0
CTRL-006,CTRL-006-I000214,private-client,0
CTRL-006,CTRL-006-I000215,private-client,0
CTRL-006,CTRL-006-I000216,commercial,0
CTRL-006,CTRL-006-I000217,commercial,0
CTRL-006,CTRL-006-I000218,private-client,0
CTRL-006,CTRL-006-I000219,commercial,0
CTRL-006,CTRL-006-I000220,private-client,0
CTRL-006,CTRL-006-I000221,retail-branch,0
CTRL-006,CTRL-006-I000222,private-client,0
CTRL-006,CTRL-006-I000223,private-client,0
CTRL-006,CTRL-006-I000224,commercial,0
CTRL-006,CTRL-006-I000225,retail-branch,0
CTRL-006,CTRL-006-I000226,retail-branch,0
CTRL-006,CTRL-006-I000227,private-client,0
CTRL-006,CTRL-006-I000228,commercial,0
CTRL-006,CTRL-006-I000229,commercial,1
CTRL-006,CTRL-006-I000230,private-client,0
CTRL-006,CTRL-006-I000231,private-client,0
CTRL-006,CTRL-006-I000232,private-client,0
CTRL-006,CTRL-006-I000233,commercial,0
CTRL-006,CTRL-006-I000234,retail-branch,0
CTRL-006,CTRL-006-I000235,retail-branch,0
CTRL-006,CTRL-006-I000236,retail-branch,0
CTRL-006,CTRL-006-I000237,private-client,0
CTRL-006,CTRL-006-I000238,private-client,0
CTRL-006,CTRL-006-I000239,commercial,0
CTRL-006,CTRL-006-I000240,private-client,0
CTRL-006,CTRL-006-I000241,private-client,0
CTRL-006,CTRL-006-I000242,commercial,0
CTRL-006,CTRL-006-I000243,commercial,0
CTRL-006,CTRL-006-I000244,commercial,0
CTRL-006,CTRL-006-I000245,commercial,0
CTRL-006,CTRL-006-I000246,private-client,0
CTRL-006,CTRL-006-I000247,retail-branch,0
CTRL-006,CTRL-006-I000248,private-client,0
CTRL-006,CTRL-006-I000249,commercial,1
CTRL-007,CTRL-007-I000000,retail-branch,0
CTRL-007,CTRL-007-I000001,commercial,1
CTRL-007,CTRL-007-I000002,digital-channel,1
CTRL-007,CTRL-007-I000003,private-client,0
CTRL-007,CTRL-007-I000004,commercial,0
CTRL-007,CTRL-007-I000005,digital-channel,1
CTRL-007,CTRL-007-I000006,digital-channel,1
CTRL-007,CTRL-007-I000007,retail-branch,0
CTRL-007,CTRL-007-I000008,private-client,0
CTRL-007,CTRL-007-I000009,commercial,0
CTRL-007,CTRL-007-I000010,digital-channel,1
CTRL-007,CTRL-007-I000011,commercial,0
CTRL-007,CTRL-007-I000012,private-client,0
CTRL-007,CTRL-007-I000013,retail-branch,0
CTRL-007,CTRL-007-I000014,private-client,0
CTRL-007,CTRL-007-I000015,retail-branch,0
CTRL-007,CTRL-007-I000016,private-client,0
CTRL-007,CTRL-007-I000017,retail-branch,0
CTRL-007,CTRL-007-I000018,private-client,1
CTRL-007,CTRL-007-I000019,private-client,0
CTRL-007,CTRL-007-I000020,digital-channel,1
CTRL-007,CTRL-007-I000021,digital-channel,1
CTRL-007,CTRL-007-I000022,retail-branch,0
CTRL-007,CTRL-007-I000023,retail-branch,0
CTRL-007,CTRL-007-I000024,retail-branch,0
CTRL-007,CTRL-007-I000025,digital-channel,1
CTRL-007,CTRL-007-I000026,private-client,0
CTRL-007,CTRL-007-I000027,private-client,0
CTRL-007,CTRL-007-I000028,private-client,0
CTRL-007,CTRL-007-I000029,digital-channel,1
CTRL-007,CTRL-007-I000030,digital-channel,1
CTRL-007,CTRL-007-I000031,commercial,0
CTRL-007,CTRL-007-I000032,private-client,0
CTRL-007,CTRL-007-I000033,commercial,0
CTRL-007,CTRL-007-I000034,digital-channel,1
CTRL-007,CTRL-007-I000035,private-client,0
CTRL-007,CTRL-007-I000036,private-client,0
CTRL-007,CTRL-007-I000037,digital-channel,1
CTRL-007,CTRL-007-I000038,digital-channel,1
CTRL-007,CTRL-007-I000039,commercial,0
CTRL-007,CTRL-007-I000040,retail-branch,0
CTRL-007,CTRL-007-I000041,digital-channel,1
CTRL-007,CTRL-007-I000042,retail-branch,1
CTRL-007,CTRL-007-I000043,private-client,0
CTRL-007,CTRL-007-I000044,digital-channel,1
CTRL-007,CTRL-007-I000045,commercial,0
CTRL-007,CTRL-007-I000046,commercial,0
CTRL-007,CTRL-007-I000047,commercial,0
CTRL-007,CTRL-007-I000048,retail-branch,0
CTRL-007,CTRL-007-I000049,commercial,0
CTRL-007,CTRL-007-I000050,retail-branch,0
CTRL-007,CTRL-007-I000051,commercial,0
CTRL-007,CTRL-007-I000052,digital-channel,1
CTRL-007,CTRL-007-I000053,private-client,0
CTRL-007,CTRL-007-I000054,commercial,0
CTRL-007,CTRL-007-I000055,private-client,0
CTRL-007,CTRL-007-I000056,private-client,0
CTRL-007,CTRL-007-I000057,commercial,0
CTRL-007,CTRL-007-I000058,retail-branch,1
CTRL-007,CTRL-007-I000059,digital-channel,1
CTRL-007,CTRL-007-I000060,private-client,0
CTRL-007,CTRL-007-I000061,digital-channel,1
CTRL-007,CTRL-007-I000062,retail-branch,0
CTRL-007,CTRL-007-I000063,commercial,1
CTRL-007,CTRL-007-I000064,private-client,0
CTRL-007,CTRL-007-I000065,private-client,0
CTRL-007,CTRL-007-I000066,digital-channel,1
CTRL-007,CTRL-007-I000067,private-client,0
CTRL-007,CTRL-007-I000068,retail-branch,0
CTRL-007,CTRL-007-I000069,private-client,0
CTRL-007,CTRL-007-I000070,retail-branch,0
CTRL-007,CTRL-007-I000071,private-client,0
CTRL-007,CTRL-007-I000072,commercial,0
CTRL-007,CTRL-007-I000073,retail-branch,0
CTRL-007,CTRL-007-I000074,commercial,0
CTRL-007,CTRL-007-I000075,private-client,0
CTRL-007,CTRL-007-I000076,private-client,0
CTRL-007,CTRL-007-I000077,digital-channel,1
CTRL-007,CTRL-007-I000078,retail-branch,0
CTRL-007,CTRL-007-I000079,digital-channel,1
CTRL-007,CTRL-007-I000080,private-client,0
CTRL-007,CTRL-007-I000081,private-client,0
CTRL-007,CTRL-007-I000082,commercial,0
CTRL-007,CTRL-007-I000083,digital-channel,1
CTRL-007,CTRL-007-I000084,digital-channel,1
CTRL-007,CTRL-007-I000085,digital-channel,1
CTRL-007,CTRL-007-I000086,retail-branch,0
CTRL-007,CTRL-007-I000087,commercial,0
CTRL-007,CTRL-007-I000088,private-client,0
CTRL-007,CTRL-007-I000089,retail-branch,0
CTRL-007,CTRL-007-I000090,digital-channel,1
CTRL-007,CTRL-007-I000091,retail-branch,0
CTRL-007,CTRL-007-I000092,digital-channel,1
CTRL-007,CTRL-007-I000093,digital-channel,1
CTRL-007,CTRL-007-I000094,private-client,0
CTRL-007,CTRL-007-I000095,private-client,0
CTRL-007,CTRL-007-I000096,commercial,0
CTRL-007,CTRL-007-I000097,commercial,0
CTRL-007,CTRL-007-I000098,private-client,0
CTRL-007,CTRL-007-I000099,private-client,0
CTRL-007,CTRL-007-I000100,retail-branch,0
CTRL-007,CTRL-007-I000101,commercial,0
CTRL-007,CTRL-007-I000102,private-client,0
CTRL-007,CTRL-007-I000103,retail-branch,0
CTRL-007,CTRL-007-I000104,commercial,0
CTRL-007,CTRL-007-I000105,digital-channel,1
CTRL-007,CTRL-007-I000106,private-client,0
CTRL-007,CTRL-007-I000107,private-client,0
CTRL-007,CTRL-007-I000108,private-client,0
CTRL-007,CTRL-007-I000109,private-client,0
CTRL-007,CTRL-007-I000110,private-client,0
CTRL-007,CTRL-007-I000111,retail-branch,0
CTRL-007,CTRL-007-I000112,private-client,0
CTRL-007,CTRL-007-I000113,private-client,0
CTRL-007,CTRL-007-I000114,retail-branch,0
CTRL-007,CTRL-007-I000115,digital-channel,1
CTRL-007,CTRL-007-I000116,retail-branch,0
CTRL-007,CTRL-007-I000117,digital-channel,1
CTRL-007,CTRL-007-I000118,commercial,0
CTRL-007,CTRL-007-I000119,commercial,0
CTRL-007,CTRL-007-I000120,digital-channel,1
CTRL-007,CTRL-007-I000121,commercial,0
CTRL-007,CTRL-007-I000122,commercial,0
CTRL-007,CTRL-007-I000123,digital-channel,1
CTRL-007,CTRL-007-I000124,private-client,0
CTRL-007,CTRL-007-I000125,retail-branch,0
CTRL-007,CTRL-007-I000126,private-client,0
CTRL-007,CTRL-007-I000127,commercial,0
CTRL-007,CTRL-007-I000128,commercial,0
CTRL-007,CTRL-007-I000129,private-client,0
CTRL-007,CTRL-007-I000130,commercial,0
CTRL-007,CTRL-007-I000131,digital-channel,1
CTRL-007,CTRL-007-I000132,digital-channel,1
CTRL-007,CTRL-007-I000133,digital-channel,1
CTRL-007,CTRL-007-I000134,private-client,0
CTRL-007,CTRL-007-I000135,private-client,0
CTRL-007,CTRL-007-I000136,private-client,0
CTRL-007,CTRL-007-I000137,commercial,0
CTRL-007,CTRL-007-I000138,private-client,0
CTRL-007,CTRL-007-I000139,digital-channel,1
CTRL-007,CTRL-007-I000140,digital-channel,1
CTRL-007,CTRL-007-I000141,private-client,0
CTRL-007,CTRL-007-I000142,private-client,0
CTRL-007,CTRL-007-I000143,private-client,0
CTRL-007,CTRL-007-I000144,commercial,0
CTRL-007,CTRL-007-I000145,digital-channel,1
CTRL-007,CTRL-007-I000146,digital-channel,1
CTRL-007,CTRL-007-I000147,private-client,0
CTRL-007,CTRL-007-I000148,private-client,0
CTRL-007,CTRL-007-I000149,retail-branch,0
CTRL-007,CTRL-007-I000150,commercial,0
CTRL-007,CTRL-007-I000151,private-client,0
CTRL-007,CTRL-007-I000152,commercial,0
CTRL-007,CTRL-007-I000153,retail-branch,0
CTRL-007,CTRL-007-I000154,retail-branch,0
CTRL-007,CTRL-007-I000155,digital-channel,1
CTRL-007,CTRL-007-I000156,commercial,0
CTRL-007,CTRL-007-I000157,private-client,0
CTRL-007,CTRL-007-I000158,private-client,1
CTRL-007,CTRL-007-I000159,digital-channel,1
CTRL-007,CTRL-007-I000160,private-client,0
CTRL-007,CTRL-007-I000161,private-client,0
CTRL-007,CTRL-007-I000162,commercial,0
CTRL-007,CTRL-007-I000163,private-client,0
CTRL-007,CTRL-007-I000164,commercial,0
CTRL-007,CTRL-007-I000165,digital-channel,1
CTRL-007,CTRL-007-I000166,retail-branch,0
CTRL-007,CTRL-007-I000167,commercial,0
CTRL-007,CTRL-007-I000168,retail-branch,0
CTRL-007,CTRL-007-I000169,private-client,0
CTRL-007,CTRL-007-I000170,commercial,0
CTRL-007,CTRL-007-I000171,commercial,0
CTRL-007,CTRL-007-I000172,digital-channel,1
CTRL-007,CTRL-007-I000173,commercial,0
CTRL-007,CTRL-007-I000174,commercial,0
CTRL-007,CTRL-007-I000175,retail-branch,1
CTRL-007,CTRL-007-I000176,commercial,0
CTRL-007,CTRL-007-I000177,digital-channel,1
CTRL-007,CTRL-007-I000178,retail-branch,0
CTRL-007,CTRL-007-I000179,commercial,0
CTRL-007,CTRL-007-I000180,retail-branch,0
CTRL-007,CTRL-007-I000181,private-client,0
CTRL-007,CTRL-007-I000182,private-client,0
CTRL-007,CTRL-007-I000183,private-client,0
CTRL-007,CTRL-007-I000184,retail-branch,0
CTRL-007,CTRL-007-I000185,digital-channel,1
CTRL-007,CTRL-007-I000186,private-client,0
CTRL-007,CTRL-007-I000187,private-client,0
CTRL-007,CTRL-007-I000188,commercial,0
CTRL-007,CTRL-007-I000189,private-client,0
CTRL-007,CTRL-007-I000190,digital-channel,1
CTRL-007,CTRL-007-I000191,retail-branch,0
CTRL-007,CTRL-007-I000192,digital-channel,1
CTRL-007,CTRL-007-I000193,private-client,1
CTRL-007,CTRL-007-I000194,commercial,0
CTRL-007,CTRL-007-I000195,digital-channel,1
CTRL-007,CTRL-007-I000196,digital-channel,1
CTRL-007,CTRL-007-I000197,digital-channel,1
CTRL-007,CTRL-007-I000198,retail-branch,0
CTRL-007,CTRL-007-I000199,private-client,0
CTRL-007,CTRL-007-I000200,digital-channel,1
CTRL-007,CTRL-007-I000201,digital-channel,1
CTRL-007,CTRL-007-I000202,retail-branch,0
CTRL-007,CTRL-007-I000203,private-client,0
CTRL-007,CTRL-007-I000204,digital-channel,1
CTRL-007,CTRL-007-I000205,private-client,0
CTRL-007,CTRL-007-I000206,private-client,0
CTRL-007,CTRL-007-I000207,private-client,0
CTRL-007,CTRL-007-I000208,commercial,0
CTRL-007,CTRL-007-I000209,digital-channel,1
CTRL-007,CTRL-007-I000210,commercial,0
CTRL-007,CTRL-007-I000211,private-client,1
CTRL-007,CTRL-007-I000212,retail-branch,0
CTRL-007,CTRL-007-I000213,commercial,0
CTRL-007,CTRL-007-I000214,commercial,0
CTRL-007,CTRL-007-I000215,retail-branch,0
CTRL-007,CTRL-007-I000216,digital-channel,1
CTRL-007,CTRL-007-I000217,private-client,0
CTRL-007,CTRL-007-I000218,commercial,0
CTRL-007,CTRL-007-I000219,commercial,0
CTRL-007,CTRL-007-I000220,private-client,0
CTRL-007,CTRL-007-I000221,commercial,0
CTRL-007,CTRL-007-I000222,digital-channel,1
CTRL-007,CTRL-007-I000223,private-client,0
CTRL-007,CTRL-007-I000224,digital-channel,1
CTRL-007,CTRL-007-I000225,digital-channel,1
CTRL-007,CTRL-007-I000226,digital-channel,1
CTRL-007,CTRL-007-I000227,digital-channel,1
CTRL-007,CTRL-007-I000228,private-client,0
CTRL-007,CTRL-007-I000229,digital-channel,1
CTRL-007,CTRL-007-I000230,commercial,0
CTRL-007,CTRL-007-I000231,commercial,0
CTRL-007,CTRL-007-I000232,retail-branch,0
CTRL-007,CTRL-007-I000233,private-client,0
CTRL-007,CTRL-007-I000234,digital-channel,1
CTRL-007,CTRL-007-I000235,private-client,0
CTRL-007,CTRL-007-I000236,commercial,0
CTRL-007,CTRL-007-I000237,private-client,0
CTRL-007,CTRL-007-I000238,commercial,0
CTRL-007,CTRL-007-I000239,private-client,0
CTRL-007,CTRL-007-I000240,retail-branch,0
CTRL-007,CTRL-007-I000241,commercial,1
CTRL-007,CTRL-007-I000242,retail-branch,0
CTRL-007,CTRL-007-I000243,retail-branch,0
CTRL-007,CTRL-007-I000244,private-client,0
CTRL-007,CTRL-007-I000245,digital-channel,1
CTRL-007,CTRL-007-I000246,retail-branch,0
CTRL-007,CTRL-007-I000247,commercial,0
CTRL-007,CTRL-007-I000248,private-client,0
CTRL-007,CTRL-007-I000249,commercial,0
CTRL-008,CTRL-008-I000000,commercial,0
CTRL-008,CTRL-008-I000001,private-client,0
CTRL-008,CTRL-008-I000002,commercial,0
CTRL-008,CTRL-008-I000003,private-client,0
CTRL-008,CTRL-008-I000004,retail-branch,0
CTRL-008,CTRL-008-I000005,commercial,0
CTRL-008,CTRL-008-I000006,commercial,0
CTRL-008,CTRL-008-I000007,retail-branch,0
CTRL-008,CTRL-008-I000008,private-client,0
CTRL-008,CTRL-008-I000009,digital-channel,0
CTRL-008,CTRL-008-I000010,retail-branch,0
CTRL-008,CTRL-008-I000011,private-client,0
CTRL-008,CTRL-008-I000012,retail-branch,0
CTRL-008,CTRL-008-I000013,private-client,0
CTRL-008,CTRL-008-I000014,retail-branch,0
CTRL-008,CTRL-008-I000015,retail-branch,0
CTRL-008,CTRL-008-I000016,commercial,0
CTRL-008,CTRL-008-I000017,private-client,0
CTRL-008,CTRL-008-I000018,digital-channel,0
CTRL-008,CTRL-008-I000019,digital-channel,0
CTRL-008,CTRL-008-I000020,commercial,0
CTRL-008,CTRL-008-I000021,digital-channel,0
CTRL-008,CTRL-008-I000022,commercial,0
CTRL-008,CTRL-008-I000023,private-client,0
CTRL-008,CTRL-008-I000024,private-client,0
CTRL-008,CTRL-008-I000025,private-client,0
CTRL-008,CTRL-008-I000026,private-client,0
CTRL-008,CTRL-008-I000027,commercial,0
CTRL-008,CTRL-008-I000028,private-client,0
CTRL-008,CTRL-008-I000029,retail-branch,0
CTRL-008,CTRL-008-I000030,private-client,0
CTRL-008,CTRL-008-I000031,commercial,0
CTRL-008,CTRL-008-I000032,digital-channel,0
CTRL-008,CTRL-008-I000033,commercial,0
CTRL-008,CTRL-008-I000034,commercial,0
CTRL-008,CTRL-008-I000035,private-client,0
CTRL-008,CTRL-008-I000036,retail-branch,0
CTRL-008,CTRL-008-I000037,private-client,0
CTRL-008,CTRL-008-I000038,retail-branch,0
CTRL-008,CTRL-008-I000039,private-client,0
CTRL-008,CTRL-008-I000040,commercial,0
CTRL-008,CTRL-008-I000041,retail-branch,0
CTRL-008,CTRL-008-I000042,private-client,0
CTRL-008,CTRL-008-I000043,retail-branch,0
CTRL-008,CTRL-008-I000044,private-client,0
CTRL-008,CTRL-008-I000045,private-client,0
CTRL-008,CTRL-008-I000046,commercial,0
CTRL-008,CTRL-008-I000047,private-client,0
CTRL-008,CTRL-008-I000048,retail-branch,0
CTRL-008,CTRL-008-I000049,private-client,0
CTRL-008,CTRL-008-I000050,commercial,0
CTRL-008,CTRL-008-I000051,retail-branch,0
CTRL-008,CTRL-008-I000052,private-client,0
CTRL-008,CTRL-008-I000053,digital-channel,0
CTRL-008,CTRL-008-I000054,digital-channel,0
CTRL-008,CTRL-008-I000055,retail-branch,0
CTRL-008,CTRL-008-I000056,private-client,0
CTRL-008,CTRL-008-I000057,digital-channel,0
CTRL-008,CTRL-008-I000058,retail-branch,0
CTRL-008,CTRL-008-I000059,digital-channel,0
CTRL-008,CTRL-008-I000060,private-client,0
CTRL-008,CTRL-008-I000061,digital-channel,0
CTRL-008,CTRL-008-I000062,retail-branch,0
CTRL-008,CTRL-008-I000063,retail-branch,0
CTRL-008,CTRL-008-I000064,retail-branch,0
CTRL-008,CTRL-008-I000065,private-client,0
CTRL-008,CTRL-008-I000066,digital-channel,0
CTRL-008,CTRL-008-I000067,digital-channel,0
CTRL-008,CTRL-008-I000068,private-client,0
CTRL-008,CTRL-008-I000069,retail-branch,0
CTRL-008,CTRL-008-I000070,commercial,0
CTRL-008,CTRL-008-I000071,private-client,0
CTRL-008,CTRL-008-I000072,private-client,0
CTRL-008,CTRL-008-I000073,digital-channel,0
CTRL-008,CTRL-008-I000074,commercial,0
CTRL-008,CTRL-008-I000075,private-client,0
CTRL-008,CTRL-008-I000076,commercial,0
CTRL-008,CTRL-008-I000077,private-client,0
CTRL-008,CTRL-008-I000078,private-client,0
CTRL-008,CTRL-008-I000079,digital-channel,0
CTRL-008,CTRL-008-I000080,commercial,0
CTRL-008,CTRL-008-I000081,retail-branch,0
CTRL-008,CTRL-008-I000082,digital-channel,0
CTRL-008,CTRL-008-I000083,commercial,0
CTRL-008,CTRL-008-I000084,digital-channel,0
CTRL-008,CTRL-008-I000085,private-client,0
CTRL-008,CTRL-008-I000086,digital-channel,0
CTRL-008,CTRL-008-I000087,private-client,0
CTRL-008,CTRL-008-I000088,private-client,0
CTRL-008,CTRL-008-I000089,private-client,0
CTRL-008,CTRL-008-I000090,retail-branch,0
CTRL-008,CTRL-008-I000091,digital-channel,0
CTRL-008,CTRL-008-I000092,commercial,0
CTRL-008,CTRL-008-I000093,private-client,0
CTRL-008,CTRL-008-I000094,private-client,0
CTRL-008,CTRL-008-I000095,commercial,0
CTRL-008,CTRL-008-I000096,private-client,0
CTRL-008,CTRL-008-I000097,digital-channel,0
CTRL-008,CTRL-008-I000098,retail-branch,0
CTRL-008,CTRL-008-I000099,private-client,0
CTRL-008,CTRL-008-I000100,private-client,0
CTRL-008,CTRL-008-I000101,digital-channel,0
CTRL-008,CTRL-008-I000102,commercial,0
CTRL-008,CTRL-008-I000103,retail-branch,0
CTRL-008,CTRL-008-I000104,commercial,0
CTRL-008,CTRL-008-I000105,commercial,0
CTRL-008,CTRL-008-I000106,retail-branch,0
CTRL-008,CTRL-008-I000107,retail-branch,0
CTRL-008,CTRL-008-I000108,commercial,0
CTRL-008,CTRL-008-I000109,private-client,0
CTRL-008,CTRL-008-I000110,retail-branch,0
CTRL-008,CTRL-008-I000111,retail-branch,0
CTRL-008,CTRL-008-I000112,private-client,0
CTRL-008,CTRL-008-I000113,private-client,0
CTRL-008,CTRL-008-I000114,commercial,0
CTRL-008,CTRL-008-I000115,digital-channel,0
CTRL-008,CTRL-008-I000116,private-client,0
CTRL-008,CTRL-008-I000117,retail-branch,0
CTRL-008,CTRL-008-I000118,retail-branch,0
CTRL-008,CTRL-008-I000119,digital-channel,0
CTRL-008,CTRL-008-I000120,private-client,0
CTRL-008,CTRL-008-I000121,commercial,0
CTRL-008,CTRL-008-I000122,digital-channel,0
CTRL-008,CTRL-008-I000123,digital-channel,0
CTRL-008,CTRL-008-I000124,private-client,0
CTRL-008,CTRL-008-I000125,private-client,0
CTRL-008,CTRL-008-I000126,retail-branch,0
CTRL-008,CTRL-008-I000127,digital-channel,0
CTRL-008,CTRL-008-I000128,private-client,0
CTRL-008,CTRL-008-I000129,digital-channel,0
CTRL-008,CTRL-008-I000130,retail-branch,0
CTRL-008,CTRL-008-I000131,commercial,0
CTRL-008,CTRL-008-I000132,private-client,0
CTRL-008,CTRL-008-I000133,commercial,0
CTRL-008,CTRL-008-I000134,digital-channel,0
CTRL-008,CTRL-008-I000135,commercial,0
CTRL-008,CTRL-008-I000136,retail-branch,0
CTRL-008,CTRL-008-I000137,retail-branch,0
CTRL-008,CTRL-008-I000138,private-client,0
CTRL-008,CTRL-008-I000139,commercial,0
CTRL-008,CTRL-008-I000140,retail-branch,0
CTRL-008,CTRL-008-I000141,private-client,0
CTRL-008,CTRL-008-I000142,private-client,0
CTRL-008,CTRL-008-I000143,private-client,0
CTRL-008,CTRL-008-I000144,private-client,0
CTRL-008,CTRL-008-I000145,digital-channel,0
CTRL-008,CTRL-008-I000146,private-client,0
CTRL-008,CTRL-008-I000147,retail-branch,0
CTRL-008,CTRL-008-I000148,commercial,0
CTRL-008,CTRL-008-I000149,digital-channel,0
CTRL-008,CTRL-008-I000150,digital-channel,0
CTRL-008,CTRL-008-I000151,private-client,0
CTRL-008,CTRL-008-I000152,digital-channel,0
CTRL-008,CTRL-008-I000153,commercial,0
CTRL-008,CTRL-008-I000154,commercial,0
CTRL-008,CTRL-008-I000155,private-client,0
CTRL-008,CTRL-008-I000156,retail-branch,0
CTRL-008,CTRL-008-I000157,private-client,0
CTRL-008,CTRL-008-I000158,private-client,0
CTRL-008,CTRL-008-I000159,private-client,0
CTRL-008,CTRL-008-I000160,private-client,0
CTRL-008,CTRL-008-I000161,digital-channel,0
CTRL-008,CTRL-008-I000162,retail-branch,0
CTRL-008,CTRL-008-I000163,commercial,0
CTRL-008,CTRL-008-I000164,retail-branch,0
CTRL-008,CTRL-008-I000165,digital-channel,0
CTRL-008,CTRL-008-I000166,digital-channel,0
CTRL-008,CTRL-008-I000167,commercial,0
CTRL-008,CTRL-008-I000168,commercial,0
CTRL-008,CTRL-008-I000169,private-client,0
CTRL-008,CTRL-008-I000170,private-client,0
CTRL-008,CTRL-008-I000171,private-client,0
CTRL-008,CTRL-008-I000172,digital-channel,0
CTRL-008,CTRL-008-I000173,commercial,0
CTRL-008,CTRL-008-I000174,private-client,0
CTRL-008,CTRL-008-I000175,digital-channel,0
CTRL-008,CTRL-008-I000176,private-client,0
CTRL-008,CTRL-008-I000177,retail-branch,0
CTRL-008,CTRL-008-I000178,digital-channel,0
CTRL-008,CTRL-008-I000179,digital-channel,0
CTRL-008,CTRL-008-I000180,digital-channel,0
CTRL-008,CTRL-008-I000181,digital-channel,0
CTRL-008,CTRL-008-I000182,digital-channel,0
CTRL-008,CTRL-008-I000183,digital-channel,0
CTRL-008,CTRL-008-I000184,private-client,0
CTRL-008,CTRL-008-I000185,private-client,0
CTRL-008,CTRL-008-I000186,retail-branch,0
CTRL-008,CTRL-008-I000187,retail-branch,0
CTRL-008,CTRL-008-I000188,digital-channel,0
CTRL-008,CTRL-008-I000189,digital-channel,0
CTRL-008,CTRL-008-I000190,digital-channel,0
CTRL-008,CTRL-008-I000191,retail-branch,0
CTRL-008,CTRL-008-I000192,commercial,0
CTRL-008,CTRL-008-I000193,private-client,0
CTRL-008,CTRL-008-I000194,retail-branch,0
CTRL-008,CTRL-008-I000195,digital-channel,0
CTRL-008,CTRL-008-I000196,digital-channel,0
CTRL-008,CTRL-008-I000197,private-client,0
CTRL-008,CTRL-008-I000198,private-client,0
CTRL-008,CTRL-008-I000199,digital-channel,0
CTRL-008,CTRL-008-I000200,digital-channel,0
CTRL-008,CTRL-008-I000201,digital-channel,0
CTRL-008,CTRL-008-I000202,private-client,0
CTRL-008,CTRL-008-I000203,digital-channel,0
CTRL-008,CTRL-008-I000204,private-client,0
CTRL-008,CTRL-008-I000205,commercial,0
CTRL-008,CTRL-008-I000206,digital-channel,0
CTRL-008,CTRL-008-I000207,commercial,0
CTRL-008,CTRL-008-I000208,private-client,0
CTRL-008,CTRL-008-I000209,commercial,0
CTRL-008,CTRL-008-I000210,private-client,0
CTRL-008,CTRL-008-I000211,retail-branch,0
CTRL-008,CTRL-008-I000212,commercial,0
CTRL-008,CTRL-008-I000213,private-client,0
CTRL-008,CTRL-008-I000214,commercial,0
CTRL-008,CTRL-008-I000215,digital-channel,0
CTRL-008,CTRL-008-I000216,digital-channel,0
CTRL-008,CTRL-008-I000217,commercial,0
CTRL-008,CTRL-008-I000218,retail-branch,0
CTRL-008,CTRL-008-I000219,retail-branch,0
CTRL-008,CTRL-008-I000220,digital-channel,0
CTRL-008,CTRL-008-I000221,private-client,0
CTRL-008,CTRL-008-I000222,commercial,0
CTRL-008,CTRL-008-I000223,commercial,0
CTRL-008,CTRL-008-I000224,retail-branch,0
CTRL-008,CTRL-008-I000225,digital-channel,0
CTRL-008,CTRL-008-I000226,commercial,0
CTRL-008,CTRL-008-I000227,retail-branch,0
CTRL-008,CTRL-008-I000228,retail-branch,0
CTRL-008,CTRL-008-I000229,retail-branch,0
CTRL-008,CTRL-008-I000230,digital-channel,0
CTRL-008,CTRL-008-I000231,digital-channel,0
CTRL-008,CTRL-008-I000232,retail-branch,0
CTRL-008,CTRL-008-I000233,retail-branch,0
CTRL-008,CTRL-008-I000234,private-client,0
CTRL-008,CTRL-008-I000235,digital-channel,0
CTRL-008,CTRL-008-I000236,commercial,0
CTRL-008,CTRL-008-I000237,private-client,0
CTRL-008,CTRL-008-I000238,private-client,0
CTRL-008,CTRL-008-I000239,digital-channel,0
CTRL-008,CTRL-008-I000240,private-client,0
CTRL-008,CTRL-008-I000241,commercial,0
CTRL-008,CTRL-008-I000242,private-client,0
CTRL-008,CTRL-008-I000243,digital-channel,0
CTRL-008,CTRL-008-I000244,retail-branch,0
CTRL-008,CTRL-008-I000245,commercial,0
CTRL-008,CTRL-008-I000246,digital-channel,0
CTRL-008,CTRL-008-I000247,retail-branch,0
CTRL-008,CTRL-008-I000248,private-client,0
CTRL-008,CTRL-008-I000249,digital-channel,0
CTRL-009,CTRL-009-I000000,operations,1
CTRL-009,CTRL-009-I000001,commercial,0
CTRL-009,CTRL-009-I000002,operations,1
CTRL-009,CTRL-009-I000003,operations,0
CTRL-009,CTRL-009-I000004,operations,0
CTRL-009,CTRL-009-I000005,commercial,1
CTRL-009,CTRL-009-I000006,digital-channel,0
CTRL-009,CTRL-009-I000007,operations,1
CTRL-009,CTRL-009-I000008,operations,0
CTRL-009,CTRL-009-I000009,operations,0
CTRL-009,CTRL-009-I000010,operations,1
CTRL-009,CTRL-009-I000011,digital-channel,1
CTRL-009,CTRL-009-I000012,digital-channel,1
CTRL-009,CTRL-009-I000013,operations,0
CTRL-009,CTRL-009-I000014,digital-channel,0
CTRL-009,CTRL-009-I000015,commercial,1
CTRL-009,CTRL-009-I000016,operations,0
CTRL-009,CTRL-009-I000017,digital-channel,1
CTRL-009,CTRL-009-I000018,digital-channel,0
CTRL-009,CTRL-009-I000019,digital-channel,1
CTRL-009,CTRL-009-I000020,operations,0
CTRL-009,CTRL-009-I000021,digital-channel,0
CTRL-009,CTRL-009-I000022,commercial,0
CTRL-009,CTRL-009-I000023,digital-channel,1
CTRL-009,CTRL-009-I000024,operations,0
CTRL-009,CTRL-009-I000025,digital-channel,0
CTRL-009,CTRL-009-I000026,operations,1
CTRL-009,CTRL-009-I000027,operations,0
CTRL-009,CTRL-009-I000028,operations,0
CTRL-009,CTRL-009-I000029,commercial,1
CTRL-009,CTRL-009-I000030,commercial,0
CTRL-009,CTRL-009-I000031,digital-channel,0
CTRL-009,CTRL-009-I000032,digital-channel,0
CTRL-009,CTRL-009-I000033,digital-channel,1
CTRL-009,CTRL-009-I000034,commercial,0
CTRL-009,CTRL-009-I000035,operations,0
CTRL-009,CTRL-009-I000036,digital-channel,0
CTRL-009,CTRL-009-I000037,commercial,1
CTRL-009,CTRL-009-I000038,commercial,1
CTRL-009,CTRL-009-I000039,operations,0
CTRL-009,CTRL-009-I000040,operations,0
CTRL-009,CTRL-009-I000041,digital-channel,0
CTRL-009,CTRL-009-I000042,operations,1
CTRL-009,CTRL-009-I000043,operations,0
CTRL-009,CTRL-009-I000044,digital-channel,0
CTRL-009,CTRL-009-I000045,digital-channel,0
CTRL-009,CTRL-009-I000046,digital-channel,1
CTRL-009,CTRL-009-I000047,digital-channel,0
CTRL-009,CTRL-009-I000048,operations,0
CTRL-009,CTRL-009-I000049,operations,0
CTRL-009,CTRL-009-I000050,digital-channel,0
CTRL-009,CTRL-009-I000051,operations,0
CTRL-009,CTRL-009-I000052,commercial,0
CTRL-009,CTRL-009-I000053,digital-channel,0
CTRL-009,CTRL-009-I000054,commercial,1
CTRL-009,CTRL-009-I000055,operations,0
CTRL-009,CTRL-009-I000056,commercial,1
CTRL-009,CTRL-009-I000057,operations,1
CTRL-009,CTRL-009-I000058,digital-channel,0
CTRL-009,CTRL-009-I000059,digital-channel,0
CTRL-009,CTRL-009-I000060,commercial,1
CTRL-009,CTRL-009-I000061,operations,0
CTRL-009,CTRL-009-I000062,operations,0
CTRL-009,CTRL-009-I000063,operations,0
CTRL-009,CTRL-009-I000064,digital-channel,0
CTRL-009,CTRL-009-I000065,operations,1
CTRL-009,CTRL-009-I000066,digital-channel,1
CTRL-009,CTRL-009-I000067,digital-channel,1
CTRL-009,CTRL-009-I000068,operations,0
CTRL-009,CTRL-009-I000069,commercial,0
CTRL-009,CTRL-009-I000070,operations,0
CTRL-009,CTRL-009-I000071,digital-channel,0
CTRL-009,CTRL-009-I000072,digital-channel,1
CTRL-009,CTRL-009-I000073,operations,1
CTRL-009,CTRL-009-I000074,commercial,0
CTRL-009,CTRL-009-I000075,operations,0
CTRL-009,CTRL-009-I000076,commercial,0
CTRL-009,CTRL-009-I000077,operations,0
CTRL-009,CTRL-009-I000078,operations,0
CTRL-009,CTRL-009-I000079,digital-channel,0
CTRL-009,CTRL-009-I000080,digital-channel,1
CTRL-009,CTRL-009-I000081,operations,0
CTRL-009,CTRL-009-I000082,operations,0
CTRL-009,CTRL-009-I000083,digital-channel,1
CTRL-009,CTRL-009-I000084,commercial,0
CTRL-009,CTRL-009-I000085,commercial,0
CTRL-009,CTRL-009-I000086,digital-channel,0
CTRL-009,CTRL-009-I000087,operations,0
CTRL-009,CTRL-009-I000088,operations,0
CTRL-009,CTRL-009-I000089,commercial,1
CTRL-009,CTRL-009-I000090,operations,0
CTRL-009,CTRL-009-I000091,digital-channel,0
CTRL-009,CTRL-009-I000092,digital-channel,0
CTRL-009,CTRL-009-I000093,digital-channel,0
CTRL-009,CTRL-009-I000094,digital-channel,0
CTRL-009,CTRL-009-I000095,operations,0
CTRL-009,CTRL-009-I000096,commercial,0
CTRL-009,CTRL-009-I000097,operations,0
CTRL-009,CTRL-009-I000098,digital-channel,0
CTRL-009,CTRL-009-I000099,commercial,0
CTRL-009,CTRL-009-I000100,operations,0
CTRL-009,CTRL-009-I000101,digital-channel,1
CTRL-009,CTRL-009-I000102,digital-channel,0
CTRL-009,CTRL-009-I000103,operations,1
CTRL-009,CTRL-009-I000104,operations,1
CTRL-009,CTRL-009-I000105,commercial,0
CTRL-009,CTRL-009-I000106,commercial,0
CTRL-009,CTRL-009-I000107,digital-channel,1
CTRL-009,CTRL-009-I000108,digital-channel,0
CTRL-009,CTRL-009-I000109,commercial,1
CTRL-009,CTRL-009-I000110,operations,1
CTRL-009,CTRL-009-I000111,digital-channel,0
CTRL-009,CTRL-009-I000112,digital-channel,0
CTRL-009,CTRL-009-I000113,digital-channel,0
CTRL-009,CTRL-009-I000114,operations,0
CTRL-009,CTRL-009-I000115,digital-channel,0
CTRL-009,CTRL-009-I000116,digital-channel,0
CTRL-009,CTRL-009-I000117,operations,0
CTRL-009,CTRL-009-I000118,digital-channel,0
CTRL-009,CTRL-009-I000119,operations,0
CTRL-009,CTRL-009-I000120,operations,0
CTRL-009,CTRL-009-I000121,operations,1
CTRL-009,CTRL-009-I000122,digital-channel,1
CTRL-009,CTRL-009-I000123,operations,1
CTRL-009,CTRL-009-I000124,operations,0
CTRL-009,CTRL-009-I000125,digital-channel,1
CTRL-009,CTRL-009-I000126,operations,1
CTRL-009,CTRL-009-I000127,digital-channel,0
CTRL-009,CTRL-009-I000128,digital-channel,0
CTRL-009,CTRL-009-I000129,operations,0
CTRL-009,CTRL-009-I000130,operations,0
CTRL-009,CTRL-009-I000131,operations,1
CTRL-009,CTRL-009-I000132,digital-channel,0
CTRL-009,CTRL-009-I000133,operations,0
CTRL-009,CTRL-009-I000134,digital-channel,0
CTRL-009,CTRL-009-I000135,digital-channel,0
CTRL-009,CTRL-009-I000136,digital-channel,0
CTRL-009,CTRL-009-I000137,operations,0
CTRL-009,CTRL-009-I000138,commercial,1
CTRL-009,CTRL-009-I000139,operations,0
CTRL-009,CTRL-009-I000140,operations,1
CTRL-009,CTRL-009-I000141,digital-channel,0
CTRL-009,CTRL-009-I000142,operations,0
CTRL-009,CTRL-009-I000143,operations,0
CTRL-009,CTRL-009-I000144,operations,0
CTRL-009,CTRL-009-I000145,commercial,0
CTRL-009,CTRL-009-I000146,commercial,0
CTRL-009,CTRL-009-I000147,digital-channel,0
CTRL-009,CTRL-009-I000148,commercial,0
CTRL-009,CTRL-009-I000149,digital-channel,0
CTRL-009,CTRL-009-I000150,operations,0
CTRL-009,CTRL-009-I000151,digital-channel,0
CTRL-009,CTRL-009-I000152,operations,0
CTRL-009,CTRL-009-I000153,commercial,1
CTRL-009,CTRL-009-I000154,digital-channel,0
CTRL-009,CTRL-009-I000155,operations,0
CTRL-009,CTRL-009-I000156,operations,0
CTRL-009,CTRL-009-I000157,operations,0
CTRL-009,CTRL-009-I000158,operations,0
CTRL-009,CTRL-009-I000159,commercial,0
CTRL-009,CTRL-009-I000160,operations,0
CTRL-009,CTRL-009-I000161,operations,1
CTRL-009,CTRL-009-I000162,operations,1
CTRL-009,CTRL-009-I000163,operations,0
CTRL-009,CTRL-009-I000164,operations,0
CTRL-009,CTRL-009-I000165,digital-channel,0
CTRL-009,CTRL-009-I000166,operations,0
CTRL-009,CTRL-009-I000167,operations,0
CTRL-009,CTRL-009-I000168,commercial,0
CTRL-009,CTRL-009-I000169,commercial,1
CTRL-009,CTRL-009-I000170,operations,0
CTRL-009,CTRL-009-I000171,digital-channel,1
CTRL-009,CTRL-009-I000172,operations,0
CTRL-009,CTRL-009-I000173,digital-channel,0
CTRL-009,CTRL-009-I000174,operations,0
CTRL-009,CTRL-009-I000175,operations,1
CTRL-009,CTRL-009-I000176,digital-channel,0
CTRL-009,CTRL-009-I000177,operations,0
CTRL-009,CTRL-009-I000178,operations,0
CTRL-009,CTRL-009-I000179,commercial,1
CTRL-009,CTRL-009-I000180,operations,0
CTRL-009,CTRL-009-I000181,digital-channel,0
CTRL-009,CTRL-009-I000182,digital-channel,1
CTRL-009,CTRL-009-I000183,commercial,0
CTRL-009,CTRL-009-I000184,digital-channel,0
CTRL-009,CTRL-009-I000185,commercial,1
CTRL-009,CTRL-009-I000186,digital-channel,0
CTRL-009,CTRL-009-I000187,digital-channel,1
CTRL-009,CTRL-009-I000188,commercial,0
CTRL-009,CTRL-009-I000189,operations,0
CTRL-009,CTRL-009-I000190,digital-channel,0
CTRL-009,CTRL-009-I000191,digital-channel,0
CTRL-009,CTRL-009-I000192,operations,1
CTRL-009,CTRL-009-I000193,digital-channel,1
CTRL-009,CTRL-009-I000194,digital-channel,0
CTRL-009,CTRL-009-I000195,digital-channel,0
CTRL-009,CTRL-009-I000196,digital-channel,0
CTRL-009,CTRL-009-I000197,commercial,0
CTRL-009,CTRL-009-I000198,commercial,0
CTRL-009,CTRL-009-I000199,operations,0
CTRL-009,CTRL-009-I000200,commercial,0
CTRL-009,CTRL-009-I000201,digital-channel,0
CTRL-009,CTRL-009-I000202,commercial,0
CTRL-009,CTRL-009-I000203,digital-channel,0
CTRL-009,CTRL-009-I000204,operations,0
CTRL-009,CTRL-009-I000205,commercial,0
CTRL-009,CTRL-009-I000206,commercial,0
CTRL-009,CTRL-009-I000207,operations,1
CTRL-009,CTRL-009-I000208,digital-channel,0
CTRL-009,CTRL-009-I000209,operations,1
CTRL-009,CTRL-009-I000210,digital-channel,0
CTRL-009,CTRL-009-I000211,operations,0
CTRL-009,CTRL-009-I000212,operations,0
CTRL-009,CTRL-009-I000213,digital-channel,0
CTRL-009,CTRL-009-I000214,commercial,0
CTRL-009,CTRL-009-I000215,operations,0
CTRL-009,CTRL-009-I000216,digital-channel,1
CTRL-009,CTRL-009-I000217,operations,1
CTRL-009,CTRL-009-I000218,commercial,1
CTRL-009,CTRL-009-I000219,operations,0
CTRL-009,CTRL-009-I000220,digital-channel,1
CTRL-009,CTRL-009-I000221,digital-channel,0
CTRL-009,CTRL-009-I000222,digital-channel,0
CTRL-009,CTRL-009-I000223,operations,0
CTRL-009,CTRL-009-I000224,commercial,1
CTRL-009,CTRL-009-I000225,digital-channel,0
CTRL-009,CTRL-009-I000226,operations,1
CTRL-009,CTRL-009-I000227,operations,0
CTRL-009,CTRL-009-I000228,operations,0
CTRL-009,CTRL-009-I000229,digital-channel,0
CTRL-009,CTRL-009-I000230,commercial,1
CTRL-009,CTRL-009-I000231,commercial,0
CTRL-009,CTRL-009-I000232,operations,1
CTRL-009,CTRL-009-I000233,digital-channel,0
CTRL-009,CTRL-009-I000234,digital-channel,0
CTRL-009,CTRL-009-I000235,operations,0
CTRL-009,CTRL-009-I000236,operations,0
CTRL-009,CTRL-009-I000237,commercial,1
CTRL-009,CTRL-009-I000238,commercial,1
CTRL-009,CTRL-009-I000239,operations,0
CTRL-009,CTRL-009-I000240,operations,1
CTRL-009,CTRL-009-I000241,operations,0
CTRL-009,CTRL-009-I000242,operations,0
CTRL-009,CTRL-009-I000243,commercial,0
CTRL-009,CTRL-009-I000244,operations,1
CTRL-009,CTRL-009-I000245,commercial,0
CTRL-009,CTRL-009-I000246,digital-channel,1
CTRL-009,CTRL-009-I000247,commercial,0
CTRL-009,CTRL-009-I000248,digital-channel,1
CTRL-009,CTRL-009-I000249,digital-channel,0
CTRL-010,CTRL-010-I000000,operations,0
CTRL-010,CTRL-010-I000001,digital-channel,1
CTRL-010,CTRL-010-I000002,commercial,0
CTRL-010,CTRL-010-I000003,private-client,0
CTRL-010,CTRL-010-I000004,digital-channel,0
CTRL-010,CTRL-010-I000005,operations,0
CTRL-010,CTRL-010-I000006,operations,0
CTRL-010,CTRL-010-I000007,private-client,0
CTRL-010,CTRL-010-I000008,private-client,0
CTRL-010,CTRL-010-I000009,commercial,0
CTRL-010,CTRL-010-I000010,private-client,0
CTRL-010,CTRL-010-I000011,private-client,0
CTRL-010,CTRL-010-I000012,retail-branch,0
CTRL-010,CTRL-010-I000013,operations,0
CTRL-010,CTRL-010-I000014,private-client,0
CTRL-010,CTRL-010-I000015,retail-branch,0
CTRL-010,CTRL-010-I000016,retail-branch,0
CTRL-010,CTRL-010-I000017,digital-channel,1
CTRL-010,CTRL-010-I000018,operations,1
CTRL-010,CTRL-010-I000019,digital-channel,0
CTRL-010,CTRL-010-I000020,operations,0
CTRL-010,CTRL-010-I000021,retail-branch,0
CTRL-010,CTRL-010-I000022,digital-channel,0
CTRL-010,CTRL-010-I000023,commercial,0
CTRL-010,CTRL-010-I000024,operations,0
CTRL-010,CTRL-010-I000025,operations,1
CTRL-010,CTRL-010-I000026,private-client,0
CTRL-010,CTRL-010-I000027,operations,0
CTRL-010,CTRL-010-I000028,digital-channel,0
CTRL-010,CTRL-010-I000029,operations,0
CTRL-010,CTRL-010-I000030,private-client,0
CTRL-010,CTRL-010-I000031,retail-branch,0
CTRL-010,CTRL-010-I000032,commercial,0
CTRL-010,CTRL-010-I000033,commercial,0
CTRL-010,CTRL-010-I000034,private-client,0
CTRL-010,CTRL-010-I000035,commercial,0
CTRL-010,CTRL-010-I000036,retail-branch,0
CTRL-010,CTRL-010-I000037,private-client,0
CTRL-010,CTRL-010-I000038,retail-branch,0
CTRL-010,CTRL-010-I000039,operations,0
CTRL-010,CTRL-010-I000040,digital-channel,0
CTRL-010,CTRL-010-I000041,operations,0
CTRL-010,CTRL-010-I000042,private-client,0
CTRL-010,CTRL-010-I000043,commercial,0
CTRL-010,CTRL-010-I000044,digital-channel,0
CTRL-010,CTRL-010-I000045,digital-channel,0
CTRL-010,CTRL-010-I000046,private-client,0
CTRL-010,CTRL-010-I000047,digital-channel,0
CTRL-010,CTRL-010-I000048,operations,1
CTRL-010,CTRL-010-I000049,digital-channel,1
CTRL-010,CTRL-010-I000050,commercial,0
CTRL-010,CTRL-010-I000051,private-client,0
CTRL-010,CTRL-010-I000052,digital-channel,0
CTRL-010,CTRL-010-I000053,private-client,0
CTRL-010,CTRL-010-I000054,private-client,1
CTRL-010,CTRL-010-I000055,commercial,0
CTRL-010,CTRL-010-I000056,digital-channel,0
CTRL-010,CTRL-010-I000057,digital-channel,0
CTRL-010,CTRL-010-I000058,digital-channel,0
CTRL-010,CTRL-010-I000059,private-client,0
CTRL-010,CTRL-010-I000060,retail-branch,0
CTRL-010,CTRL-010-I000061,private-client,0
CTRL-010,CTRL-010-I000062,private-client,0
CTRL-010,CTRL-010-I000063,operations,0
CTRL-010,CTRL-010-I000064,private-client,0
CTRL-010,CTRL-010-I000065,retail-branch,0
CTRL-010,CTRL-010-I000066,operations,0
CTRL-010,CTRL-010-I000067,digital-channel,0
CTRL-010,CTRL-010-I000068,private-client,0
CTRL-010,CTRL-010-I000069,operations,0
CTRL-010,CTRL-010-I000070,private-client,0
CTRL-010,CTRL-010-I000071,private-client,0
CTRL-010,CTRL-010-I000072,digital-channel,0
CTRL-010,CTRL-010-I000073,private-client,0
CTRL-010,CTRL-010-I000074,digital-channel,0
CTRL-010,CTRL-010-I000075,operations,0
CTRL-010,CTRL-010-I000076,digital-channel,0
CTRL-010,CTRL-010-I000077,private-client,0
CTRL-010,CTRL-010-I000078,private-client,0
CTRL-010,CTRL-010-I000079,retail-branch,0
CTRL-010,CTRL-010-I000080,digital-channel,0
CTRL-010,CTRL-010-I000081,retail-branch,0
CTRL-010,CTRL-010-I000082,digital-channel,0
CTRL-010,CTRL-010-I000083,commercial,0
CTRL-010,CTRL-010-I000084,retail-branch,0
CTRL-010,CTRL-010-I000085,private-client,0
CTRL-010,CTRL-010-I000086,private-client,0
CTRL-010,CTRL-010-I000087,operations,1
CTRL-010,CTRL-010-I000088,operations,0
CTRL-010,CTRL-010-I000089,operations,1
CTRL-010,CTRL-010-I000090,retail-branch,0
CTRL-010,CTRL-010-I000091,private-client,0
CTRL-010,CTRL-010-I000092,private-client,0
CTRL-010,CTRL-010-I000093,digital-channel,1
CTRL-010,CTRL-010-I000094,commercial,0
CTRL-010,CTRL-010-I000095,operations,0
CTRL-010,CTRL-010-I000096,operations,0
CTRL-010,CTRL-010-I000097,digital-channel,1
CTRL-010,CTRL-010-I000098,operations,0
CTRL-010,CTRL-010-I000099,retail-branch,0
CTRL-010,CTRL-010-I000100,digital-channel,0
CTRL-010,CTRL-010-I000101,digital-channel,0
CTRL-010,CTRL-010-I000102,commercial,0
CTRL-010,CTRL-010-I000103,private-client,0
CTRL-010,CTRL-010-I000104,private-client,0
CTRL-010,CTRL-010-I000105,retail-branch,0
CTRL-010,CTRL-010-I000106,operations,0
CTRL-010,CTRL-010-I000107,commercial,0
CTRL-010,CTRL-010-I000108,operations,1
CTRL-010,CTRL-010-I000109,operations,0
CTRL-010,CTRL-010-I000110,digital-channel,0
CTRL-010,CTRL-010-I000111,retail-branch,0
CTRL-010,CTRL-010-I000112,private-client,0
CTRL-010,CTRL-010-I000113,operations,1
CTRL-010,CTRL-010-I000114,private-client,0
CTRL-010,CTRL-010-I000115,commercial,0
CTRL-010,CTRL-010-I000116,retail-branch,1
CTRL-010,CTRL-010-I000117,private-client,0
CTRL-010,CTRL-010-I000118,retail-branch,0
CTRL-010,CTRL-010-I000119,private-client,0
CTRL-010,CTRL-010-I000120,commercial,0
CTRL-010,CTRL-010-I000121,private-client,1
CTRL-010,CTRL-010-I000122,operations,0
CTRL-010,CTRL-010-I000123,private-client,0
CTRL-010,CTRL-010-I000124,operations,0
CTRL-010,CTRL-010-I000125,commercial,0
CTRL-010,CTRL-010-I000126,retail-branch,0
CTRL-010,CTRL-010-I000127,private-client,0
CTRL-010,CTRL-010-I000128,operations,1
CTRL-010,CTRL-010-I000129,commercial,0
CTRL-010,CTRL-010-I000130,operations,0
CTRL-010,CTRL-010-I000131,commercial,0
CTRL-010,CTRL-010-I000132,operations,0
CTRL-010,CTRL-010-I000133,private-client,0
CTRL-010,CTRL-010-I000134,digital-channel,0
CTRL-010,CTRL-010-I000135,operations,0
CTRL-010,CTRL-010-I000136,digital-channel,0
CTRL-010,CTRL-010-I000137,retail-branch,0
CTRL-010,CTRL-010-I000138,digital-channel,0
CTRL-010,CTRL-010-I000139,digital-channel,0
CTRL-010,CTRL-010-I000140,digital-channel,0
CTRL-010,CTRL-010-I000141,digital-channel,1
CTRL-010,CTRL-010-I000142,operations,0
CTRL-010,CTRL-010-I000143,commercial,0
CTRL-010,CTRL-010-I000144,commercial,0
CTRL-010,CTRL-010-I000145,digital-channel,0
CTRL-010,CTRL-010-I000146,commercial,0
CTRL-010,CTRL-010-I000147,private-client,0
CTRL-010,CTRL-010-I000148,operations,0
CTRL-010,CTRL-010-I000149,digital-channel,0
CTRL-010,CTRL-010-I000150,digital-channel,0
CTRL-010,CTRL-010-I000151,digital-channel,0
CTRL-010,CTRL-010-I000152,commercial,0
CTRL-010,CTRL-010-I000153,private-client,0
CTRL-010,CTRL-010-I000154,digital-channel,0
CTRL-010,CTRL-010-I000155,digital-channel,0
CTRL-010,CTRL-010-I000156,commercial,0
CTRL-010,CTRL-010-I000157,private-client,0
CTRL-010,CTRL-010-I000158,digital-channel,0
CTRL-010,CTRL-010-I000159,operations,0
CTRL-010,CTRL-010-I000160,commercial,0
CTRL-010,CTRL-010-I000161,operations,0
CTRL-010,CTRL-010-I000162,private-client,0
CTRL-010,CTRL-010-I000163,commercial,0
CTRL-010,CTRL-010-I000164,commercial,0
CTRL-010,CTRL-010-I000165,operations,0
CTRL-010,CTRL-010-I000166,digital-channel,0
CTRL-010,CTRL-010-I000167,operations,0
CTRL-010,CTRL-010-I000168,operations,1
CTRL-010,CTRL-010-I000169,private-client,0
CTRL-010,CTRL-010-I000170,private-client,0
CTRL-010,CTRL-010-I000171,private-client,0
CTRL-010,CTRL-010-I000172,digital-channel,0
CTRL-010,CTRL-010-I000173,private-client,0
CTRL-010,CTRL-010-I000174,private-client,1
CTRL-010,CTRL-010-I000175,private-client,0
CTRL-010,CTRL-010-I000176,operations,0
CTRL-010,CTRL-010-I000177,retail-branch,0
CTRL-010,CTRL-010-I000178,private-client,0
CTRL-010,CTRL-010-I000179,operations,0
CTRL-010,CTRL-010-I000180,commercial,0
CTRL-010,CTRL-010-I000181,private-client,0
CTRL-010,CTRL-010-I000182,retail-branch,0
CTRL-010,CTRL-010-I000183,operations,0
CTRL-010,CTRL-010-I000184,operations,0
CTRL-010,CTRL-010-I000185,private-client,0
CTRL-010,CTRL-010-I000186,private-client,0
CTRL-010,CTRL-010-I000187,operations,0
CTRL-010,CTRL-010-I000188,digital-channel,0
CTRL-010,CTRL-010-I000189,digital-channel,0
CTRL-010,CTRL-010-I000190,retail-branch,0
CTRL-010,CTRL-010-I000191,private-client,0
CTRL-010,CTRL-010-I000192,retail-branch,0
CTRL-010,CTRL-010-I000193,operations,0
CTRL-010,CTRL-010-I000194,private-client,0
CTRL-010,CTRL-010-I000195,private-client,0
CTRL-010,CTRL-010-I000196,private-client,0
CTRL-010,CTRL-010-I000197,retail-branch,1
CTRL-010,CTRL-010-I000198,operations,0
CTRL-010,CTRL-010-I000199,commercial,0
CTRL-010,CTRL-010-I000200,operations,0
CTRL-010,CTRL-010-I000201,digital-channel,0
CTRL-010,CTRL-010-I000202,operations,0
CTRL-010,CTRL-010-I000203,digital-channel,0
CTRL-010,CTRL-010-I000204,private-client,1
CTRL-010,CTRL-010-I000205,operations,0
CTRL-010,CTRL-010-I000206,commercial,0
CTRL-010,CTRL-010-I000207,commercial,0
CTRL-010,CTRL-010-I000208,private-client,0
CTRL-010,CTRL-010-I000209,private-client,0
CTRL-010,CTRL-010-I000210,digital-channel,0
CTRL-010,CTRL-010-I000211,private-client,0
CTRL-010,CTRL-010-I000212,private-client,0
CTRL-010,CTRL-010-I000213,operations,0
CTRL-010,CTRL-010-I000214,operations,0
CTRL-010,CTRL-010-I000215,operations,0
CTRL-010,CTRL-010-I000216,private-client,0
CTRL-010,CTRL-010-I000217,operations,0
CTRL-010,CTRL-010-I000218,retail-branch,0
CTRL-010,CTRL-010-I000219,operations,0
CTRL-010,CTRL-010-I000220,digital-channel,0
CTRL-010,CTRL-010-I000221,private-client,0
CTRL-010,CTRL-010-I000222,operations,0
CTRL-010,CTRL-010-I000223,private-client,0
CTRL-010,CTRL-010-I000224,operations,0
CTRL-010,CTRL-010-I000225,private-client,0
CTRL-010,CTRL-010-I000226,operations,0
CTRL-010,CTRL-010-I000227,digital-channel,0
CTRL-010,CTRL-010-I000228,private-client,0
CTRL-010,CTRL-010-I000229,commercial,0
CTRL-010,CTRL-010-I000230,retail-branch,0
CTRL-010,CTRL-010-I000231,operations,0
CTRL-010,CTRL-010-I000232,operations,1
CTRL-010,CTRL-010-I000233,operations,0
CTRL-010,CTRL-010-I000234,operations,0
CTRL-010,CTRL-010-I000235,operations,0
CTRL-010,CTRL-010-I000236,private-client,1
CTRL-010,CTRL-010-I000237,digital-channel,0
CTRL-010,CTRL-010-I000238,retail-branch,0
CTRL-010,CTRL-010-I000239,commercial,0
CTRL-010,CTRL-010-I000240,commercial,0
CTRL-010,CTRL-010-I000241,private-client,0
CTRL-010,CTRL-010-I000242,private-client,0
CTRL-010,CTRL-010-I000243,operations,0
CTRL-010,CTRL-010-I000244,operations,0
CTRL-010,CTRL-010-I000245,private-client,0
CTRL-010,CTRL-010-I000246,commercial,0
CTRL-010,CTRL-010-I000247,private-client,0
CTRL-010,CTRL-010-I000248,retail-branch,0
CTRL-010,CTRL-010-I000249,retail-branch,0
CTRL-011,CTRL-011-I000000,private-client,0
CTRL-011,CTRL-011-I000001,commercial,1
CTRL-011,CTRL-011-I000002,private-client,0
CTRL-011,CTRL-011-I000003,retail-branch,0
CTRL-011,CTRL-011-I000004,private-client,1
CTRL-011,CTRL-011-I000005,private-client,0
CTRL-011,CTRL-011-I000006,retail-branch,0
CTRL-011,CTRL-011-I000007,private-client,0
CTRL-011,CTRL-011-I000008,private-client,0
CTRL-011,CTRL-011-I000009,retail-branch,0
CTRL-011,CTRL-011-I000010,retail-branch,0
CTRL-011,CTRL-011-I000011,retail-branch,0
CTRL-011,CTRL-011-I000012,private-client,0
CTRL-011,CTRL-011-I000013,commercial,1
CTRL-011,CTRL-011-I000014,retail-branch,0
CTRL-011,CTRL-011-I000015,retail-branch,0
CTRL-011,CTRL-011-I000016,private-client,0
CTRL-011,CTRL-011-I000017,private-client,0
CTRL-011,CTRL-011-I000018,retail-branch,1
CTRL-011,CTRL-011-I000019,private-client,0
CTRL-011,CTRL-011-I000020,private-client,0
CTRL-011,CTRL-011-I000021,private-client,0
CTRL-011,CTRL-011-I000022,private-client,0
CTRL-011,CTRL-011-I000023,retail-branch,0
CTRL-011,CTRL-011-I000024,commercial,1
CTRL-011,CTRL-011-I000025,private-client,0
CTRL-011,CTRL-011-I000026,retail-branch,0
CTRL-011,CTRL-011-I000027,commercial,1
CTRL-011,CTRL-011-I000028,private-client,0
CTRL-011,CTRL-011-I000029,retail-branch,0
CTRL-011,CTRL-011-I000030,private-client,0
CTRL-011,CTRL-011-I000031,commercial,1
CTRL-011,CTRL-011-I000032,commercial,1
CTRL-011,CTRL-011-I000033,private-client,0
CTRL-011,CTRL-011-I000034,commercial,1
CTRL-011,CTRL-011-I000035,private-client,0
CTRL-011,CTRL-011-I000036,retail-branch,0
CTRL-011,CTRL-011-I000037,private-client,0
CTRL-011,CTRL-011-I000038,private-client,0
CTRL-011,CTRL-011-I000039,commercial,1
CTRL-011,CTRL-011-I000040,private-client,0
CTRL-011,CTRL-011-I000041,private-client,0
CTRL-011,CTRL-011-I000042,commercial,1
CTRL-011,CTRL-011-I000043,commercial,1
CTRL-011,CTRL-011-I000044,private-client,0
CTRL-011,CTRL-011-I000045,private-client,0
CTRL-011,CTRL-011-I000046,private-client,0
CTRL-011,CTRL-011-I000047,commercial,1
CTRL-011,CTRL-011-I000048,private-client,0
CTRL-011,CTRL-011-I000049,commercial,1
CTRL-011,CTRL-011-I000050,private-client,0
CTRL-011,CTRL-011-I000051,retail-branch,0
CTRL-011,CTRL-011-I000052,private-client,0
CTRL-011,CTRL-011-I000053,retail-branch,0
CTRL-011,CTRL-011-I000054,commercial,1
CTRL-011,CTRL-011-I000055,commercial,1
CTRL-011,CTRL-011-I000056,retail-branch,0
CTRL-011,CTRL-011-I000057,commercial,1
CTRL-011,CTRL-011-I000058,commercial,1
CTRL-011,CTRL-011-I000059,retail-branch,0
CTRL-011,CTRL-011-I000060,private-client,0
CTRL-011,CTRL-011-I000061,private-client,0
CTRL-011,CTRL-011-I000062,private-client,0
CTRL-011,CTRL-011-I000063,retail-branch,0
CTRL-011,CTRL-011-I000064,commercial,1
CTRL-011,CTRL-011-I000065,private-client,0
CTRL-011,CTRL-011-I000066,retail-branch,0
CTRL-011,CTRL-011-I000067,commercial,1
CTRL-011,CTRL-011-I000068,commercial,1
CTRL-011,CTRL-011-I000069,private-client,0
CTRL-011,CTRL-011-I000070,private-client,0
CTRL-011,CTRL-011-I000071,retail-branch,0
CTRL-011,CTRL-011-I000072,commercial,1
CTRL-011,CTRL-011-I000073,private-client,0
CTRL-011,CTRL-011-I000074,commercial,1
CTRL-011,CTRL-011-I000075,commercial,1
CTRL-011,CTRL-011-I000076,commercial,1
CTRL-011,CTRL-011-I000077,commercial,1
CTRL-011,CTRL-011-I000078,retail-branch,0
CTRL-011,CTRL-011-I000079,private-client,0
CTRL-011,CTRL-011-I000080,commercial,1
CTRL-011,CTRL-011-I000081,private-client,0
CTRL-011,CTRL-011-I000082,retail-branch,0
CTRL-011,CTRL-011-I000083,commercial,1
CTRL-011,CTRL-011-I000084,private-client,0
CTRL-011,CTRL-011-I000085,retail-branch,0
CTRL-011,CTRL-011-I000086,commercial,1
CTRL-011,CTRL-011-I000087,retail-branch,0
CTRL-011,CTRL-011-I000088,private-client,0
CTRL-011,CTRL-011-I000089,retail-branch,0
CTRL-011,CTRL-011-I000090,retail-branch,0
CTRL-011,CTRL-011-I000091,private-client,0
CTRL-011,CTRL-011-I000092,commercial,1
CTRL-011,CTRL-011-I000093,retail-branch,0
CTRL-011,CTRL-011-I000094,private-client,0
CTRL-011,CTRL-011-I000095,commercial,1
CTRL-011,CTRL-011-I000096,retail-branch,0
CTRL-011,CTRL-011-I000097,retail-branch,0
CTRL-011,CTRL-011-I000098,retail-branch,0
CTRL-011,CTRL-011-I000099,private-client,0
CTRL-011,CTRL-011-I000100,commercial,1
CTRL-011,CTRL-011-I000101,commercial,1
CTRL-011,CTRL-011-I000102,commercial,1
CTRL-011,CTRL-011-I000103,private-client,0
CTRL-011,CTRL-011-I000104,private-client,0
CTRL-011,CTRL-011-I000105,private-client,0
CTRL-011,CTRL-011-I000106,private-client,0
CTRL-011,CTRL-011-I000107,retail-branch,0
CTRL-011,CTRL-011-I000108,commercial,1
CTRL-011,CTRL-011-I000109,commercial,1
CTRL-011,CTRL-011-I000110,retail-branch,0
CTRL-011,CTRL-011-I000111,private-client,0
CTRL-011,CTRL-011-I000112,retail-branch,0
CTRL-011,CTRL-011-I000113,commercial,1
CTRL-011,CTRL-011-I000114,private-client,0
CTRL-011,CTRL-011-I000115,commercial,1
CTRL-011,CTRL-011-I000116,commercial,1
CTRL-011,CTRL-011-I000117,commercial,1
CTRL-011,CTRL-011-I000118,private-client,0
CTRL-011,CTRL-011-I000119,retail-branch,0
CTRL-011,CTRL-011-I000120,private-client,0
CTRL-011,CTRL-011-I000121,retail-branch,0
CTRL-011,CTRL-011-I000122,retail-branch,0
CTRL-011,CTRL-011-I000123,private-client,0
CTRL-011,CTRL-011-I000124,commercial,1
CTRL-011,CTRL-011-I000125,private-client,0
CTRL-011,CTRL-011-I000126,private-client,0
CTRL-011,CTRL-011-I000127,private-client,0
CTRL-011,CTRL-011-I000128,retail-branch,0
CTRL-011,CTRL-011-I000129,private-client,0
CTRL-011,CTRL-011-I000130,commercial,1
CTRL-011,CTRL-011-I000131,commercial,1
CTRL-011,CTRL-011-I000132,private-client,0
CTRL-011,CTRL-011-I000133,retail-branch,0
CTRL-011,CTRL-011-I000134,private-client,0
CTRL-011,CTRL-011-I000135,retail-branch,0
CTRL-011,CTRL-011-I000136,private-client,0
CTRL-011,CTRL-011-I000137,commercial,1
CTRL-011,CTRL-011-I000138,commercial,1
CTRL-011,CTRL-011-I000139,commercial,1
CTRL-011,CTRL-011-I000140,private-client,0
CTRL-011,CTRL-011-I000141,commercial,1
CTRL-011,CTRL-011-I000142,private-client,0
CTRL-011,CTRL-011-I000143,retail-branch,0
CTRL-011,CTRL-011-I000144,private-client,0
CTRL-011,CTRL-011-I000145,commercial,1
CTRL-011,CTRL-011-I000146,retail-branch,0
CTRL-011,CTRL-011-I000147,private-client,0
CTRL-011,CTRL-011-I000148,commercial,1
CTRL-011,CTRL-011-I000149,commercial,1
CTRL-011,CTRL-011-I000150,retail-branch,0
CTRL-011,CTRL-011-I000151,private-client,0
CTRL-011,CTRL-011-I000152,retail-branch,0
CTRL-011,CTRL-011-I000153,private-client,0
CTRL-011,CTRL-011-I000154,commercial,1
CTRL-011,CTRL-011-I000155,private-client,0
CTRL-011,CTRL-011-I000156,commercial,1
CTRL-011,CTRL-011-I000157,private-client,0
CTRL-011,CTRL-011-I000158,commercial,1
CTRL-011,CTRL-011-I000159,private-client,0
CTRL-011,CTRL-011-I000160,commercial,1
CTRL-011,CTRL-011-I000161,retail-branch,0
CTRL-011,CTRL-011-I000162,private-client,0
CTRL-011,CTRL-011-I000163,commercial,1
CTRL-011,CTRL-011-I000164,private-client,0
CTRL-011,CTRL-011-I000165,retail-branch,0
CTRL-011,CTRL-011-I000166,commercial,1
CTRL-011,CTRL-011-I000167,retail-branch,0
CTRL-011,CTRL-011-I000168,private-client,0
CTRL-011,CTRL-011-I000169,commercial,1
CTRL-011,CTRL-011-I000170,retail-branch,0
CTRL-011,CTRL-011-I000171,private-client,0
CTRL-011,CTRL-011-I000172,private-client,0
CTRL-011,CTRL-011-I000173,commercial,1
CTRL-011,CTRL-011-I000174,commercial,1
CTRL-011,CTRL-011-I000175,private-client,0
CTRL-011,CTRL-011-I000176,commercial,1
CTRL-011,CTRL-011-I000177,retail-branch,0
CTRL-011,CTRL-011-I000178,commercial,1
CTRL-011,CTRL-011-I000179,commercial,1
CTRL-011,CTRL-011-I000180,private-client,0
CTRL-011,CTRL-011-I000181,retail-branch,0
CTRL-011,CTRL-011-I000182,private-client,0
CTRL-011,CTRL-011-I000183,commercial,1
CTRL-011,CTRL-011-I000184,private-client,0
CTRL-011,CTRL-011-I000185,private-client,0
CTRL-011,CTRL-011-I000186,retail-branch,0
CTRL-011,CTRL-011-I000187,commercial,1
CTRL-011,CTRL-011-I000188,retail-branch,0
CTRL-011,CTRL-011-I000189,private-client,0
CTRL-011,CTRL-011-I000190,private-client,0
CTRL-011,CTRL-011-I000191,commercial,1
CTRL-011,CTRL-011-I000192,private-client,1
CTRL-011,CTRL-011-I000193,private-client,0
CTRL-011,CTRL-011-I000194,retail-branch,0
CTRL-011,CTRL-011-I000195,commercial,1
CTRL-011,CTRL-011-I000196,commercial,1
CTRL-011,CTRL-011-I000197,private-client,0
CTRL-011,CTRL-011-I000198,commercial,1
CTRL-011,CTRL-011-I000199,commercial,1
CTRL-011,CTRL-011-I000200,retail-branch,0
CTRL-011,CTRL-011-I000201,private-client,0
CTRL-011,CTRL-011-I000202,commercial,1
CTRL-011,CTRL-011-I000203,private-client,0
CTRL-011,CTRL-011-I000204,retail-branch,0
CTRL-011,CTRL-011-I000205,private-client,0
CTRL-011,CTRL-011-I000206,retail-branch,0
CTRL-011,CTRL-011-I000207,private-client,0
CTRL-011,CTRL-011-I000208,private-client,0
CTRL-011,CTRL-011-I000209,commercial,1
CTRL-011,CTRL-011-I000210,retail-branch,0
CTRL-011,CTRL-011-I000211,retail-branch,1
CTRL-011,CTRL-011-I000212,commercial,1
CTRL-011,CTRL-011-I000213,retail-branch,0
CTRL-011,CTRL-011-I000214,private-client,0
CTRL-011,CTRL-011-I000215,retail-branch,0
CTRL-011,CTRL-011-I000216,private-client,0
CTRL-011,CTRL-011-I000217,retail-branch,0
CTRL-011,CTRL-011-I000218,commercial,1
CTRL-011,CTRL-011-I000219,private-client,0
CTRL-011,CTRL-011-I000220,private-client,0
CTRL-011,CTRL-011-I000221,commercial,1
CTRL-011,CTRL-011-I000222,commercial,1
CTRL-011,CTRL-011-I000223,private-client,0
CTRL-011,CTRL-011-I000224,retail-branch,0
CTRL-011,CTRL-011-I000225,private-client,0
CTRL-011,CTRL-011-I000226,commercial,1
CTRL-011,CTRL-011-I000227,private-client,0
CTRL-011,CTRL-011-I000228,commercial,1
CTRL-011,CTRL-011-I000229,retail-branch,0
CTRL-011,CTRL-011-I000230,commercial,1
CTRL-011,CTRL-011-I000231,private-client,0
CTRL-011,CTRL-011-I000232,retail-branch,0
CTRL-011,CTRL-011-I000233,commercial,1
CTRL-011,CTRL-011-I000234,private-client,0
CTRL-011,CTRL-011-I000235,private-client,0
CTRL-011,CTRL-011-I000236,retail-branch,0
CTRL-011,CTRL-011-I000237,retail-branch,0
CTRL-011,CTRL-011-I000238,private-client,0
CTRL-011,CTRL-011-I000239,commercial,1
CTRL-011,CTRL-011-I000240,private-client,0
CTRL-011,CTRL-011-I000241,commercial,1
CTRL-011,CTRL-011-I000242,private-client,0
CTRL-011,CTRL-011-I000243,retail-branch,0
CTRL-011,CTRL-011-I000244,commercial,1
CTRL-011,CTRL-011-I000245,commercial,1
CTRL-011,CTRL-011-I000246,private-client,0
CTRL-011,CTRL-011-I000247,commercial,1
CTRL-011,CTRL-011-I000248,private-client,0
CTRL-011,CTRL-011-I000249,commercial,1
